<list>
  <com.dotmarketing.portlets.templates.model.Template>
    <iDate class="sql-timestamp">2017-03-03 22:23:48.768</iDate>
    <type>template</type>
    <inode>253cbd75-f776-42f3-bacc-3a31589e29f9</inode>
    <identifier>71bf1747-56b9-41ca-a3fa-1fc7b8471dba</identifier>
    <title>Quest - Homepage</title>
    <friendlyName>Quest - Default homepage template</friendlyName>
    <modDate class="sql-timestamp">2017-03-03 22:23:48.781</modDate>
    <modUser>dotcms.org.1</modUser>
    <sortOrder>0</sortOrder>
    <showOnMenu>false</showOnMenu>
    <body>&lt;!DOCTYPE html&gt;&#xd;
&lt;html lang=&quot;en&quot;&gt;&#xd;
&lt;!--[if lt IE 7]&gt;      &lt;html class=&quot;no-js lt-ie9 lt-ie8 lt-ie7&quot;&gt; &lt;![endif]--&gt;&#xd;
&lt;!--[if IE 7]&gt;         &lt;html class=&quot;no-js lt-ie9 lt-ie8&quot;&gt; &lt;![endif]--&gt;&#xd;
&lt;!--[if IE 8]&gt;         &lt;html class=&quot;no-js lt-ie9&quot;&gt; &lt;![endif]--&gt;&#xd;
&lt;!--[if gt IE 8]&gt;&lt;!--&gt; &lt;html class=&quot;no-js&quot;&gt; &lt;!--&lt;![endif]--&gt;&#xd;
  &#xd;
#set($dotTheme = $contents.getEmptyMap())&#xd;
#set($blah1 = $dotTheme.put(&quot;path&quot;, &quot;/application/themes/quest/&quot;))&#xd;
  &#xd;
#set($dotThemeLayout = $contents.getEmptyMap())&#xd;
#set($blah2 = $dotThemeLayout.put(&quot;title&quot;, &quot;Quest Homepage&quot;))&#xd;
&#xd;
&lt;head&gt;  &#xd;
    #dotParse(&quot;${dotTheme.path}html_head.vtl&quot;)&#xd;
&lt;/head&gt;&#xd;
#set($utilClass = $pageTitle.toLowerCase().replace(&apos; &apos;, &apos;-&apos;))&#xd;
&#xd;
&lt;body class=&quot;home-page $utilClass&quot;&gt;&#xd;
&#xd;
    #dotParse(&quot;${dotTheme.path}header.vtl&quot;)&#xd;
    &#xd;
    &lt;div class=&quot;content-wrap&quot;&gt;&#xd;
        #if($EDIT_MODE) &lt;div class=&quot;container&quot; style=&quot;margin-top:150px;&quot;&gt; #end&#xd;
            ## This is autogenerated code that cannot be changed&#xd;
            ## Container: Large Column (lg-1)&#xd;
            ## This is autogenerated code that cannot be changed&#xd;
            #parseContainer(&apos;56bd55ea-b04b-480d-9e37-5d6f9217dcc3&apos;)&#xd;
        #if($EDIT_MODE) &lt;/div&gt; #end&#xd;
    &#xd;
        &lt;div class=&quot;container&quot;&gt;&#xd;
            &lt;div class=&quot;row row-lined&quot;&gt;&#xd;
                &lt;div class=&quot;col-sm-12&quot;&gt;&#xd;
                    ## Container: Promotions (Homepage)&#xd;
                    ## This is autogenerated code that cannot be changed&#xd;
                    #parseContainer(&apos;3f0255e8-b45d-46ea-8bb7-eb6597db4c1e&apos;)&#xd;
                &lt;/div&gt; &#xd;
            &lt;/div&gt;&#xd;
&#xd;
            &lt;div class=&quot;row&quot;&gt;&#xd;
                &lt;div class=&quot;col-sm-12 col-md-8&quot;&gt;&#xd;
                    ## Container: Medium Column (md-2)&#xd;
                    ## This is autogenerated code that cannot be changed&#xd;
                    #parseContainer(&apos;bf26b7b2-7a97-4bb6-9887-834ea03341db&apos;)&#xd;
                &lt;/div&gt;&#xd;
                &lt;div class=&quot;col-sm-12 col-md-4&quot;&gt;&#xd;
                    ## Container: Medium Column (md-3)&#xd;
                    ## This is autogenerated code that cannot be changed&#xd;
                    #parseContainer(&apos;d5f5f4ee-067e-4d72-addd-afd80989f684&apos;)&#xd;
                &lt;/div&gt;&#xd;
            &lt;/div&gt;&#xd;
        &lt;/div&gt;&#xd;
    &lt;/div&gt;&#xd;
&#xd;
    #dotParse(&quot;${dotTheme.path}footer.vtl&quot;)&#xd;
    &lt;a href=&quot;http://www.dotcms.com&quot; style=&quot;display:block;position:fixed;bottom:-175px;&quot;&gt;Powered by Dotcms - The Leading Open Source Java Content Management System&lt;/a&gt;&#xd;
&lt;/body&gt;&#xd;
&lt;/html&gt;</body>
    <image>025e9295-771f-45ea-8c7e-32fff14d047d</image>
    <drawed>false</drawed>
    <countAddContainer>0</countAddContainer>
    <countContainers>0</countContainers>
  </com.dotmarketing.portlets.templates.model.Template>
  <com.dotmarketing.portlets.templates.model.Template>
    <iDate class="sql-timestamp">2014-10-01 00:42:03.122</iDate>
    <type>template</type>
    <inode>4f404bca-7e5d-4fc8-b503-f3247471fe85</inode>
    <identifier>b0169355-2a39-4df6-b9e1-113955256771</identifier>
    <title>Quest - 3 Column</title>
    <friendlyName>Quest - 3 Column Template ( small | large | medium)</friendlyName>
    <modDate class="sql-timestamp">2014-10-01 00:42:03.14</modDate>
    <modUser>dotcms.org.1</modUser>
    <sortOrder>0</sortOrder>
    <showOnMenu>false</showOnMenu>
    <body>&lt;html&gt;
 &lt;head&gt;
  #dotParse(&apos;//demo.dotcms.com/application/themes/quest/html_head.vtl&apos;)
  &lt;link rel=&quot;stylesheet&quot; type=&quot;text/css&quot; href=&quot;/html/css/template/reset-fonts-grids.css&quot; /&gt;
 &lt;/head&gt;
 &lt;body&gt;
  &lt;div id=&quot;resp-template&quot; name=&quot;globalContainer&quot; class=&quot;yui-t1-template&quot;&gt;
   &lt;div id=&quot;hd-template&quot;&gt;
    #dotParse(&apos;//demo.dotcms.com/application/themes/quest/header.vtl&apos;)
   &lt;/div&gt;
   &lt;div id=&quot;bd-template&quot;&gt;
    &lt;div id=&quot;yui-main-template&quot;&gt;
     &lt;div class=&quot;yui-b-template&quot; id=&quot;splitBody0&quot;&gt;
      &lt;div class=&quot;yui-gc-template&quot; id=&quot;yui-gc-template&quot;&gt;
       &lt;div class=&quot;yui-u-template first&quot; id=&quot;0_yui-u-grid-1&quot;&gt;
        #parseContainer(&apos;56bd55ea-b04b-480d-9e37-5d6f9217dcc3&apos;)
       &lt;/div&gt;
       &lt;div class=&quot;yui-u-template&quot; id=&quot;0_yui-u-grid-2&quot;&gt;
        #parseContainer(&apos;5363c6c6-5ba0-4946-b7af-cf875188ac2e&apos;)
       &lt;/div&gt;
      &lt;/div&gt;
     &lt;/div&gt;
    &lt;/div&gt;
    &lt;div class=&quot;yui-b-template&quot; id=&quot;yui-b2&quot; style=&quot;height: 70%;&quot;&gt;
     #parseContainer(&apos;fc193c82-8c32-4abe-ba8a-49522328c93e&apos;)
    &lt;/div&gt;
   &lt;/div&gt;
   &lt;div id=&quot;ft-template&quot;&gt;
    #dotParse(&apos;//demo.dotcms.com/application/themes/quest/footer.vtl&apos;)
   &lt;/div&gt;
  &lt;/div&gt;
 &lt;/body&gt;
&lt;/html&gt;</body>
    <image>2eb710e1-8d61-47c7-8355-1c56fe13b607</image>
    <drawed>true</drawed>
    <drawedBody>&lt;div id=&quot;resp-template&quot; name=&quot;globalContainer&quot; class=&quot;yui-t1-template&quot;&gt;&lt;div id=&quot;hd-template&quot;&gt;&lt;h1&gt;Header&lt;/h1&gt;&lt;/div&gt;&lt;div id=&quot;bd-template&quot;&gt;&lt;div id=&quot;yui-main-template&quot;&gt;&lt;div class=&quot;yui-b-template&quot; id=&quot;splitBody0&quot;&gt;&lt;div class=&quot;yui-gc-template&quot; id=&quot;yui-gc-template&quot;&gt;&lt;div class=&quot;yui-u-template first&quot; id=&quot;0_yui-u-grid-1&quot;&gt;&lt;div class=&quot;addContainerSpan&quot;&gt;&lt;a href=&quot;javascript: showAddContainerDialog(&apos;0_yui-u-grid-1&apos;);&quot; title=&quot;Add Container&quot;&gt;&lt;span class=&quot;plusBlueIcon&quot;&gt;&lt;/span&gt;Add Container&lt;/a&gt;&lt;/div&gt;&lt;span class=&quot;titleContainerSpan&quot; id=&quot;0_yui-u-grid-1_span_56bd55ea-b04b-480d-9e37-5d6f9217dcc3&quot; title=&quot;container_56bd55ea-b04b-480d-9e37-5d6f9217dcc3&quot;&gt;&lt;div class=&quot;removeDiv&quot;&gt;&lt;a href=&quot;javascript: removeDrawedContainer(&apos;0_yui-u-grid-1&apos;,&apos;56bd55ea-b04b-480d-9e37-5d6f9217dcc3&apos;);&quot; title=&quot;Remove Container&quot;&gt;&lt;span class=&quot;minusIcon&quot;&gt;&lt;/span&gt;Remove Container&lt;/a&gt;&lt;/div&gt;&lt;div class=&quot;clear&quot;&gt;&lt;/div&gt;&lt;h2&gt;Container: Large Column (lg-1)&lt;/h2&gt;&lt;p&gt;Lorem ipsum dolor sit amet, consectetur adipisicing elit, sed do eiusmod tempor incididunt ut labore et dolore magna aliqua. Ut enim ad minim veniam, quis nostrud exercitation ullamco laboris nisi ut aliquip ex ea commodo consequat.&lt;/p&gt;&lt;/span&gt;&lt;div style=&quot;display: none;&quot; title=&quot;container_56bd55ea-b04b-480d-9e37-5d6f9217dcc3&quot; id=&quot;0_yui-u-grid-1_div_56bd55ea-b04b-480d-9e37-5d6f9217dcc3&quot;&gt;#parseContainer(&apos;56bd55ea-b04b-480d-9e37-5d6f9217dcc3&apos;)&#xd;
&lt;/div&gt;&lt;/div&gt;&lt;div class=&quot;yui-u-template&quot; id=&quot;0_yui-u-grid-2&quot;&gt;&lt;div class=&quot;addContainerSpan&quot;&gt;&lt;a href=&quot;javascript: showAddContainerDialog(&apos;0_yui-u-grid-2&apos;);&quot; title=&quot;Add Container&quot;&gt;&lt;span class=&quot;plusBlueIcon&quot;&gt;&lt;/span&gt;Add Container&lt;/a&gt;&lt;/div&gt;&lt;span title=&quot;container_5363c6c6-5ba0-4946-b7af-cf875188ac2e&quot; id=&quot;0_yui-u-grid-2_span_5363c6c6-5ba0-4946-b7af-cf875188ac2e&quot; class=&quot;titleContainerSpan&quot;&gt;&lt;div class=&quot;removeDiv&quot;&gt;&lt;a href=&quot;javascript: removeDrawedContainer(&apos;0_yui-u-grid-2&apos;,&apos;5363c6c6-5ba0-4946-b7af-cf875188ac2e&apos;);&quot; title=&quot;Remove Container&quot;&gt;&lt;span class=&quot;minusIcon&quot;&gt;&lt;/span&gt;Remove Container&lt;/a&gt;&lt;/div&gt;&lt;div class=&quot;clear&quot;&gt;&lt;/div&gt;&lt;h2&gt;Container: Medium Column (md-1)&lt;/h2&gt;&lt;p&gt;Lorem ipsum dolor sit amet, consectetur adipisicing elit, sed do eiusmod tempor incididunt ut labore et dolore magna aliqua. Ut enim ad minim veniam, quis nostrud exercitation ullamco laboris nisi ut aliquip ex ea commodo consequat.&lt;/p&gt;&lt;/span&gt;&lt;div id=&quot;0_yui-u-grid-2_div_5363c6c6-5ba0-4946-b7af-cf875188ac2e&quot; title=&quot;container_5363c6c6-5ba0-4946-b7af-cf875188ac2e&quot; style=&quot;display: none;&quot;&gt;#parseContainer(&apos;5363c6c6-5ba0-4946-b7af-cf875188ac2e&apos;)&#xd;
&lt;/div&gt;&lt;/div&gt;&lt;/div&gt;&lt;/div&gt;&lt;/div&gt;&lt;div class=&quot;yui-b-template&quot; id=&quot;yui-b2&quot; style=&quot;height: 70%;&quot;&gt;&lt;div class=&quot;addContainerSpan&quot;&gt;&lt;a href=&quot;javascript: showAddContainerDialog(&apos;yui-b2&apos;);&quot; title=&quot;Add Container&quot;&gt;&lt;span class=&quot;plusBlueIcon&quot;&gt;&lt;/span&gt;Add Container&lt;/a&gt;&lt;/div&gt;&lt;span class=&quot;titleContainerSpan&quot; id=&quot;yui-b2_span_fc193c82-8c32-4abe-ba8a-49522328c93e&quot; title=&quot;container_fc193c82-8c32-4abe-ba8a-49522328c93e&quot;&gt;&lt;div class=&quot;removeDiv&quot;&gt;&lt;a href=&quot;javascript: removeDrawedContainer(&apos;yui-b2&apos;,&apos;fc193c82-8c32-4abe-ba8a-49522328c93e&apos;);&quot; title=&quot;Remove Container&quot;&gt;&lt;span class=&quot;minusIcon&quot;&gt;&lt;/span&gt;Remove Container&lt;/a&gt;&lt;/div&gt;&lt;div class=&quot;clear&quot;&gt;&lt;/div&gt;&lt;h2&gt;Container: Small Column (sm-1)&lt;/h2&gt;&lt;p&gt;Lorem ipsum dolor sit amet, consectetur adipisicing elit, sed do eiusmod tempor incididunt ut labore et dolore magna aliqua. Ut enim ad minim veniam, quis nostrud exercitation ullamco laboris nisi ut aliquip ex ea commodo consequat.&lt;/p&gt;&lt;/span&gt;&lt;div style=&quot;display: none;&quot; title=&quot;container_fc193c82-8c32-4abe-ba8a-49522328c93e&quot; id=&quot;yui-b2_div_fc193c82-8c32-4abe-ba8a-49522328c93e&quot;&gt;#parseContainer(&apos;fc193c82-8c32-4abe-ba8a-49522328c93e&apos;)&#xd;
&lt;/div&gt;&lt;/div&gt;&lt;/div&gt;&lt;div id=&quot;ft-template&quot;&gt;&lt;h1&gt;Footer&lt;/h1&gt;&lt;/div&gt;&lt;/div&gt;</drawedBody>
    <countAddContainer>3</countAddContainer>
    <countContainers>3</countContainers>
    <theme>79479e0e-87d0-4260-9c12-3f05e303adcc</theme>
  </com.dotmarketing.portlets.templates.model.Template>
  <com.dotmarketing.portlets.templates.model.Template>
    <iDate class="sql-timestamp">2016-01-25 21:53:37.991</iDate>
    <type>template</type>
    <inode>b76bc77a-59a7-45e4-9d8f-01d0f4a1567e</inode>
    <identifier>d30a0347-7473-49ab-b67d-cc7a972f4d59</identifier>
    <title>Quest - 2 Column (w/ Side Nav)</title>
    <friendlyName>Quest - 2 Column (Left Bar, w/ Nav) </friendlyName>
    <modDate class="sql-timestamp">2016-01-25 21:53:38.007</modDate>
    <modUser>dotcms.org.1</modUser>
    <sortOrder>0</sortOrder>
    <showOnMenu>false</showOnMenu>
    <body>&lt;html&gt;
 &lt;head&gt;
  #dotParse(&apos;//demo.dotcms.com/application/themes/quest/html_head.vtl&apos;)
  &lt;link rel=&quot;stylesheet&quot; type=&quot;text/css&quot; href=&quot;/html/css/template/reset-fonts-grids.css&quot; /&gt;
 &lt;/head&gt;
 &lt;body&gt;
  &lt;div id=&quot;resp-template&quot; name=&quot;globalContainer&quot; class=&quot;yui-t2-template&quot;&gt;
   &lt;div id=&quot;hd-template&quot;&gt;
    #dotParse(&apos;//demo.dotcms.com/application/themes/quest/header.vtl&apos;)
   &lt;/div&gt;
   &lt;div id=&quot;bd-template&quot;&gt;
    &lt;div id=&quot;yui-main-template&quot;&gt;
     &lt;div class=&quot;yui-b-template&quot; id=&quot;splitBody0&quot;&gt;
      #parseContainer(&apos;56bd55ea-b04b-480d-9e37-5d6f9217dcc3&apos;)
     &lt;/div&gt;
    &lt;/div&gt;
    &lt;div class=&quot;yui-b-template&quot; id=&quot;yui-b2&quot; style=&quot;height: 70%;&quot;&gt;
     #parseContainer(&apos;b590d738-8bf9-42b0-a8dd-5787a4e20962&apos;)#parseContainer(&apos;5eb11b21-6b13-4fb8-a823-1de20bba56c0&apos;)
    &lt;/div&gt;
   &lt;/div&gt;
   &lt;div id=&quot;ft-template&quot;&gt;
    #dotParse(&apos;//demo.dotcms.com/application/themes/quest/footer.vtl&apos;)
   &lt;/div&gt;
  &lt;/div&gt;
 &lt;/body&gt;
&lt;/html&gt;</body>
    <image>3d8ea863-a9b2-4dac-8cad-c2c96436bf36</image>
    <drawed>true</drawed>
    <drawedBody>&lt;div id=&quot;resp-template&quot; name=&quot;globalContainer&quot; class=&quot;yui-t2-template&quot;&gt;&lt;div id=&quot;hd-template&quot;&gt;&lt;h1&gt;Header&lt;/h1&gt;&lt;/div&gt;&lt;div id=&quot;bd-template&quot;&gt;&lt;div id=&quot;yui-main-template&quot;&gt;&lt;div class=&quot;yui-b-template&quot; id=&quot;splitBody0&quot;&gt;&lt;div class=&quot;addContainerSpan&quot;&gt;&lt;a href=&quot;javascript: showAddContainerDialog(&apos;splitBody0&apos;);&quot; title=&quot;Add Container&quot;&gt;&lt;span class=&quot;plusBlueIcon&quot;&gt;&lt;/span&gt;Add Container&lt;/a&gt;&lt;/div&gt;&lt;span class=&quot;titleContainerSpan&quot; id=&quot;splitBody0_span_56bd55ea-b04b-480d-9e37-5d6f9217dcc3&quot; title=&quot;container_56bd55ea-b04b-480d-9e37-5d6f9217dcc3&quot;&gt;&lt;div class=&quot;removeDiv&quot;&gt;&lt;a href=&quot;javascript: removeDrawedContainer(&apos;splitBody0&apos;,&apos;56bd55ea-b04b-480d-9e37-5d6f9217dcc3&apos;);&quot; title=&quot;Remove Container&quot;&gt;&lt;span class=&quot;minusIcon&quot;&gt;&lt;/span&gt;Remove Container&lt;/a&gt;&lt;/div&gt;&lt;div class=&quot;clear&quot;&gt;&lt;/div&gt;&lt;h2&gt;Container: Large Column (lg-1)&lt;/h2&gt;&lt;p&gt;Lorem ipsum dolor sit amet, consectetur adipisicing elit, sed do eiusmod tempor incididunt ut labore et dolore magna aliqua. Ut enim ad minim veniam, quis nostrud exercitation ullamco laboris nisi ut aliquip ex ea commodo consequat.&lt;/p&gt;&lt;/span&gt;&lt;div style=&quot;display: none;&quot; title=&quot;container_56bd55ea-b04b-480d-9e37-5d6f9217dcc3&quot; id=&quot;splitBody0_div_56bd55ea-b04b-480d-9e37-5d6f9217dcc3&quot;&gt;#parseContainer(&apos;56bd55ea-b04b-480d-9e37-5d6f9217dcc3&apos;)&#xd;
&lt;/div&gt;&lt;/div&gt;&lt;/div&gt;&lt;div class=&quot;yui-b-template&quot; id=&quot;yui-b2&quot; style=&quot;height: 70%;&quot;&gt;&lt;div class=&quot;addContainerSpan&quot;&gt;&lt;a href=&quot;javascript: showAddContainerDialog(&apos;yui-b2&apos;);&quot; title=&quot;Add Container&quot;&gt;&lt;span class=&quot;plusBlueIcon&quot;&gt;&lt;/span&gt;Add Container&lt;/a&gt;&lt;/div&gt;&lt;span class=&quot;titleContainerSpan&quot; id=&quot;yui-b2_span_b590d738-8bf9-42b0-a8dd-5787a4e20962&quot; title=&quot;container_b590d738-8bf9-42b0-a8dd-5787a4e20962&quot;&gt;&lt;div class=&quot;removeDiv&quot;&gt;&lt;a href=&quot;javascript: removeDrawedContainer(&apos;yui-b2&apos;,&apos;b590d738-8bf9-42b0-a8dd-5787a4e20962&apos;);&quot; title=&quot;Remove Container&quot;&gt;&lt;span class=&quot;minusIcon&quot;&gt;&lt;/span&gt;Remove Container&lt;/a&gt;&lt;/div&gt;&lt;div class=&quot;clear&quot;&gt;&lt;/div&gt;&lt;h2&gt;Container: Subnav Menu&lt;/h2&gt;&lt;p&gt;Lorem ipsum dolor sit amet, consectetur adipisicing elit, sed do eiusmod tempor incididunt ut labore et dolore magna aliqua. Ut enim ad minim veniam, quis nostrud exercitation ullamco laboris nisi ut aliquip ex ea commodo consequat.&lt;/p&gt;&lt;/span&gt;&lt;div style=&quot;display: none;&quot; title=&quot;container_b590d738-8bf9-42b0-a8dd-5787a4e20962&quot; id=&quot;yui-b2_div_b590d738-8bf9-42b0-a8dd-5787a4e20962&quot;&gt;#parseContainer(&apos;b590d738-8bf9-42b0-a8dd-5787a4e20962&apos;)&#xd;
&lt;/div&gt;&lt;span class=&quot;titleContainerSpan&quot; id=&quot;yui-b2_span_5eb11b21-6b13-4fb8-a823-1de20bba56c0&quot; title=&quot;container_5eb11b21-6b13-4fb8-a823-1de20bba56c0&quot;&gt;&lt;div class=&quot;removeDiv&quot;&gt;&lt;a href=&quot;javascript: removeDrawedContainer(&apos;yui-b2&apos;,&apos;5eb11b21-6b13-4fb8-a823-1de20bba56c0&apos;);&quot; title=&quot;Remove Container&quot;&gt;&lt;span class=&quot;minusIcon&quot;&gt;&lt;/span&gt;Remove Container&lt;/a&gt;&lt;/div&gt;&lt;div class=&quot;clear&quot;&gt;&lt;/div&gt;&lt;h2&gt;Container: Default 2 (Page Content)&lt;/h2&gt;&lt;p&gt;Lorem ipsum dolor sit amet, consectetur adipisicing elit, sed do eiusmod tempor incididunt ut labore et dolore magna aliqua. Ut enim ad minim veniam, quis nostrud exercitation ullamco laboris nisi ut aliquip ex ea commodo consequat.&lt;/p&gt;&lt;/span&gt;&lt;div style=&quot;display: none;&quot; title=&quot;container_5eb11b21-6b13-4fb8-a823-1de20bba56c0&quot; id=&quot;yui-b2_div_5eb11b21-6b13-4fb8-a823-1de20bba56c0&quot;&gt;#parseContainer(&apos;5eb11b21-6b13-4fb8-a823-1de20bba56c0&apos;)&#xd;
&lt;/div&gt;&lt;/div&gt;&lt;/div&gt;&lt;div id=&quot;ft-template&quot;&gt;&lt;h1&gt;Footer&lt;/h1&gt;&lt;/div&gt;&lt;/div&gt;</drawedBody>
    <countAddContainer>2</countAddContainer>
    <countContainers>3</countContainers>
    <theme>79479e0e-87d0-4260-9c12-3f05e303adcc</theme>
  </com.dotmarketing.portlets.templates.model.Template>
  <com.dotmarketing.portlets.templates.model.Template>
    <iDate class="sql-timestamp">2014-09-30 20:21:01.645</iDate>
    <type>template</type>
    <inode>cc1f0d74-8356-4035-925a-5c792d7b386f</inode>
    <identifier>8660b482-1ef6-4d00-9459-3996e703ba19</identifier>
    <title>Quest - 2 Column (Right Bar)</title>
    <friendlyName>Quest - 2 Column (Right Bar)</friendlyName>
    <modDate class="sql-timestamp">2014-09-30 20:21:01.663</modDate>
    <modUser>dotcms.org.1</modUser>
    <sortOrder>0</sortOrder>
    <showOnMenu>false</showOnMenu>
    <body>&lt;html&gt;
 &lt;head&gt;
  #dotParse(&apos;//demo.dotcms.com/application/themes/quest/html_head.vtl&apos;)
  &lt;link rel=&quot;stylesheet&quot; type=&quot;text/css&quot; href=&quot;/html/css/template/reset-fonts-grids.css&quot; /&gt;
 &lt;/head&gt;
 &lt;body&gt;
  &lt;div id=&quot;resp-template&quot; name=&quot;globalContainer&quot;&gt;
   &lt;div id=&quot;hd-template&quot;&gt;
    #dotParse(&apos;//demo.dotcms.com/application/themes/quest/header.vtl&apos;)
   &lt;/div&gt;
   &lt;div id=&quot;bd-template&quot;&gt;
    &lt;div id=&quot;yui-main-template&quot;&gt;
     &lt;div class=&quot;yui-b-template&quot; id=&quot;splitBody0&quot;&gt;
      &lt;div class=&quot;yui-gc-template&quot; id=&quot;yui-gc-template&quot;&gt;
       &lt;div class=&quot;yui-u-template first&quot; id=&quot;0_yui-u-grid-1&quot;&gt;
        #parseContainer(&apos;56bd55ea-b04b-480d-9e37-5d6f9217dcc3&apos;)
       &lt;/div&gt;
       &lt;div class=&quot;yui-u-template&quot; id=&quot;0_yui-u-grid-2&quot;&gt;
        #parseContainer(&apos;5363c6c6-5ba0-4946-b7af-cf875188ac2e&apos;)
       &lt;/div&gt;
      &lt;/div&gt;
     &lt;/div&gt;
    &lt;/div&gt;
   &lt;/div&gt;
   &lt;div id=&quot;ft-template&quot;&gt;
    #dotParse(&apos;//demo.dotcms.com/application/themes/quest/footer.vtl&apos;)
   &lt;/div&gt;
  &lt;/div&gt;
 &lt;/body&gt;
&lt;/html&gt;</body>
    <image>61799a7b-84ad-485d-b0d4-3dc06fe711f1</image>
    <drawed>true</drawed>
    <drawedBody>&lt;div id=&quot;resp-template&quot; name=&quot;globalContainer&quot;&gt;&lt;div id=&quot;hd-template&quot;&gt;&lt;h1&gt;Header&lt;/h1&gt;&lt;/div&gt;&lt;div id=&quot;bd-template&quot;&gt;&lt;div id=&quot;yui-main-template&quot;&gt;&lt;div class=&quot;yui-b-template&quot; id=&quot;splitBody0&quot;&gt;&lt;div class=&quot;yui-gc-template&quot; id=&quot;yui-gc-template&quot;&gt;&lt;div class=&quot;yui-u-template first&quot; id=&quot;0_yui-u-grid-1&quot;&gt;&lt;div class=&quot;addContainerSpan&quot;&gt;&lt;a href=&quot;javascript: showAddContainerDialog(&apos;0_yui-u-grid-1&apos;);&quot; title=&quot;Add Container&quot;&gt;&lt;span class=&quot;plusBlueIcon&quot;&gt;&lt;/span&gt;Add Container&lt;/a&gt;&lt;/div&gt;&lt;span class=&quot;titleContainerSpan&quot; id=&quot;0_yui-u-grid-1_span_56bd55ea-b04b-480d-9e37-5d6f9217dcc3&quot; title=&quot;container_56bd55ea-b04b-480d-9e37-5d6f9217dcc3&quot;&gt;&lt;div class=&quot;removeDiv&quot;&gt;&lt;a href=&quot;javascript: removeDrawedContainer(&apos;0_yui-u-grid-1&apos;,&apos;56bd55ea-b04b-480d-9e37-5d6f9217dcc3&apos;);&quot; title=&quot;Remove Container&quot;&gt;&lt;span class=&quot;minusIcon&quot;&gt;&lt;/span&gt;Remove Container&lt;/a&gt;&lt;/div&gt;&lt;div class=&quot;clear&quot;&gt;&lt;/div&gt;&lt;h2&gt;Container: Large Column (lg-1)&lt;/h2&gt;&lt;p&gt;Lorem ipsum dolor sit amet, consectetur adipisicing elit, sed do eiusmod tempor incididunt ut labore et dolore magna aliqua. Ut enim ad minim veniam, quis nostrud exercitation ullamco laboris nisi ut aliquip ex ea commodo consequat.&lt;/p&gt;&lt;/span&gt;&lt;div style=&quot;display: none;&quot; title=&quot;container_56bd55ea-b04b-480d-9e37-5d6f9217dcc3&quot; id=&quot;0_yui-u-grid-1_div_56bd55ea-b04b-480d-9e37-5d6f9217dcc3&quot;&gt;#parseContainer(&apos;56bd55ea-b04b-480d-9e37-5d6f9217dcc3&apos;)&#xd;
&lt;/div&gt;&lt;/div&gt;&lt;div class=&quot;yui-u-template&quot; id=&quot;0_yui-u-grid-2&quot;&gt;&lt;div class=&quot;addContainerSpan&quot;&gt;&lt;a href=&quot;javascript: showAddContainerDialog(&apos;0_yui-u-grid-2&apos;);&quot; title=&quot;Add Container&quot;&gt;&lt;span class=&quot;plusBlueIcon&quot;&gt;&lt;/span&gt;Add Container&lt;/a&gt;&lt;/div&gt;&lt;span class=&quot;titleContainerSpan&quot; id=&quot;0_yui-u-grid-2_span_5363c6c6-5ba0-4946-b7af-cf875188ac2e&quot; title=&quot;container_5363c6c6-5ba0-4946-b7af-cf875188ac2e&quot;&gt;&lt;div class=&quot;removeDiv&quot;&gt;&lt;a href=&quot;javascript: removeDrawedContainer(&apos;0_yui-u-grid-2&apos;,&apos;5363c6c6-5ba0-4946-b7af-cf875188ac2e&apos;);&quot; title=&quot;Remove Container&quot;&gt;&lt;span class=&quot;minusIcon&quot;&gt;&lt;/span&gt;Remove Container&lt;/a&gt;&lt;/div&gt;&lt;div class=&quot;clear&quot;&gt;&lt;/div&gt;&lt;h2&gt;Container: Medium Column (md-1)&lt;/h2&gt;&lt;p&gt;Lorem ipsum dolor sit amet, consectetur adipisicing elit, sed do eiusmod tempor incididunt ut labore et dolore magna aliqua. Ut enim ad minim veniam, quis nostrud exercitation ullamco laboris nisi ut aliquip ex ea commodo consequat.&lt;/p&gt;&lt;/span&gt;&lt;div style=&quot;display: none;&quot; title=&quot;container_5363c6c6-5ba0-4946-b7af-cf875188ac2e&quot; id=&quot;0_yui-u-grid-2_div_5363c6c6-5ba0-4946-b7af-cf875188ac2e&quot;&gt;#parseContainer(&apos;5363c6c6-5ba0-4946-b7af-cf875188ac2e&apos;)&#xd;
&lt;/div&gt;&lt;/div&gt;&lt;/div&gt;&lt;/div&gt;&lt;/div&gt;&lt;/div&gt;&lt;div id=&quot;ft-template&quot;&gt;&lt;h1&gt;Footer&lt;/h1&gt;&lt;/div&gt;&lt;/div&gt;</drawedBody>
    <countAddContainer>2</countAddContainer>
    <countContainers>2</countContainers>
    <theme>79479e0e-87d0-4260-9c12-3f05e303adcc</theme>
  </com.dotmarketing.portlets.templates.model.Template>
  <com.dotmarketing.portlets.templates.model.Template>
    <iDate class="sql-timestamp">2014-09-30 20:35:10.809</iDate>
    <type>template</type>
    <inode>fe654925-f011-487c-b5db-d7cb4ed2553a</inode>
    <identifier>9396ac6a-d32c-4539-966e-c776e7562cfb</identifier>
    <title>Quest - 2 Column (Left Bar)</title>
    <friendlyName>Quest - 2 Column (Left Bar)</friendlyName>
    <modDate class="sql-timestamp">2014-09-30 20:35:10.827</modDate>
    <modUser>dotcms.org.1</modUser>
    <sortOrder>0</sortOrder>
    <showOnMenu>false</showOnMenu>
    <body>&lt;html&gt;
 &lt;head&gt;
  #dotParse(&apos;//demo.dotcms.com/application/themes/quest/html_head.vtl&apos;)
  &lt;link rel=&quot;stylesheet&quot; type=&quot;text/css&quot; href=&quot;/html/css/template/reset-fonts-grids.css&quot; /&gt;
 &lt;/head&gt;
 &lt;body&gt;
  &lt;div id=&quot;resp-template&quot; name=&quot;globalContainer&quot;&gt;
   &lt;div id=&quot;hd-template&quot;&gt;
    #dotParse(&apos;//demo.dotcms.com/application/themes/quest/header.vtl&apos;)
   &lt;/div&gt;
   &lt;div id=&quot;bd-template&quot;&gt;
    &lt;div id=&quot;yui-main-template&quot;&gt;
     &lt;div class=&quot;yui-b-template&quot; id=&quot;splitBody0&quot;&gt;
      &lt;div class=&quot;yui-gf-template&quot; id=&quot;yui-gf-template&quot;&gt;
       &lt;div class=&quot;yui-u-template first&quot; id=&quot;0_yui-u-grid-1&quot;&gt;
        #parseContainer(&apos;fc193c82-8c32-4abe-ba8a-49522328c93e&apos;)
       &lt;/div&gt;
       &lt;div class=&quot;yui-u-template&quot; id=&quot;0_yui-u-grid-2&quot;&gt;
        #parseContainer(&apos;56bd55ea-b04b-480d-9e37-5d6f9217dcc3&apos;)
       &lt;/div&gt;
      &lt;/div&gt;
     &lt;/div&gt;
    &lt;/div&gt;
   &lt;/div&gt;
   &lt;div id=&quot;ft-template&quot;&gt;
    #dotParse(&apos;//demo.dotcms.com/application/themes/quest/footer.vtl&apos;)
   &lt;/div&gt;
  &lt;/div&gt;
 &lt;/body&gt;
&lt;/html&gt;</body>
    <image>aa943883-d223-4129-972f-3cbcf413ab89</image>
    <drawed>true</drawed>
    <drawedBody>&lt;div id=&quot;resp-template&quot; name=&quot;globalContainer&quot;&gt;&lt;div id=&quot;hd-template&quot;&gt;&lt;h1&gt;Header&lt;/h1&gt;&lt;/div&gt;&lt;div id=&quot;bd-template&quot;&gt;&lt;div id=&quot;yui-main-template&quot;&gt;&lt;div class=&quot;yui-b-template&quot; id=&quot;splitBody0&quot;&gt;&lt;div class=&quot;yui-gf-template&quot; id=&quot;yui-gf-template&quot;&gt;&lt;div class=&quot;yui-u-template first&quot; id=&quot;0_yui-u-grid-1&quot;&gt;&lt;div class=&quot;addContainerSpan&quot;&gt;&lt;a href=&quot;javascript: showAddContainerDialog(&apos;0_yui-u-grid-1&apos;);&quot; title=&quot;Add Container&quot;&gt;&lt;span class=&quot;plusBlueIcon&quot;&gt;&lt;/span&gt;Add Container&lt;/a&gt;&lt;/div&gt;&lt;span class=&quot;titleContainerSpan&quot; id=&quot;0_yui-u-grid-1_span_fc193c82-8c32-4abe-ba8a-49522328c93e&quot; title=&quot;container_fc193c82-8c32-4abe-ba8a-49522328c93e&quot;&gt;&lt;div class=&quot;removeDiv&quot;&gt;&lt;a href=&quot;javascript: removeDrawedContainer(&apos;0_yui-u-grid-1&apos;,&apos;fc193c82-8c32-4abe-ba8a-49522328c93e&apos;);&quot; title=&quot;Remove Container&quot;&gt;&lt;span class=&quot;minusIcon&quot;&gt;&lt;/span&gt;Remove Container&lt;/a&gt;&lt;/div&gt;&lt;div class=&quot;clear&quot;&gt;&lt;/div&gt;&lt;h2&gt;Container: Small Column (sm-1)&lt;/h2&gt;&lt;p&gt;Lorem ipsum dolor sit amet, consectetur adipisicing elit, sed do eiusmod tempor incididunt ut labore et dolore magna aliqua. Ut enim ad minim veniam, quis nostrud exercitation ullamco laboris nisi ut aliquip ex ea commodo consequat.&lt;/p&gt;&lt;/span&gt;&lt;div style=&quot;display: none;&quot; title=&quot;container_fc193c82-8c32-4abe-ba8a-49522328c93e&quot; id=&quot;0_yui-u-grid-1_div_fc193c82-8c32-4abe-ba8a-49522328c93e&quot;&gt;#parseContainer(&apos;fc193c82-8c32-4abe-ba8a-49522328c93e&apos;)&#xd;
&lt;/div&gt;&lt;/div&gt;&lt;div class=&quot;yui-u-template&quot; id=&quot;0_yui-u-grid-2&quot;&gt;&lt;div class=&quot;addContainerSpan&quot;&gt;&lt;a href=&quot;javascript: showAddContainerDialog(&apos;0_yui-u-grid-2&apos;);&quot; title=&quot;Add Container&quot;&gt;&lt;span class=&quot;plusBlueIcon&quot;&gt;&lt;/span&gt;Add Container&lt;/a&gt;&lt;/div&gt;&lt;span class=&quot;titleContainerSpan&quot; id=&quot;0_yui-u-grid-2_span_56bd55ea-b04b-480d-9e37-5d6f9217dcc3&quot; title=&quot;container_56bd55ea-b04b-480d-9e37-5d6f9217dcc3&quot;&gt;&lt;div class=&quot;removeDiv&quot;&gt;&lt;a href=&quot;javascript: removeDrawedContainer(&apos;0_yui-u-grid-2&apos;,&apos;56bd55ea-b04b-480d-9e37-5d6f9217dcc3&apos;);&quot; title=&quot;Remove Container&quot;&gt;&lt;span class=&quot;minusIcon&quot;&gt;&lt;/span&gt;Remove Container&lt;/a&gt;&lt;/div&gt;&lt;div class=&quot;clear&quot;&gt;&lt;/div&gt;&lt;h2&gt;Container: Large Column (lg-1)&lt;/h2&gt;&lt;p&gt;Lorem ipsum dolor sit amet, consectetur adipisicing elit, sed do eiusmod tempor incididunt ut labore et dolore magna aliqua. Ut enim ad minim veniam, quis nostrud exercitation ullamco laboris nisi ut aliquip ex ea commodo consequat.&lt;/p&gt;&lt;/span&gt;&lt;div style=&quot;display: none;&quot; title=&quot;container_56bd55ea-b04b-480d-9e37-5d6f9217dcc3&quot; id=&quot;0_yui-u-grid-2_div_56bd55ea-b04b-480d-9e37-5d6f9217dcc3&quot;&gt;#parseContainer(&apos;56bd55ea-b04b-480d-9e37-5d6f9217dcc3&apos;)&#xd;
&lt;/div&gt;&lt;/div&gt;&lt;/div&gt;&lt;/div&gt;&lt;/div&gt;&lt;/div&gt;&lt;div id=&quot;ft-template&quot;&gt;&lt;h1&gt;Footer&lt;/h1&gt;&lt;/div&gt;&lt;/div&gt;</drawedBody>
    <countAddContainer>2</countAddContainer>
    <countContainers>2</countContainers>
    <theme>79479e0e-87d0-4260-9c12-3f05e303adcc</theme>
  </com.dotmarketing.portlets.templates.model.Template>
  <com.dotmarketing.portlets.templates.model.Template>
    <iDate class="sql-timestamp">2014-09-30 20:27:16.603</iDate>
    <type>template</type>
    <inode>941a3f59-0d87-4084-8d9c-aca29a26ec8c</inode>
    <identifier>fdb3f906-e9c4-46c4-b7e4-148201271d04</identifier>
    <title>Quest - 1 Column</title>
    <friendlyName>Quest - 1 Column (With Content Padding)</friendlyName>
    <modDate class="sql-timestamp">2014-09-30 20:27:16.619</modDate>
    <modUser>dotcms.org.1</modUser>
    <sortOrder>0</sortOrder>
    <showOnMenu>false</showOnMenu>
    <body>&lt;html&gt;
 &lt;head&gt;
  #dotParse(&apos;//demo.dotcms.com/application/themes/quest/html_head.vtl&apos;)
  &lt;link rel=&quot;stylesheet&quot; type=&quot;text/css&quot; href=&quot;/html/css/template/reset-fonts-grids.css&quot; /&gt;
 &lt;/head&gt;
 &lt;body&gt;
  &lt;div id=&quot;resp-template&quot; name=&quot;globalContainer&quot;&gt;
   &lt;div id=&quot;hd-template&quot;&gt;
    #dotParse(&apos;//demo.dotcms.com/application/themes/quest/header.vtl&apos;)
   &lt;/div&gt;
   &lt;div id=&quot;bd-template&quot;&gt;
    &lt;div id=&quot;yui-main-template&quot;&gt;
     &lt;div class=&quot;yui-b-template&quot; id=&quot;splitBody0&quot;&gt;
      #parseContainer(&apos;56bd55ea-b04b-480d-9e37-5d6f9217dcc3&apos;)
     &lt;/div&gt;
    &lt;/div&gt;
   &lt;/div&gt;
   &lt;div id=&quot;ft-template&quot;&gt;
    #dotParse(&apos;//demo.dotcms.com/application/themes/quest/footer.vtl&apos;)
   &lt;/div&gt;
  &lt;/div&gt;
 &lt;/body&gt;
&lt;/html&gt;</body>
    <image>9097432e-9f25-49f7-a386-d28c6fc79675</image>
    <drawed>true</drawed>
    <drawedBody>&lt;div id=&quot;resp-template&quot; name=&quot;globalContainer&quot;&gt;&lt;div id=&quot;hd-template&quot;&gt;&lt;h1&gt;Header&lt;/h1&gt;&lt;/div&gt;&lt;div id=&quot;bd-template&quot;&gt;&lt;div id=&quot;yui-main-template&quot;&gt;&lt;div class=&quot;yui-b-template&quot; id=&quot;splitBody0&quot;&gt;&lt;div class=&quot;addContainerSpan&quot;&gt;&lt;a href=&quot;javascript: showAddContainerDialog(&apos;splitBody0&apos;);&quot; title=&quot;Add Container&quot;&gt;&lt;span class=&quot;plusBlueIcon&quot;&gt;&lt;/span&gt;Add Container&lt;/a&gt;&lt;/div&gt;&lt;span class=&quot;titleContainerSpan&quot; id=&quot;splitBody0_span_56bd55ea-b04b-480d-9e37-5d6f9217dcc3&quot; title=&quot;container_56bd55ea-b04b-480d-9e37-5d6f9217dcc3&quot;&gt;&lt;div class=&quot;removeDiv&quot;&gt;&lt;a href=&quot;javascript: removeDrawedContainer(&apos;splitBody0&apos;,&apos;56bd55ea-b04b-480d-9e37-5d6f9217dcc3&apos;);&quot; title=&quot;Remove Container&quot;&gt;&lt;span class=&quot;minusIcon&quot;&gt;&lt;/span&gt;Remove Container&lt;/a&gt;&lt;/div&gt;&lt;div class=&quot;clear&quot;&gt;&lt;/div&gt;&lt;h2&gt;Container: Large Column (lg-1)&lt;/h2&gt;&lt;p&gt;Lorem ipsum dolor sit amet, consectetur adipisicing elit, sed do eiusmod tempor incididunt ut labore et dolore magna aliqua. Ut enim ad minim veniam, quis nostrud exercitation ullamco laboris nisi ut aliquip ex ea commodo consequat.&lt;/p&gt;&lt;/span&gt;&lt;div style=&quot;display: none;&quot; title=&quot;container_56bd55ea-b04b-480d-9e37-5d6f9217dcc3&quot; id=&quot;splitBody0_div_56bd55ea-b04b-480d-9e37-5d6f9217dcc3&quot;&gt;#parseContainer(&apos;56bd55ea-b04b-480d-9e37-5d6f9217dcc3&apos;)&#xd;
&lt;/div&gt;&lt;/div&gt;&lt;/div&gt;&lt;/div&gt;&lt;div id=&quot;ft-template&quot;&gt;&lt;h1&gt;Footer&lt;/h1&gt;&lt;/div&gt;&lt;/div&gt;</drawedBody>
    <countAddContainer>1</countAddContainer>
    <countContainers>1</countContainers>
    <theme>79479e0e-87d0-4260-9c12-3f05e303adcc</theme>
  </com.dotmarketing.portlets.templates.model.Template>
  <com.dotmarketing.portlets.templates.model.Template>
    <iDate class="sql-timestamp">2017-03-10 14:15:13.57</iDate>
    <type>template</type>
    <inode>d26e97ea-5002-40e4-9fb3-87d568d13ac0</inode>
    <identifier>eae2538a-6bc0-4d27-916f-bbc5d7ca45c5</identifier>
    <title>Landing Page</title>
    <friendlyName>Landing page template used in conjunction with the landing page content type</friendlyName>
    <modDate class="sql-timestamp">2017-03-10 14:15:13.58</modDate>
    <modUser>dotcms.org.1</modUser>
    <sortOrder>0</sortOrder>
    <showOnMenu>false</showOnMenu>
    <body>&lt;!DOCTYPE html&gt;&#xd;
&lt;html&gt;     &#xd;
&lt;head&gt;&#xd;
#dotParse(&apos;/application/themes/landing-page/html_head.vtl&apos;)&#xd;
&lt;/head&gt;&#xd;
&#xd;
&lt;body id=&quot;top&quot;&gt;&#xd;
&#xd;
&lt;!-- HERO BANNER SM --&gt;&#xd;
&lt;section id=&quot;banner&quot;&gt;&#xd;
	&lt;div class=&quot;lp-header&quot;&gt;&#xd;
	    &lt;div class=&quot;lp-duo-tone&quot;&gt;&#xd;
	        &lt;div class=&quot;container&quot;&gt;&#xd;
	        	&lt;div class=&quot;row&quot;&gt;&#xd;
					&lt;div class=&quot;col-xs-4&quot;&gt;&#xd;
						&lt;div class=&quot;lp-logo&quot;&gt;&#xd;
							&lt;a class=&quot;navbar-brand&quot; href=&quot;/&quot;&gt;&#xd;
					        &lt;img alt=&quot;dotCMS Sample Landing Page&quot; src=&quot;/dA/82ad305a-621d/200w/quest-logo.png&quot; alt=&quot;dotCMS Demo Site&quot;&gt;&#xd;
					    &lt;/a&gt;&#xd;
						&lt;/div&gt;&#xd;
					&lt;/div&gt;&#xd;
					&lt;div class=&quot;col-sm-7 col-xs-8&quot;&gt;&#xd;
						&lt;div class=&quot;lp-phone&quot;&gt;&#xd;
							&lt;a href=&quot;tel:13059002001&quot;&gt;&#xd;
								&lt;span class=&quot;fa-stack fa-lg text-pink&quot;&gt;&lt;i class=&quot;fa fa-circle fa-stack-2x&quot;&gt;&lt;/i&gt;&lt;i class=&quot;fa fa-phone fa-stack-1x fa-inverse&quot;&gt;&lt;/i&gt;&lt;/span&gt;&#xd;
								+1 305 900-2001&#xd;
							&lt;/a&gt;&#xd;
						&lt;/div&gt;&#xd;
					&lt;/div&gt;&#xd;
				&lt;/div&gt;&#xd;
				&lt;div class=&quot;row&quot;&gt;&#xd;
		            &lt;div class=&quot;col-md-8&quot;&gt;&#xd;
		            	&lt;div class=&quot;lp-content&quot;&gt;&#xd;
			                &lt;h1&gt;$!{dotPageContent.title}&lt;/h1&gt;&#xd;
			                &lt;h2&gt;$!{dotPageContent.subtitle}&lt;/h2&gt;&#xd;
			                &lt;p&gt;$!{dotPageContent.caption}&lt;/p&gt;&#xd;
		            	&lt;/div&gt;&#xd;
&#xd;
		            	&lt;form role=&quot;form&quot; id=&quot;contactForm&quot; class=&quot;contact-form&quot;&gt;&#xd;
		            		&lt;div class=&quot;lp-form&quot;&gt;&#xd;
		            			&lt;div class=&quot;row&quot;&gt;&#xd;
		            				&lt;div class=&quot;col-xs-12&quot;&gt;&#xd;
										&lt;h3&gt;Speak to retirement specialist&lt;/h3&gt;&#xd;
									&lt;/div&gt;&#xd;
								&lt;/div&gt;&#xd;
								&lt;div class=&quot;row&quot;&gt;&#xd;
									&lt;div class=&quot;col-sm-6&quot;&gt;&#xd;
										&lt;!-- FIRST NAME --&gt;&#xd;
										&lt;div class=&quot;form-group&quot;&gt;&#xd;
											&lt;div class=&quot;col-sm-12&quot;&gt;&#xd;
												&lt;input type=&quot;text&quot; id=&quot;firstName&quot; class=&quot;form-control&quot; name=&quot;firstName&quot; value=&quot;&quot; placeholder=&quot;First Name&quot; required=&quot;&quot;&gt;&#xd;
											&lt;/div&gt;&#xd;
										&lt;/div&gt;&#xd;
					&#xd;
										&lt;!-- LAST NAME --&gt;&#xd;
										&lt;div class=&quot;form-group&quot;&gt;&#xd;
											&lt;div class=&quot;col-sm-12&quot;&gt;&#xd;
												&lt;input type=&quot;text&quot; id=&quot;lastName&quot; class=&quot;form-control&quot; name=&quot;lastName&quot; value=&quot;&quot; placeholder=&quot;Last Name&quot; required=&quot;&quot;&gt;&#xd;
											&lt;/div&gt;&#xd;
										&lt;/div&gt;&#xd;
									&lt;/div&gt;&#xd;
									&lt;div class=&quot;col-sm-6&quot;&gt;&#xd;
									&lt;!-- EMAIL --&gt;&#xd;
										&lt;div class=&quot;form-group&quot;&gt;&#xd;
											&lt;div class=&quot;col-sm-12&quot;&gt;&#xd;
												&lt;input type=&quot;email&quot; id=&quot;email&quot; class=&quot;form-control&quot; name=&quot;email&quot; value=&quot;&quot; placeholder=&quot;Email&quot; required=&quot;&quot;&gt;&#xd;
											&lt;/div&gt;&#xd;
										&lt;/div&gt;&#xd;
&#xd;
										&lt;!-- Phone --&gt;&#xd;
										&lt;div class=&quot;form-group&quot;&gt;&#xd;
											&lt;div class=&quot;col-sm-12&quot;&gt;&#xd;
												&lt;input type=&quot;text&quot; class=&quot;form-control&quot; id=&quot;phone&quot; name=&quot;&quot; value=&quot;&quot; placeholder=&quot;Phone&quot; required=&quot;&quot;&gt;&#xd;
											&lt;/div&gt;&#xd;
										&lt;/div&gt;&#xd;
									&lt;/div&gt;&#xd;
								&lt;/div&gt;&#xd;
								&lt;div class=&quot;text-center&quot;&gt;&#xd;
									&lt;button type=&quot;submit&quot; id=&quot;submit-btn&quot; class=&quot;btn btn-lg&quot;&gt;Submit&lt;/button&gt;&#xd;
								&lt;/div&gt;&#xd;
							&lt;/div&gt;&#xd;
		            	&lt;/form&gt;&#xd;
		            &lt;/div&gt;&#xd;
		        &lt;/div&gt;&#xd;
	        &lt;/div&gt;&#xd;
	    &lt;/div&gt;&#xd;
	&lt;/div&gt;&#xd;
&lt;/section&gt;&#xd;
&#xd;
&lt;section id=&quot;related-products&quot;&gt;&#xd;
	&lt;div class=&quot;bg-gray-lighter&quot;&gt;&#xd;
	    &lt;div class=&quot;container&quot;&gt;&#xd;
            &lt;div class=&quot;row&quot;&gt;&#xd;
                #foreach($prod in $dotcontent.pullRelated(&quot;LandingPage-Products&quot;,&quot;$!{dotPageContent.identifier}&quot;,false,4)) &#xd;
            	    &lt;div class=&quot;col-sm-3 col-xs-6&quot;&gt;&#xd;
            	        &lt;div class=&quot; lp-prod&quot; onclick=&quot;window.location.href=&apos;/products/$!{prod.urlTitle}&quot;&gt;&#xd;
            	            &lt;b&gt;$!{prod.title} ($!{prod.tickerSymbol})&lt;/b&gt;&#xd;
            	            &lt;div class=&quot;risk-system risk${prod.risk.selectValue}&quot; title=&quot;${prod.risk.selectValue}&quot;&gt;&#xd;
            	                &lt;span class=&quot;hidden&quot;&gt;${prod.risk.selectValue}&lt;/span&gt;&#xd;
            	            &lt;/div&gt;&#xd;
            	        &lt;/div&gt;&#xd;
            	    &lt;/div&gt;&#xd;
                #end&#xd;
           &lt;/div&gt;&#xd;
	    &lt;/div&gt;&#xd;
	&lt;/div&gt;&#xd;
&lt;/section&gt;&#xd;
&#xd;
&lt;section id=&quot;trust&quot;&gt;&#xd;
	&lt;div class=&quot;defualt-wrapper&quot;&gt;&#xd;
	    &lt;div class=&quot;container&quot;&gt;&#xd;
	    	&lt;div class=&quot;row margin-bottom-sm&quot;&gt;&#xd;
				&lt;div class=&quot;col-sm-10 col-xs-12 col-sm-offset-1 text-center&quot;&gt;&#xd;
					&lt;h2 class=&quot;text-pink text-lg&quot;&gt;Why TargetQuest?&lt;/h2&gt;&#xd;
					&lt;p class=&quot;lead&quot;&gt;We asked our customers here is what they said.&lt;/p&gt;&#xd;
				&lt;/div&gt;&#xd;
			&lt;/div&gt;&#xd;
			&lt;div class=&quot;row&quot;&gt;&#xd;
			    #foreach($client in $dotcontent.pullRelated(&quot;LandingPage-Testimonial&quot;,&quot;$!{dotPageContent.identifier}&quot;,false,3)) &#xd;
    				&lt;div class=&quot;col-sm-4&quot;&gt;&#xd;
    					&lt;div class=&quot;quote-wrapper&quot;&gt;&#xd;
    						&lt;div class=&quot;author-img&quot; style=&quot;background-image: url(&apos;/dA/$client.identifier/250w/$client.photo.name&apos;);&quot;&gt;&lt;/div&gt;&#xd;
    						&lt;blockquote&gt;&amp;ldquo;$!{client.quote}&amp;rdquo;&lt;/blockquote&gt;&#xd;
    						&lt;div class=&quot;author&quot;&gt;&lt;strong&gt;$!{client.qname}&lt;/strong&gt;&lt;/div&gt;&#xd;
    						&lt;div class=&quot;title&quot;&gt;$!{client.title}&lt;/div&gt;&#xd;
    						&lt;div class=&quot;company&quot;&gt;$!{client.company}&lt;/div&gt;&#xd;
    						&lt;div class=&quot;rating&quot;&gt;&#xd;
    							&lt;i class=&quot;fa fa-star fa-lg&quot;&gt;&lt;/i&gt;&#xd;
    							&lt;i class=&quot;fa fa-star fa-lg&quot;&gt;&lt;/i&gt;&#xd;
    							&lt;i class=&quot;fa fa-star fa-lg&quot;&gt;&lt;/i&gt;&#xd;
    							&lt;i class=&quot;fa fa-star fa-lg&quot;&gt;&lt;/i&gt;&#xd;
    							&lt;i class=&quot;fa fa-star fa-lg&quot;&gt;&lt;/i&gt;&#xd;
    						&lt;/div&gt;&#xd;
    					&lt;/div&gt;&#xd;
    				&lt;/div&gt;&#xd;
    			#end&#xd;
			&lt;/div&gt;&#xd;
		&lt;/div&gt;&#xd;
	&lt;/div&gt;&#xd;
&lt;/section&gt;&#xd;
  		       &#xd;
&lt;div id=&quot;section3&quot;&gt;&#xd;
	&lt;div class=&quot;defualt-wrapper bg-gray-lighter&quot;&gt;&#xd;
		## Container: Large Column (lg-1)&#xd;
        ## This is autogenerated code that cannot be changed&#xd;
        #parseContainer(&apos;56bd55ea-b04b-480d-9e37-5d6f9217dcc3&apos;)&#xd;
	&lt;/div&gt;&#xd;
&lt;/div&gt;	      	&#xd;
&#xd;
&lt;!-- FOOTER CALL TO ACTION --&gt;&#xd;
&lt;section id=&quot;cta2&quot;&gt;&#xd;
	&lt;div class=&quot;bg-pink&quot;&gt;&#xd;
	    &lt;div class=&quot;container&quot;&gt;&#xd;
	    	&lt;div class=&quot;row margin-top-md margin-bottom-md&quot;&gt;&#xd;
		        &lt;div class=&quot;col-sm-8&quot;&gt;&#xd;
		            &lt;h2&gt;Want to learn more? Lets talk. Drop us line and lets get started.&lt;/h2&gt;&#xd;
		        &lt;/div&gt;&#xd;
		        &lt;div class=&quot;col-sm-4&quot;&gt;&#xd;
		        	&lt;a href=&quot;#&quot; class=&quot;btn btn-lg&quot;&gt;Get Started&lt;/a&gt;&#xd;
		        &lt;/div&gt;&#xd;
		    &lt;/div&gt;&#xd;
	    &lt;/div&gt;&#xd;
	&lt;/div&gt;&#xd;
&lt;/section&gt;       	 &#xd;
        &#xd;
&lt;!-- FOOTER --&gt;&#xd;
#dotParse(&apos;/application/themes/landing-page/footer.vtl&apos;)&#xd;
&lt;/body&gt;&#xd;
&lt;/html&gt;</body>
    <image></image>
    <drawed>false</drawed>
    <countAddContainer>0</countAddContainer>
    <countContainers>0</countContainers>
  </com.dotmarketing.portlets.templates.model.Template>
  <com.dotmarketing.portlets.templates.model.Template>
    <iDate class="sql-timestamp">2014-09-30 17:48:29.086</iDate>
    <type>template</type>
    <inode>e55fb1c7-767d-44f1-a871-5e0d0de1cb76</inode>
    <identifier>ade7c405-fb68-437b-bb38-b0b04502861e</identifier>
    <title>Intranet - Homepage</title>
    <friendlyName>Intranet Theme Homepage Template</friendlyName>
    <modDate class="sql-timestamp">2014-09-30 17:48:29.101</modDate>
    <modUser>dotcms.org.1</modUser>
    <sortOrder>0</sortOrder>
    <showOnMenu>false</showOnMenu>
    <body>&lt;!doctype html&gt;&#xd;
&lt;!--[if lt IE 7]&gt;      &lt;html class=&quot;no-js lt-ie9 lt-ie8 lt-ie7&quot;&gt; &lt;![endif]--&gt;&#xd;
&lt;!--[if IE 7]&gt;         &lt;html class=&quot;no-js lt-ie9 lt-ie8&quot;&gt; &lt;![endif]--&gt;&#xd;
&lt;!--[if IE 8]&gt;         &lt;html class=&quot;no-js lt-ie9&quot;&gt; &lt;![endif]--&gt;&#xd;
&lt;!--[if gt IE 8]&gt;&lt;!--&gt; &lt;html class=&quot;no-js&quot;&gt; &lt;!--&lt;![endif]--&gt;&#xd;
&#xd;
#set($dotTheme = $contents.getEmptyMap())&#xd;
#set($blah1 = $dotTheme.put(&quot;path&quot;, &quot;/application/themes/intranet/&quot;))&#xd;
  &#xd;
&lt;head&gt;&#xd;
    #dotParse(&quot;${dotTheme.path}html_head.vtl&quot;)&#xd;
&lt;/head&gt;&#xd;
&#xd;
#set($utilClass = $pageTitle.toLowerCase().replace(&apos; &apos;, &apos;-&apos;))&#xd;
&#xd;
&lt;body class=&quot;$utilClass&quot;&gt;&#xd;
    &#xd;
    #dotParse(&quot;${dotTheme.path}header.vtl&quot;)&#xd;
    &#xd;
    &lt;div class=&quot;content-wrap&quot;&gt;&#xd;
		&lt;div class=&quot;container body-container&quot;&gt;&#xd;
            &lt;div class=&quot;row&quot;&gt;&#xd;
            	&lt;div class=&quot;col-sm-3 visible-md visible-lg&quot;&gt;&#xd;
            		## Container: Small Column&#xd;
                    ## This is autogenerated code that cannot be changed&#xd;
                    #parseContainer(&apos;fc193c82-8c32-4abe-ba8a-49522328c93e&apos;)&#xd;
&#xd;
            	&lt;/div&gt;&#xd;
                &lt;div class=&quot;col-md-9 col-sm-12&quot;&gt;&#xd;
                    &lt;div class=&quot;row&quot;&gt;&#xd;
                        &lt;div class=&quot;col-sm-12&quot;&gt;&#xd;
                            ## Container: Default 2 (Page Content)&#xd;
                            ## This is autogenerated code that cannot be changed&#xd;
                            #parseContainer(&apos;5eb11b21-6b13-4fb8-a823-1de20bba56c0&apos;)&#xd;
                        &lt;/div&gt;&#xd;
                    &lt;/div&gt;&#xd;
                    &lt;hr&gt;&#xd;
                	&lt;div class=&quot;row&quot;&gt;&#xd;
                        &lt;div class=&quot;col-sm-8&quot;&gt;&#xd;
		                    ## Container: Large Column&#xd;
                            ## This is autogenerated code that cannot be changed&#xd;
                            #parseContainer(&apos;56bd55ea-b04b-480d-9e37-5d6f9217dcc3&apos;)&#xd;
						&lt;/div&gt;&#xd;
						&lt;div class=&quot;col-sm-4&quot;&gt;&#xd;
                            ## Container: Medium Column &#xd;
                            ## This is autogenerated code that cannot be changed&#xd;
                            #parseContainer(&apos;5363c6c6-5ba0-4946-b7af-cf875188ac2e&apos;)&#xd;
		                &lt;/div&gt;&#xd;
		            &lt;/div&gt;&#xd;
                &lt;/div&gt;&#xd;
            &lt;/div&gt;&#xd;
		&lt;/div&gt;&#xd;
    &lt;/div&gt;&lt;!-- /Content Wrapper--&gt;&#xd;
	&#xd;
	#dotParse(&quot;${dotTheme.path}footer.vtl&quot;)&#xd;
	&lt;a href=&quot;http://www.dotcms.com&quot; class=&quot;powered-by&quot;&gt;Powered by Dotcms - The Leading Open Source Java Content Management System&lt;/a&gt;&#xd;
&lt;/body&gt;&#xd;
&lt;/html&gt;</body>
    <image></image>
    <drawed>false</drawed>
    <countAddContainer>0</countAddContainer>
    <countContainers>0</countContainers>
  </com.dotmarketing.portlets.templates.model.Template>
  <com.dotmarketing.portlets.templates.model.Template>
    <iDate class="sql-timestamp">2014-09-02 18:48:10.775</iDate>
    <type>template</type>
    <inode>caff77fa-1cc7-4007-8b81-961ee7c428ac</inode>
    <identifier>9f8757e5-5632-42cc-aec2-5096514204f9</identifier>
    <title>Intranet - 3 Column</title>
    <friendlyName>Intranet Theme Three Column</friendlyName>
    <modDate class="sql-timestamp">2014-09-02 18:48:10.861</modDate>
    <modUser>dotcms.org.1</modUser>
    <sortOrder>0</sortOrder>
    <showOnMenu>false</showOnMenu>
    <body>&lt;html&gt;
 &lt;head&gt;
  #dotParse(&apos;//demo.dotcms.com/application/themes/intranet/html_head.vtl&apos;)
  &lt;link rel=&quot;stylesheet&quot; type=&quot;text/css&quot; href=&quot;/html/css/template/reset-fonts-grids.css&quot; /&gt;
 &lt;/head&gt;
 &lt;body&gt;
  &lt;div class=&quot;yui-t1-template&quot; name=&quot;globalContainer&quot; id=&quot;resp-template&quot;&gt;
   &lt;div id=&quot;hd-template&quot;&gt;
    #dotParse(&apos;//demo.dotcms.com/application/themes/intranet/header.vtl&apos;)
   &lt;/div&gt;
   &lt;div id=&quot;bd-template&quot;&gt;
    &lt;div id=&quot;yui-main-template&quot;&gt;
     &lt;div id=&quot;splitBody0&quot; class=&quot;yui-b-template&quot;&gt;
      &lt;div id=&quot;yui-gc-template&quot; class=&quot;yui-gc-template&quot;&gt;
       &lt;div id=&quot;0_yui-u-grid-1&quot; class=&quot;yui-u-template first&quot;&gt;
        #parseContainer(&apos;56bd55ea-b04b-480d-9e37-5d6f9217dcc3&apos;)
       &lt;/div&gt;
       &lt;div id=&quot;0_yui-u-grid-2&quot; class=&quot;yui-u-template&quot;&gt;
        #parseContainer(&apos;5eb11b21-6b13-4fb8-a823-1de20bba56c0&apos;)
       &lt;/div&gt;
      &lt;/div&gt;
     &lt;/div&gt;
    &lt;/div&gt;
    &lt;div style=&quot;height: 70%;&quot; id=&quot;yui-b2&quot; class=&quot;yui-b-template&quot;&gt;
     #parseContainer(&apos;f1ba7688-453c-4c0d-a214-e5ac802b8034&apos;)
    &lt;/div&gt;
   &lt;/div&gt;
   &lt;div id=&quot;ft-template&quot;&gt;
    #dotParse(&apos;//demo.dotcms.com/application/themes/intranet/footer.vtl&apos;)
   &lt;/div&gt;
  &lt;/div&gt;
 &lt;/body&gt;
&lt;/html&gt;</body>
    <image></image>
    <drawed>true</drawed>
    <drawedBody>&lt;div class=&quot;yui-t1-template&quot; name=&quot;globalContainer&quot; id=&quot;resp-template&quot;&gt;&lt;div id=&quot;hd-template&quot;&gt;&lt;h1&gt;Header&lt;/h1&gt;&lt;/div&gt;&lt;div id=&quot;bd-template&quot;&gt;&lt;div id=&quot;yui-main-template&quot;&gt;&lt;div id=&quot;splitBody0&quot; class=&quot;yui-b-template&quot;&gt;&lt;div id=&quot;yui-gc-template&quot; class=&quot;yui-gc-template&quot;&gt;&lt;div id=&quot;0_yui-u-grid-1&quot; class=&quot;yui-u-template first&quot;&gt;&lt;div class=&quot;addContainerSpan&quot;&gt;&lt;a href=&quot;javascript: showAddContainerDialog(&apos;0_yui-u-grid-1&apos;);&quot; title=&quot;Add Container&quot;&gt;&lt;span class=&quot;plusBlueIcon&quot;&gt;&lt;/span&gt;Add Container&lt;/a&gt;&lt;/div&gt;&lt;span title=&quot;container_56bd55ea-b04b-480d-9e37-5d6f9217dcc3&quot; id=&quot;0_yui-u-grid-1_span_56bd55ea-b04b-480d-9e37-5d6f9217dcc3&quot; class=&quot;titleContainerSpan&quot;&gt;&lt;div class=&quot;removeDiv&quot;&gt;&lt;a href=&quot;javascript: removeDrawedContainer(&apos;0_yui-u-grid-1&apos;,&apos;56bd55ea-b04b-480d-9e37-5d6f9217dcc3&apos;);&quot; title=&quot;Remove Container&quot;&gt;&lt;span class=&quot;minusIcon&quot;&gt;&lt;/span&gt;Remove Container&lt;/a&gt;&lt;/div&gt;&lt;div class=&quot;clear&quot;&gt;&lt;/div&gt;&lt;h2&gt;Container: Large Column (lg-1)&lt;/h2&gt;&lt;p&gt;Lorem ipsum dolor sit amet, consectetur adipisicing elit, sed do eiusmod tempor incididunt ut labore et dolore magna aliqua. Ut enim ad minim veniam, quis nostrud exercitation ullamco laboris nisi ut aliquip ex ea commodo consequat.&lt;/p&gt;&lt;/span&gt;&lt;div id=&quot;0_yui-u-grid-1_div_56bd55ea-b04b-480d-9e37-5d6f9217dcc3&quot; title=&quot;container_56bd55ea-b04b-480d-9e37-5d6f9217dcc3&quot; style=&quot;display: none;&quot;&gt;#parseContainer(&apos;56bd55ea-b04b-480d-9e37-5d6f9217dcc3&apos;)&#xd;
&lt;/div&gt;&lt;/div&gt;&lt;div id=&quot;0_yui-u-grid-2&quot; class=&quot;yui-u-template&quot;&gt;&lt;div class=&quot;addContainerSpan&quot;&gt;&lt;a href=&quot;javascript: showAddContainerDialog(&apos;0_yui-u-grid-2&apos;);&quot; title=&quot;Add Container&quot;&gt;&lt;span class=&quot;plusBlueIcon&quot;&gt;&lt;/span&gt;Add Container&lt;/a&gt;&lt;/div&gt;&lt;span title=&quot;container_5eb11b21-6b13-4fb8-a823-1de20bba56c0&quot; id=&quot;0_yui-u-grid-2_span_5eb11b21-6b13-4fb8-a823-1de20bba56c0&quot; class=&quot;titleContainerSpan&quot;&gt;&lt;div class=&quot;removeDiv&quot;&gt;&lt;a href=&quot;javascript: removeDrawedContainer(&apos;0_yui-u-grid-2&apos;,&apos;5eb11b21-6b13-4fb8-a823-1de20bba56c0&apos;);&quot; title=&quot;Remove Container&quot;&gt;&lt;span class=&quot;minusIcon&quot;&gt;&lt;/span&gt;Remove Container&lt;/a&gt;&lt;/div&gt;&lt;div class=&quot;clear&quot;&gt;&lt;/div&gt;&lt;h2&gt;Container: Default 2 (Page Content)&lt;/h2&gt;&lt;p&gt;Lorem ipsum dolor sit amet, consectetur adipisicing elit, sed do eiusmod tempor incididunt ut labore et dolore magna aliqua. Ut enim ad minim veniam, quis nostrud exercitation ullamco laboris nisi ut aliquip ex ea commodo consequat.&lt;/p&gt;&lt;/span&gt;&lt;div id=&quot;0_yui-u-grid-2_div_5eb11b21-6b13-4fb8-a823-1de20bba56c0&quot; title=&quot;container_5eb11b21-6b13-4fb8-a823-1de20bba56c0&quot; style=&quot;display: none;&quot;&gt;#parseContainer(&apos;5eb11b21-6b13-4fb8-a823-1de20bba56c0&apos;)&#xd;
&lt;/div&gt;&lt;/div&gt;&lt;/div&gt;&lt;/div&gt;&lt;/div&gt;&lt;div style=&quot;height: 70%;&quot; id=&quot;yui-b2&quot; class=&quot;yui-b-template&quot;&gt;&lt;div class=&quot;addContainerSpan&quot;&gt;&lt;a href=&quot;javascript: showAddContainerDialog(&apos;yui-b2&apos;);&quot; title=&quot;Add Container&quot;&gt;&lt;span class=&quot;plusBlueIcon&quot;&gt;&lt;/span&gt;Add Container&lt;/a&gt;&lt;/div&gt;&lt;span title=&quot;container_f1ba7688-453c-4c0d-a214-e5ac802b8034&quot; id=&quot;yui-b2_span_f1ba7688-453c-4c0d-a214-e5ac802b8034&quot; class=&quot;titleContainerSpan&quot;&gt;&lt;div class=&quot;removeDiv&quot;&gt;&lt;a href=&quot;javascript: removeDrawedContainer(&apos;yui-b2&apos;,&apos;f1ba7688-453c-4c0d-a214-e5ac802b8034&apos;);&quot; title=&quot;Remove Container&quot;&gt;&lt;span class=&quot;minusIcon&quot;&gt;&lt;/span&gt;Remove Container&lt;/a&gt;&lt;/div&gt;&lt;div class=&quot;clear&quot;&gt;&lt;/div&gt;&lt;h2&gt;Container: Default 3 (Page Content)&lt;/h2&gt;&lt;p&gt;Lorem ipsum dolor sit amet, consectetur adipisicing elit, sed do eiusmod tempor incididunt ut labore et dolore magna aliqua. Ut enim ad minim veniam, quis nostrud exercitation ullamco laboris nisi ut aliquip ex ea commodo consequat.&lt;/p&gt;&lt;/span&gt;&lt;div id=&quot;yui-b2_div_f1ba7688-453c-4c0d-a214-e5ac802b8034&quot; title=&quot;container_f1ba7688-453c-4c0d-a214-e5ac802b8034&quot; style=&quot;display: none;&quot;&gt;#parseContainer(&apos;f1ba7688-453c-4c0d-a214-e5ac802b8034&apos;)&#xd;
&lt;/div&gt;&lt;/div&gt;&lt;/div&gt;&lt;div id=&quot;ft-template&quot;&gt;&lt;h1&gt;Footer&lt;/h1&gt;&lt;/div&gt;&lt;/div&gt;</drawedBody>
    <countAddContainer>3</countAddContainer>
    <countContainers>3</countContainers>
    <theme>e0a6cc33-7489-4cdb-bf5b-8c2b814973e4</theme>
  </com.dotmarketing.portlets.templates.model.Template>
  <com.dotmarketing.portlets.templates.model.Template>
    <iDate class="sql-timestamp">2014-09-26 13:09:52.576</iDate>
    <type>template</type>
    <inode>a9fc7b76-5681-453a-b920-b63fba63fba5</inode>
    <identifier>92ba9678-2549-4fb6-b3b5-ed98678a1372</identifier>
    <title>Intranet - 2 Column</title>
    <friendlyName>Intranet Theme Two Column Template</friendlyName>
    <modDate class="sql-timestamp">2014-09-26 13:09:52.648</modDate>
    <modUser>dotcms.org.1</modUser>
    <sortOrder>0</sortOrder>
    <showOnMenu>false</showOnMenu>
    <body>&lt;html&gt;
 &lt;head&gt;
  #dotParse(&apos;//demo.dotcms.com/application/themes/intranet/html_head.vtl&apos;)
  &lt;link rel=&quot;stylesheet&quot; type=&quot;text/css&quot; href=&quot;/html/css/template/reset-fonts-grids.css&quot; /&gt;
 &lt;/head&gt;
 &lt;body&gt;
  &lt;div id=&quot;resp-template&quot; name=&quot;globalContainer&quot;&gt;
   &lt;div id=&quot;hd-template&quot;&gt;
    #dotParse(&apos;//demo.dotcms.com/application/themes/intranet/header.vtl&apos;)
   &lt;/div&gt;
   &lt;div id=&quot;bd-template&quot;&gt;
    &lt;div id=&quot;yui-main-template&quot;&gt;
     &lt;div class=&quot;yui-b-template&quot; id=&quot;splitBody0&quot;&gt;
      &lt;div class=&quot;yui-gc-template&quot; id=&quot;yui-gc-template&quot;&gt;
       &lt;div class=&quot;yui-u-template first&quot; id=&quot;0_yui-u-grid-1&quot;&gt;
        #parseContainer(&apos;56bd55ea-b04b-480d-9e37-5d6f9217dcc3&apos;)
       &lt;/div&gt;
       &lt;div class=&quot;yui-u-template&quot; id=&quot;0_yui-u-grid-2&quot;&gt;
        #parseContainer(&apos;5363c6c6-5ba0-4946-b7af-cf875188ac2e&apos;)
       &lt;/div&gt;
      &lt;/div&gt;
     &lt;/div&gt;
    &lt;/div&gt;
   &lt;/div&gt;
   &lt;div id=&quot;ft-template&quot;&gt;
    #dotParse(&apos;//demo.dotcms.com/application/themes/intranet/footer.vtl&apos;)
   &lt;/div&gt;
  &lt;/div&gt;
 &lt;/body&gt;
&lt;/html&gt;</body>
    <image></image>
    <drawed>true</drawed>
    <drawedBody>&lt;div id=&quot;resp-template&quot; name=&quot;globalContainer&quot;&gt;&lt;div id=&quot;hd-template&quot;&gt;&lt;h1&gt;Header&lt;/h1&gt;&lt;/div&gt;&lt;div id=&quot;bd-template&quot;&gt;&lt;div id=&quot;yui-main-template&quot;&gt;&lt;div class=&quot;yui-b-template&quot; id=&quot;splitBody0&quot;&gt;&lt;div class=&quot;yui-gc-template&quot; id=&quot;yui-gc-template&quot;&gt;&lt;div class=&quot;yui-u-template first&quot; id=&quot;0_yui-u-grid-1&quot;&gt;&lt;div class=&quot;addContainerSpan&quot;&gt;&lt;a href=&quot;javascript: showAddContainerDialog(&apos;0_yui-u-grid-1&apos;);&quot; title=&quot;Add Container&quot;&gt;&lt;span class=&quot;plusBlueIcon&quot;&gt;&lt;/span&gt;Add Container&lt;/a&gt;&lt;/div&gt;&lt;span class=&quot;titleContainerSpan&quot; id=&quot;0_yui-u-grid-1_span_56bd55ea-b04b-480d-9e37-5d6f9217dcc3&quot; title=&quot;container_56bd55ea-b04b-480d-9e37-5d6f9217dcc3&quot;&gt;&lt;div class=&quot;removeDiv&quot;&gt;&lt;a href=&quot;javascript: removeDrawedContainer(&apos;0_yui-u-grid-1&apos;,&apos;56bd55ea-b04b-480d-9e37-5d6f9217dcc3&apos;);&quot; title=&quot;Remove Container&quot;&gt;&lt;span class=&quot;minusIcon&quot;&gt;&lt;/span&gt;Remove Container&lt;/a&gt;&lt;/div&gt;&lt;div class=&quot;clear&quot;&gt;&lt;/div&gt;&lt;h2&gt;Container: Large Column (lg-1)&lt;/h2&gt;&lt;p&gt;Lorem ipsum dolor sit amet, consectetur adipisicing elit, sed do eiusmod tempor incididunt ut labore et dolore magna aliqua. Ut enim ad minim veniam, quis nostrud exercitation ullamco laboris nisi ut aliquip ex ea commodo consequat.&lt;/p&gt;&lt;/span&gt;&lt;div style=&quot;display: none;&quot; title=&quot;container_56bd55ea-b04b-480d-9e37-5d6f9217dcc3&quot; id=&quot;0_yui-u-grid-1_div_56bd55ea-b04b-480d-9e37-5d6f9217dcc3&quot;&gt;#parseContainer(&apos;56bd55ea-b04b-480d-9e37-5d6f9217dcc3&apos;)&#xd;
&lt;/div&gt;&lt;/div&gt;&lt;div class=&quot;yui-u-template&quot; id=&quot;0_yui-u-grid-2&quot;&gt;&lt;div class=&quot;addContainerSpan&quot;&gt;&lt;a href=&quot;javascript: showAddContainerDialog(&apos;0_yui-u-grid-2&apos;);&quot; title=&quot;Add Container&quot;&gt;&lt;span class=&quot;plusBlueIcon&quot;&gt;&lt;/span&gt;Add Container&lt;/a&gt;&lt;/div&gt;&lt;span class=&quot;titleContainerSpan&quot; id=&quot;0_yui-u-grid-2_span_5363c6c6-5ba0-4946-b7af-cf875188ac2e&quot; title=&quot;container_5363c6c6-5ba0-4946-b7af-cf875188ac2e&quot;&gt;&lt;div class=&quot;removeDiv&quot;&gt;&lt;a href=&quot;javascript: removeDrawedContainer(&apos;0_yui-u-grid-2&apos;,&apos;5363c6c6-5ba0-4946-b7af-cf875188ac2e&apos;);&quot; title=&quot;Remove Container&quot;&gt;&lt;span class=&quot;minusIcon&quot;&gt;&lt;/span&gt;Remove Container&lt;/a&gt;&lt;/div&gt;&lt;div class=&quot;clear&quot;&gt;&lt;/div&gt;&lt;h2&gt;Container: Medium Column (md-1)&lt;/h2&gt;&lt;p&gt;Lorem ipsum dolor sit amet, consectetur adipisicing elit, sed do eiusmod tempor incididunt ut labore et dolore magna aliqua. Ut enim ad minim veniam, quis nostrud exercitation ullamco laboris nisi ut aliquip ex ea commodo consequat.&lt;/p&gt;&lt;/span&gt;&lt;div style=&quot;display: none;&quot; title=&quot;container_5363c6c6-5ba0-4946-b7af-cf875188ac2e&quot; id=&quot;0_yui-u-grid-2_div_5363c6c6-5ba0-4946-b7af-cf875188ac2e&quot;&gt;#parseContainer(&apos;5363c6c6-5ba0-4946-b7af-cf875188ac2e&apos;)&#xd;
&lt;/div&gt;&lt;/div&gt;&lt;/div&gt;&lt;/div&gt;&lt;/div&gt;&lt;/div&gt;&lt;div id=&quot;ft-template&quot;&gt;&lt;h1&gt;Footer&lt;/h1&gt;&lt;/div&gt;&lt;/div&gt;</drawedBody>
    <countAddContainer>2</countAddContainer>
    <countContainers>2</countContainers>
    <theme>e0a6cc33-7489-4cdb-bf5b-8c2b814973e4</theme>
  </com.dotmarketing.portlets.templates.model.Template>
  <com.dotmarketing.portlets.templates.model.Template>
    <iDate class="sql-timestamp">2014-09-02 18:44:29.419</iDate>
    <type>template</type>
    <inode>10baf501-ffbe-4cec-9e52-cfee23e43c87</inode>
    <identifier>1763fa6e-91c0-464e-8b16-9a25d7ae6ce5</identifier>
    <title>Intranet - 1 Column</title>
    <friendlyName>Intranet Theme One Column</friendlyName>
    <modDate class="sql-timestamp">2014-09-02 18:44:29.498</modDate>
    <modUser>dotcms.org.1</modUser>
    <sortOrder>0</sortOrder>
    <showOnMenu>false</showOnMenu>
    <body>&lt;html&gt;
 &lt;head&gt;
  #dotParse(&apos;//demo.dotcms.com/application/themes/intranet/html_head.vtl&apos;)
  &lt;link rel=&quot;stylesheet&quot; type=&quot;text/css&quot; href=&quot;/html/css/template/reset-fonts-grids.css&quot; /&gt;
 &lt;/head&gt;
 &lt;body&gt;
  &lt;div id=&quot;resp-template&quot; name=&quot;globalContainer&quot;&gt;
   &lt;div id=&quot;hd-template&quot;&gt;
    #dotParse(&apos;//demo.dotcms.com/application/themes/intranet/header.vtl&apos;)
   &lt;/div&gt;
   &lt;div id=&quot;bd-template&quot;&gt;
    &lt;div id=&quot;yui-main-template&quot;&gt;
     &lt;div class=&quot;yui-b-template&quot; id=&quot;splitBody0&quot;&gt;
      #parseContainer(&apos;56bd55ea-b04b-480d-9e37-5d6f9217dcc3&apos;)
     &lt;/div&gt;
    &lt;/div&gt;
   &lt;/div&gt;
   &lt;div id=&quot;ft-template&quot;&gt;
    #dotParse(&apos;//demo.dotcms.com/application/themes/intranet/footer.vtl&apos;)
   &lt;/div&gt;
  &lt;/div&gt;
 &lt;/body&gt;
&lt;/html&gt;</body>
    <image></image>
    <drawed>true</drawed>
    <drawedBody>&lt;div id=&quot;resp-template&quot; name=&quot;globalContainer&quot;&gt;&lt;div id=&quot;hd-template&quot;&gt;&lt;h1&gt;Header&lt;/h1&gt;&lt;/div&gt;&lt;div id=&quot;bd-template&quot;&gt;&lt;div id=&quot;yui-main-template&quot;&gt;&lt;div class=&quot;yui-b-template&quot; id=&quot;splitBody0&quot;&gt;&lt;div class=&quot;addContainerSpan&quot;&gt;&lt;a href=&quot;javascript: showAddContainerDialog(&apos;splitBody0&apos;);&quot; title=&quot;Add Container&quot;&gt;&lt;span class=&quot;plusBlueIcon&quot;&gt;&lt;/span&gt;Add Container&lt;/a&gt;&lt;/div&gt;&lt;span class=&quot;titleContainerSpan&quot; id=&quot;splitBody0_span_56bd55ea-b04b-480d-9e37-5d6f9217dcc3&quot; title=&quot;container_56bd55ea-b04b-480d-9e37-5d6f9217dcc3&quot;&gt;&lt;div class=&quot;removeDiv&quot;&gt;&lt;a href=&quot;javascript: removeDrawedContainer(&apos;splitBody0&apos;,&apos;56bd55ea-b04b-480d-9e37-5d6f9217dcc3&apos;);&quot; title=&quot;Remove Container&quot;&gt;&lt;span class=&quot;minusIcon&quot;&gt;&lt;/span&gt;Remove Container&lt;/a&gt;&lt;/div&gt;&lt;div class=&quot;clear&quot;&gt;&lt;/div&gt;&lt;h2&gt;Container: Large Column (lg-1)&lt;/h2&gt;&lt;p&gt;Lorem ipsum dolor sit amet, consectetur adipisicing elit, sed do eiusmod tempor incididunt ut labore et dolore magna aliqua. Ut enim ad minim veniam, quis nostrud exercitation ullamco laboris nisi ut aliquip ex ea commodo consequat.&lt;/p&gt;&lt;/span&gt;&lt;div style=&quot;display: none;&quot; title=&quot;container_56bd55ea-b04b-480d-9e37-5d6f9217dcc3&quot; id=&quot;splitBody0_div_56bd55ea-b04b-480d-9e37-5d6f9217dcc3&quot;&gt;#parseContainer(&apos;56bd55ea-b04b-480d-9e37-5d6f9217dcc3&apos;)&#xd;
&lt;/div&gt;&lt;/div&gt;&lt;/div&gt;&lt;/div&gt;&lt;div id=&quot;ft-template&quot;&gt;&lt;h1&gt;Footer&lt;/h1&gt;&lt;/div&gt;&lt;/div&gt;</drawedBody>
    <countAddContainer>1</countAddContainer>
    <countContainers>1</countContainers>
    <theme>e0a6cc33-7489-4cdb-bf5b-8c2b814973e4</theme>
  </com.dotmarketing.portlets.templates.model.Template>
  <com.dotmarketing.portlets.templates.model.Template>
    <iDate class="sql-timestamp">2015-10-19 20:50:08.26</iDate>
    <type>template</type>
    <inode>54b2ca77-4c91-4de5-bcc7-ccd4ce0ecd50</inode>
    <identifier>7623ea3e-c0e6-46d8-8db6-9070f7bfc342</identifier>
    <title>Blank</title>
    <friendlyName>Blank template</friendlyName>
    <modDate class="sql-timestamp">2015-10-19 20:50:08.271</modDate>
    <modUser>dotcms.org.1</modUser>
    <sortOrder>0</sortOrder>
    <showOnMenu>false</showOnMenu>
    <body>#parseContainer(&apos;d71d56b4-0a8b-4bb2-be15-ffa5a23366ea&apos;)</body>
    <image></image>
    <drawed>false</drawed>
    <countAddContainer>0</countAddContainer>
    <countContainers>0</countContainers>
  </com.dotmarketing.portlets.templates.model.Template>
  <com.dotmarketing.portlets.templates.model.Template>
    <iDate class="sql-timestamp">2014-09-26 18:15:53.724</iDate>
    <type>template</type>
    <inode>e1209b9b-0fd8-494d-b1cd-224cf00107cb</inode>
    <identifier>6da4cc0e-bdd8-412c-ad57-fc84c16add88</identifier>
    <title>Bear Mountain - One Pager</title>
    <friendlyName>One Pager template for Bear Mountain Theme</friendlyName>
    <modDate class="sql-timestamp">2014-09-26 18:15:53.786</modDate>
    <modUser>dotcms.org.1</modUser>
    <sortOrder>0</sortOrder>
    <showOnMenu>false</showOnMenu>
    <body>&lt;!DOCTYPE html&gt;&#xd;
&lt;html lang=&quot;en&quot;&gt;&#xd;
&lt;!--[if lt IE 7]&gt;      &lt;html class=&quot;no-js lt-ie9 lt-ie8 lt-ie7&quot;&gt; &lt;![endif]--&gt;&#xd;
&lt;!--[if IE 7]&gt;         &lt;html class=&quot;no-js lt-ie9 lt-ie8&quot;&gt; &lt;![endif]--&gt;&#xd;
&lt;!--[if IE 8]&gt;         &lt;html class=&quot;no-js lt-ie9&quot;&gt; &lt;![endif]--&gt;&#xd;
&lt;!--[if gt IE 8]&gt;&lt;!--&gt; &lt;html class=&quot;no-js&quot;&gt; &lt;!--&lt;![endif]--&gt;&#xd;
  &#xd;
#set($dotTheme = $contents.getEmptyMap())&#xd;
#set($blah1 = $dotTheme.put(&quot;path&quot;, &quot;/application/themes/one-pager/&quot;))&#xd;
  &#xd;
#set($dotThemeLayout = $contents.getEmptyMap())&#xd;
#set($blah2 = $dotThemeLayout.put(&quot;title&quot;, &quot;Bear Mountain&quot;))&#xd;
&#xd;
&lt;head&gt;  &#xd;
    #dotParse(&quot;${dotTheme.path}html_head.vtl&quot;)&#xd;
&lt;/head&gt;&#xd;
#set($utilClass = $pageTitle.toLowerCase().replace(&apos; &apos;, &apos;-&apos;))&#xd;
&#xd;
&lt;body data-spy=&quot;scroll&quot; data-target=&quot;.top-nav&quot; data-offset=&quot;100&quot;&gt;&#xd;
&#xd;
&lt;div class=&quot;body-wrapper&quot;&gt;&#xd;
    &#xd;
    #dotParse(&quot;${dotTheme.path}header.vtl&quot;)&#xd;
    &#xd;
    &lt;div class=&quot;content-wrapper&quot; id=&quot;hotel&quot;&gt;&#xd;
    	&lt;div class=&quot;container&quot;&gt;&#xd;
			&lt;div class=&quot;row&quot;&gt;&#xd;
				&lt;div class=&quot;col-sm-12&quot;&gt;&#xd;
					&lt;h2&gt;The Lodge&lt;/h2&gt;&#xd;
				&lt;/div&gt;&#xd;
			&lt;/div&gt;&#xd;
			&lt;div class=&quot;row&quot;&gt;&#xd;
				&lt;div class=&quot;col-md-6 col-sm-12&quot;&gt;&#xd;
					&lt;div class=&quot;wow fadeInLeft&quot; data-wow-delay=&quot;.8s&quot;&gt;&#xd;
						## Container: Default 2 (Page Content)&#xd;
	                    ## This is autogenerated code that cannot be changed&#xd;
	                    #parseContainer(&apos;5eb11b21-6b13-4fb8-a823-1de20bba56c0&apos;)&#xd;
	               &lt;/div&gt;&#xd;
	           &lt;/div&gt;&#xd;
	           &lt;div class=&quot;col-md-6 col-sm-12&quot;&gt;&#xd;
					&lt;div class=&quot;wow fadeInRight&quot; data-wow-delay=&quot;1.2s&quot;&gt;&#xd;
						## Container: Default 3 (Page Content)&#xd;
	                    ## This is autogenerated code that cannot be changed&#xd;
	                    #parseContainer(&apos;f1ba7688-453c-4c0d-a214-e5ac802b8034&apos;)&#xd;
	               &lt;/div&gt;&#xd;
	          &lt;/div&gt;&#xd;
	       &lt;/div&gt;&#xd;
	   &lt;/div&gt;&#xd;
	&lt;/div&gt;&#xd;
	   &#xd;
    &lt;div class=&quot;image-wrapper bg-image-1 hidden-xs&quot; data-stellar-background-ratio=&quot;0.5&quot;&gt;&lt;/div&gt;&#xd;
    &#xd;
    &lt;div class=&quot;content-wrapper&quot;&gt;&#xd;
		&lt;div class=&quot;container&quot;&gt;&#xd;
			&lt;div class=&quot;row&quot;&gt;&#xd;
				&lt;div class=&quot;col-sm-12&quot;&gt;&#xd;
                    ## Container: Default 1 (Page Content)&#xd;
                    ## This is autogenerated code that cannot be changed&#xd;
                    #parseContainer(&apos;56bd55ea-b04b-480d-9e37-5d6f9217dcc3&apos;)&#xd;
               &lt;/div&gt;&#xd;
          &lt;/div&gt;&#xd;
      &lt;/div&gt;&#xd;
   &lt;/div&gt;&#xd;
    &lt;div class=&quot;image-wrapper bg-image-2 hidden-xs&quot; data-stellar-background-ratio=&quot;0.7&quot;&gt;&lt;/div&gt;&#xd;
    &lt;div class=&quot;content-wrapper&quot;&gt;&#xd;
    	&lt;div class=&quot;container&quot;&gt;&#xd;
			&lt;div class=&quot;row&quot;&gt;&#xd;
				&lt;div class=&quot;col-sm-12&quot;&gt;&#xd;
                    ## Container: Default 4 (Page Content)&#xd;
                    ## This is autogenerated code that cannot be changed&#xd;
                    #parseContainer(&apos;a6e9652b-8183-4c09-b775-26196b09a300&apos;)&#xd;
               &lt;/div&gt;&#xd;
          &lt;/div&gt;&#xd;
      &lt;/div&gt;&#xd;
   &lt;/div&gt;&#xd;
&lt;/div&gt;&#xd;
&#xd;
#dotParse(&quot;${dotTheme.path}footer.vtl&quot;)&#xd;
&lt;a href=&quot;http://www.dotcms.com&quot; style=&quot;display:block;position:fixed;bottom:-175px;&quot;&gt;Powered by Dotcms - The Leading Open Source Java Content Management System&lt;/a&gt;&#xd;
&#xd;
&lt;/body&gt;&#xd;
&lt;/html&gt;</body>
    <image></image>
    <drawed>false</drawed>
    <countAddContainer>0</countAddContainer>
    <countContainers>0</countContainers>
  </com.dotmarketing.portlets.templates.model.Template>
</list>