<list>
  <com.dotmarketing.portlets.containers.model.Container>
    <iDate class="sql-timestamp">2017-03-08 17:59:53.384</iDate>
    <type>containers</type>
    <inode>4a655732-7b7c-48e2-9971-87558050eed9</inode>
    <identifier>b590d738-8bf9-42b0-a8dd-5787a4e20962</identifier>
    <title>Subnav Menu</title>
    <friendlyName>Sidebar Navigation</friendlyName>
    <modDate class="sql-timestamp">2017-03-08 17:59:53.386</modDate>
    <modUser>dotcms.org.1</modUser>
    <sortOrder>0</sortOrder>
    <showOnMenu>false</showOnMenu>
    <code>#dotParse(&quot;/application/vtl/containers/second-level-nav.vtl&quot;)</code>
    <maxContentlets>0</maxContentlets>
    <useDiv>false</useDiv>
    <sortContentletsBy></sortContentletsBy>
    <preLoop></preLoop>
    <postLoop></postLoop>
    <staticify>false</staticify>
    <luceneQuery></luceneQuery>
    <notes></notes>
  </com.dotmarketing.portlets.containers.model.Container>
  <com.dotmarketing.portlets.containers.model.Container>
    <iDate class="sql-timestamp">2017-03-07 19:00:25.993</iDate>
    <type>containers</type>
    <inode>f05ca8e0-eae5-422e-8e15-7a87734edda1</inode>
    <identifier>3f0255e8-b45d-46ea-8bb7-eb6597db4c1e</identifier>
    <title>Promotions (Homepage)</title>
    <friendlyName>Displays promtions and ads</friendlyName>
    <modDate class="sql-timestamp">2017-03-07 19:00:26.018</modDate>
    <modUser>dotcms.org.1</modUser>
    <sortOrder>0</sortOrder>
    <showOnMenu>false</showOnMenu>
    <code></code>
    <maxContentlets>4</maxContentlets>
    <useDiv>false</useDiv>
    <sortContentletsBy></sortContentletsBy>
    <preLoop>#if($EDIT_MODE)&#xd;
&lt;style&gt;&#xd;
  .home-promo .dotContentlet {&#xd;
    clear: none; float: left; width: 25%;&#xd;
  }&#xd;
  .home-promo .dotContentlet .promo-box {&#xd;
    width: auto;&#xd;
  }&#xd;
  .home-promo .col-md-3, .home-promo .col-xs-12, .home-promo .col-sm-6 {&#xd;
      width: 100%;&#xd;
  }&#xd;
&lt;/style&gt;&#xd;
#end&#xd;
&lt;div class=&quot;row home-promo&quot;&gt;</preLoop>
    <postLoop>&lt;/div&gt;</postLoop>
    <staticify>false</staticify>
    <luceneQuery></luceneQuery>
    <notes>    Homepage Promos:&#xd;
    - Promotions</notes>
  </com.dotmarketing.portlets.containers.model.Container>
  <com.dotmarketing.portlets.containers.model.Container>
    <iDate class="sql-timestamp">2016-01-25 16:37:53.294</iDate>
    <type>containers</type>
    <inode>427c47a4-c380-439f-a6d0-97d81deed57e</inode>
    <identifier>6a12bbda-0ae2-4121-a98b-ad8069eaff3a</identifier>
    <title>Banner Carousel </title>
    <friendlyName>Banner</friendlyName>
    <modDate class="sql-timestamp">2016-01-25 16:37:53.308</modDate>
    <modUser>dotcms.org.1</modUser>
    <sortOrder>0</sortOrder>
    <showOnMenu>false</showOnMenu>
    <code></code>
    <maxContentlets>1</maxContentlets>
    <useDiv>false</useDiv>
    <sortContentletsBy></sortContentletsBy>
    <preLoop></preLoop>
    <postLoop></postLoop>
    <staticify>false</staticify>
    <luceneQuery></luceneQuery>
    <notes></notes>
  </com.dotmarketing.portlets.containers.model.Container>
  <com.dotmarketing.portlets.containers.model.Container>
    <iDate class="sql-timestamp">2015-10-19 20:49:32.07</iDate>
    <type>containers</type>
    <inode>3ba890c5-670c-467d-890d-bd8e9b9bb5ef</inode>
    <identifier>d71d56b4-0a8b-4bb2-be15-ffa5a23366ea</identifier>
    <title>Blank Container</title>
    <friendlyName></friendlyName>
    <modDate class="sql-timestamp">2015-10-19 20:49:32.139</modDate>
    <modUser>dotcms.org.1</modUser>
    <sortOrder>0</sortOrder>
    <showOnMenu>false</showOnMenu>
    <code></code>
    <maxContentlets>50</maxContentlets>
    <useDiv>false</useDiv>
    <sortContentletsBy></sortContentletsBy>
    <preLoop></preLoop>
    <postLoop></postLoop>
    <staticify>false</staticify>
    <luceneQuery></luceneQuery>
    <notes></notes>
  </com.dotmarketing.portlets.containers.model.Container>
  <com.dotmarketing.portlets.containers.model.Container>
    <iDate class="sql-timestamp">2015-02-13 15:49:11.078</iDate>
    <type>containers</type>
    <inode>dde0b865-6cea-4ff0-8582-85e5974cf94f</inode>
    <identifier>56bd55ea-b04b-480d-9e37-5d6f9217dcc3</identifier>
    <title>Large Column (lg-1)</title>
    <friendlyName>Large body column container</friendlyName>
    <modDate class="sql-timestamp">2015-02-17 21:01:06.107</modDate>
    <modUser>dotcms.org.1</modUser>
    <sortOrder>0</sortOrder>
    <showOnMenu>false</showOnMenu>
    <code></code>
    <maxContentlets>25</maxContentlets>
    <useDiv>false</useDiv>
    <sortContentletsBy></sortContentletsBy>
    <preLoop>&lt;div class=&quot;large-column&quot;&gt;</preLoop>
    <postLoop>&lt;/div&gt;</postLoop>
    <staticify>false</staticify>
    <luceneQuery></luceneQuery>
    <notes>    Large Column:&#xd;
    - Blog&#xd;
    - Events&#xd;
    - Generic&#xd;
    - Location&#xd;
    - Media&#xd;
    - News&#xd;
    - Documents&#xd;
    - Products</notes>
  </com.dotmarketing.portlets.containers.model.Container>
  <com.dotmarketing.portlets.containers.model.Container>
    <iDate class="sql-timestamp">2014-09-30 19:52:57.274</iDate>
    <type>containers</type>
    <inode>0ba8735d-bee3-4216-a05f-a8743967d28a</inode>
    <identifier>fc193c82-8c32-4abe-ba8a-49522328c93e</identifier>
    <title>Small Column (sm-1)</title>
    <friendlyName>Small body column container</friendlyName>
    <modDate class="sql-timestamp">2014-10-01 00:42:03.152</modDate>
    <modUser>dotcms.org.1</modUser>
    <sortOrder>0</sortOrder>
    <showOnMenu>false</showOnMenu>
    <code></code>
    <maxContentlets>25</maxContentlets>
    <useDiv>false</useDiv>
    <sortContentletsBy></sortContentletsBy>
    <preLoop>&lt;div class=&quot;small-column&quot;&gt;</preLoop>
    <postLoop>&lt;/div&gt;</postLoop>
    <staticify>false</staticify>
    <luceneQuery></luceneQuery>
    <notes>    Small Column:&#xd;
    - Blog&#xd;
    - Events&#xd;
    - Generic&#xd;
    - Location&#xd;
    - Media&#xd;
    - News&#xd;
    - Documents&#xd;
    - Products</notes>
  </com.dotmarketing.portlets.containers.model.Container>
  <com.dotmarketing.portlets.containers.model.Container>
    <iDate class="sql-timestamp">2014-09-30 19:52:33.717</iDate>
    <type>containers</type>
    <inode>a1603d92-9530-403e-ba7c-2b4fbe9da44d</inode>
    <identifier>d5f5f4ee-067e-4d72-addd-afd80989f684</identifier>
    <title>Medium Column (md-3)</title>
    <friendlyName>Medium body column container</friendlyName>
    <modDate class="sql-timestamp">2014-09-30 20:06:50.418</modDate>
    <modUser>dotcms.org.1</modUser>
    <sortOrder>0</sortOrder>
    <showOnMenu>false</showOnMenu>
    <code></code>
    <maxContentlets>25</maxContentlets>
    <useDiv>false</useDiv>
    <sortContentletsBy></sortContentletsBy>
    <preLoop>&lt;div class=&quot;medium-column&quot;&gt;</preLoop>
    <postLoop>&lt;/div&gt;</postLoop>
    <staticify>false</staticify>
    <luceneQuery></luceneQuery>
    <notes>    Medium Column:&#xd;
    - Blog&#xd;
    - Events&#xd;
    - Generic&#xd;
    - Location&#xd;
    - Media&#xd;
    - News&#xd;
    - Documents&#xd;
    - Products</notes>
  </com.dotmarketing.portlets.containers.model.Container>
  <com.dotmarketing.portlets.containers.model.Container>
    <iDate class="sql-timestamp">2014-09-30 19:52:17.048</iDate>
    <type>containers</type>
    <inode>2332e70e-f2b3-49b6-a455-8ad90167dc0c</inode>
    <identifier>bf26b7b2-7a97-4bb6-9887-834ea03341db</identifier>
    <title>Medium Column (md-2)</title>
    <friendlyName>Medium body column container</friendlyName>
    <modDate class="sql-timestamp">2014-09-30 20:06:50.414</modDate>
    <modUser>dotcms.org.1</modUser>
    <sortOrder>0</sortOrder>
    <showOnMenu>false</showOnMenu>
    <code></code>
    <maxContentlets>25</maxContentlets>
    <useDiv>false</useDiv>
    <sortContentletsBy></sortContentletsBy>
    <preLoop>&lt;div class=&quot;medium-column&quot;&gt;</preLoop>
    <postLoop>&lt;/div&gt;</postLoop>
    <staticify>false</staticify>
    <luceneQuery></luceneQuery>
    <notes>    Medium Column:&#xd;
    - Blog&#xd;
    - Events&#xd;
    - Generic&#xd;
    - Location&#xd;
    - Media&#xd;
    - News&#xd;
    - Documents&#xd;
    - Products</notes>
  </com.dotmarketing.portlets.containers.model.Container>
  <com.dotmarketing.portlets.containers.model.Container>
    <iDate class="sql-timestamp">2014-09-30 19:51:52.698</iDate>
    <type>containers</type>
    <inode>4b4d724a-00e5-48a6-8903-29f7b933b1a1</inode>
    <identifier>5363c6c6-5ba0-4946-b7af-cf875188ac2e</identifier>
    <title>Medium Column (md-1)</title>
    <friendlyName>Medium body column container</friendlyName>
    <modDate class="sql-timestamp">2014-10-01 00:42:03.147</modDate>
    <modUser>dotcms.org.1</modUser>
    <sortOrder>0</sortOrder>
    <showOnMenu>false</showOnMenu>
    <code></code>
    <maxContentlets>25</maxContentlets>
    <useDiv>false</useDiv>
    <sortContentletsBy></sortContentletsBy>
    <preLoop>&lt;div class=&quot;medium-column&quot;&gt;</preLoop>
    <postLoop>&lt;/div&gt;</postLoop>
    <staticify>false</staticify>
    <luceneQuery></luceneQuery>
    <notes>    Medium Column:&#xd;
    - Blog&#xd;
    - Events&#xd;
    - Generic&#xd;
    - Location&#xd;
    - Media&#xd;
    - News&#xd;
    - Documents&#xd;
    - Products</notes>
  </com.dotmarketing.portlets.containers.model.Container>
  <com.dotmarketing.portlets.containers.model.Container>
    <iDate class="sql-timestamp">2013-05-06 18:54:25.953</iDate>
    <type>containers</type>
    <owner></owner>
    <inode>a7445635-14a4-47fc-a9ae-5ff4c80acffe</inode>
    <identifier>5eb11b21-6b13-4fb8-a823-1de20bba56c0</identifier>
    <title>Default 2 (Page Content)</title>
    <friendlyName>Displays Page Content</friendlyName>
    <modDate class="sql-timestamp">2013-05-06 18:54:25.976</modDate>
    <modUser>dotcms.org.1</modUser>
    <sortOrder>0</sortOrder>
    <showOnMenu>false</showOnMenu>
    <code></code>
    <maxContentlets>25</maxContentlets>
    <useDiv>false</useDiv>
    <sortContentletsBy></sortContentletsBy>
    <preLoop></preLoop>
    <postLoop></postLoop>
    <staticify>false</staticify>
    <luceneQuery></luceneQuery>
    <notes>This container display the body field of the content type Page Content.</notes>
  </com.dotmarketing.portlets.containers.model.Container>
  <com.dotmarketing.portlets.containers.model.Container>
    <iDate class="sql-timestamp">2013-05-06 18:54:21.324</iDate>
    <type>containers</type>
    <owner></owner>
    <inode>3efc001e-db68-408a-ac50-1284c1afe533</inode>
    <identifier>f1ba7688-453c-4c0d-a214-e5ac802b8034</identifier>
    <title>Default 3 (Page Content)</title>
    <friendlyName>Displays Page Content</friendlyName>
    <modDate class="sql-timestamp">2013-05-06 18:54:21.35</modDate>
    <modUser>dotcms.org.1</modUser>
    <sortOrder>0</sortOrder>
    <showOnMenu>false</showOnMenu>
    <code></code>
    <maxContentlets>25</maxContentlets>
    <useDiv>false</useDiv>
    <sortContentletsBy></sortContentletsBy>
    <preLoop></preLoop>
    <postLoop></postLoop>
    <staticify>false</staticify>
    <luceneQuery></luceneQuery>
    <notes>This container display the body field of the content type Page Content.</notes>
  </com.dotmarketing.portlets.containers.model.Container>
  <com.dotmarketing.portlets.containers.model.Container>
    <iDate class="sql-timestamp">2013-05-06 18:54:14.855</iDate>
    <type>containers</type>
    <owner></owner>
    <inode>8cbcb97e-8e04-4691-8555-da82c3dc4a91</inode>
    <identifier>a6e9652b-8183-4c09-b775-26196b09a300</identifier>
    <title>Default 4 (Page Content)</title>
    <friendlyName>Displays Page Content</friendlyName>
    <modDate class="sql-timestamp">2013-05-06 18:54:14.875</modDate>
    <modUser>dotcms.org.1</modUser>
    <sortOrder>0</sortOrder>
    <showOnMenu>false</showOnMenu>
    <code></code>
    <maxContentlets>25</maxContentlets>
    <useDiv>false</useDiv>
    <sortContentletsBy></sortContentletsBy>
    <preLoop></preLoop>
    <postLoop></postLoop>
    <staticify>false</staticify>
    <luceneQuery></luceneQuery>
    <notes>This container display the body field of the content type Page Content.</notes>
  </com.dotmarketing.portlets.containers.model.Container>
</list>