<list>
  <com.dotmarketing.beans.ContainerStructure>
    <id>070311a6-4909-4380-9593-0deb7a703121</id>
    <structureId>2a3e91e4-fbbf-4876-8c5b-2233c1739b05</structureId>
    <containerInode>a1603d92-9530-403e-ba7c-2b4fbe9da44d</containerInode>
    <containerId>d5f5f4ee-067e-4d72-addd-afd80989f684</containerId>
    <code>#dotedit($CONTENT_INODE, $body)</code>
  </com.dotmarketing.beans.ContainerStructure>
  <com.dotmarketing.beans.ContainerStructure>
    <id>07a7c966-ad64-41f2-86cc-3aa38d028955</id>
    <structureId>d2a77f80-2628-4819-bfe9-e9916eb6ba70</structureId>
    <containerInode>dde0b865-6cea-4ff0-8582-85e5974cf94f</containerInode>
    <containerId>56bd55ea-b04b-480d-9e37-5d6f9217dcc3</containerId>
    <code>&lt;div class=&quot;media&quot;&gt;&#xd;
    &lt;a class=&quot;pull-left&quot; href=&quot;/locations/$urlTitle&quot;&gt;&#xd;
    	&lt;div class=&quot;media-badge&quot;&gt;&#xd;
			#if ($UtilMethods.isSet(${imageBinaryFileURI})) &#xd;
	   			&lt;img src=&quot;/contentAsset/image/${ContentIdentifier}/image/filter/Resize/resize_w/150&quot; /&gt;&#xd;
	      	#else&#xd;
	      		&lt;div class=&quot;thumb&quot; style=&quot;width: 150px;height:120px;&quot;&gt;&#xd;
		      		No Pic&#xd;
				&lt;/div&gt;&#xd;
	      	#end&#xd;
		&lt;/div&gt;&#xd;
	&lt;/a&gt;&#xd;
	&lt;div class=&quot;media-body&quot;&gt;&#xd;
        &lt;span class=&quot;label label-default pull-right&quot;&gt;Location&lt;/span&gt;&#xd;
    	&lt;div class=&quot;media-heading&quot;&gt;&lt;a href=&quot;/locations/$urlTitle&quot;&gt;$title&lt;/a&gt;&lt;/div&gt;&#xd;
    	&lt;address&gt;&#xd;
			$address1&lt;br/&gt;&#xd;
			#if ($UtilMethods.isSet($address2))&#xd;
				$address2&lt;br/&gt;&#xd;
			#end&#xd;
			$city, &#xd;
			$state $zip&#xd;
			#if($country != &quot;United States&quot; &amp;&amp; $country != &quot;Canada&quot;)&#xd;
				$country&#xd;
			#end&#xd;
		&lt;/address&gt;&#xd;
	&lt;/div&gt;&#xd;
&lt;/div&gt;&#xd;
&lt;div class=&quot;location-description&quot;&gt;&#xd;
	## This trims the HTML and shorts the description field 200 character&#xd;
	#set($y = $description.replaceAll(&quot;&lt;[^&gt;]*&gt;&quot;, &quot;&quot;))&#xd;
	#set($y = $UtilMethods.prettyShortenString(&quot;$y&quot;, 200))&#xd;
	&lt;p&gt;$y&lt;/p&gt;&#xd;
&lt;/div&gt;&#xd;
&#xd;
&lt;hr&gt;</code>
  </com.dotmarketing.beans.ContainerStructure>
  <com.dotmarketing.beans.ContainerStructure>
    <id>11c9581f-230d-46e1-8927-9c51b4a4d571</id>
    <structureId>d2a77f80-2628-4819-bfe9-e9916eb6ba70</structureId>
    <containerInode>a1603d92-9530-403e-ba7c-2b4fbe9da44d</containerInode>
    <containerId>d5f5f4ee-067e-4d72-addd-afd80989f684</containerId>
    <code>&lt;div class=&quot;media&quot;&gt;&#xd;
    &lt;span class=&quot;label label-default pull-right&quot;&gt;Location&lt;/span&gt;&#xd;
    &lt;a href=&quot;/locations/$urlTitle&quot; class=&quot;pull-left icon-badge&quot;&gt;&#xd;
        &lt;i class=&quot;fa fa-map-marker fa-3x&quot;&gt;&lt;/i&gt;&#xd;
    &lt;/a&gt;&#xd;
    &lt;div class=&quot;media-body&quot;&gt;&#xd;
        &lt;a href=&quot;/locations/$urlTitle&quot;&gt;&#xd;
        	&lt;div class=&quot;media-heading&quot;&gt;$!{title}&lt;/div&gt;&#xd;
		&lt;/a&gt;&#xd;
		&lt;address&gt;&#xd;
			$address1&#xd;
			#if ($UtilMethods.isSet($address2))&#xd;
				$address2&lt;br/&gt;&#xd;
			#end&#xd;
			$city, &#xd;
			$state $zip&#xd;
			#if($country != &quot;United States&quot; &amp;&amp; $country != &quot;Canada&quot;)&#xd;
				$country&#xd;
			#end&#xd;
		&lt;/address&gt;&#xd;
	&lt;/div&gt;&#xd;
&lt;/div&gt;&#xd;
&#xd;
&lt;hr&gt;</code>
  </com.dotmarketing.beans.ContainerStructure>
  <com.dotmarketing.beans.ContainerStructure>
    <id>16fb4667-2874-4038-aaab-85dae5677ab2</id>
    <structureId>d8262b9f-84ea-46f9-88c4-0c8959271d67</structureId>
    <containerInode>dde0b865-6cea-4ff0-8582-85e5974cf94f</containerInode>
    <containerId>56bd55ea-b04b-480d-9e37-5d6f9217dcc3</containerId>
    <code>&lt;div class=&quot;media&quot;&gt;&#xd;
    &lt;div class=&quot;media-badge pull-left&quot;&gt;&#xd;
		## IF IMAGE&#xd;
	    #if ($UtilMethods.isSet(${fileAssetBinaryFileURI})) &#xd;
	      &lt;a href=&quot;/contentAsset/resize-image/${ContentIdentifier}/fileAsset?w=560&quot; class=&quot;thumb image-thumb js-fancybox-img&quot; title=&quot;${title}&quot;&gt;&#xd;
	        &lt;img src=&quot;/contentAsset/resize-image/${ContentIdentifier}/fileAsset?w=150&quot; /&gt;&#xd;
	      &lt;/a&gt;&#xd;
	    #end&#xd;
	&lt;/div&gt;&#xd;
	&lt;div class=&quot;media-body&quot;&gt;&#xd;
		&lt;span class=&quot;label label-default pull-right&quot;&gt;Document&lt;/span&gt;&#xd;
    	&lt;div class=&quot;media-heading&quot;&gt;${title}&lt;/div&gt;&#xd;
	    #if ($UtilMethods.isSet($description1))&#xd;
	      &lt;p&gt;$description1&lt;/p&gt;&#xd;
	    #end&#xd;
		#if ($UtilMethods.isSet($sysPublishDate) || $topic.size() &gt; 0 || $UtilMethods.isSet($tags))&#xd;
			&lt;dl class=&quot;dl-horizontal document-detail-meta&quot;&gt;&#xd;
				#if ($UtilMethods.isSet($sysPublishDate))&#xd;
					&lt;div class=&quot;item-line&quot;&gt;&#xd;
						&lt;dt&gt;Publish on:&lt;/dt&gt;&#xd;
						&lt;dd&gt;&lt;time&gt;$date.format(&apos;MM/dd/yyyy&apos;,$sysPublishDate)&lt;/time&gt;&lt;/dd&gt;&#xd;
					&lt;/div&gt;&#xd;
				#end&#xd;
			&lt;/dl&gt;&#xd;
		#end&#xd;
	&lt;/div&gt;&#xd;
&lt;/div&gt;&#xd;
&#xd;
&lt;hr&gt;</code>
  </com.dotmarketing.beans.ContainerStructure>
  <com.dotmarketing.beans.ContainerStructure>
    <id>1f52a7b0-9305-46df-911a-33cebf960c46</id>
    <structureId>d8262b9f-84ea-46f9-88c4-0c8959271d67</structureId>
    <containerInode>a1603d92-9530-403e-ba7c-2b4fbe9da44d</containerInode>
    <containerId>d5f5f4ee-067e-4d72-addd-afd80989f684</containerId>
    <code>&lt;div class=&quot;media&quot;&gt;&#xd;
    &lt;span class=&quot;label label-default pull-right&quot;&gt;Document&lt;/span&gt;&#xd;
&#xd;
    &lt;div class=&quot;media-heading&quot;&gt;&#xd;
        #if ($UtilMethods.isSet(${fileAssetBinaryFileURI})) &#xd;
        	&lt;a href=&quot;$!{fileAssetBinaryFileURI}?force_download=1&amp;filename=$!{fileAssetBinaryFileTitle}&quot;&gt;${title}&lt;/a&gt; &#xd;
		#end &#xd;
    &lt;/div&gt;&#xd;
    #if ($UtilMethods.isSet($description1))&#xd;
      &lt;div class=&quot;media-subheading&quot;&gt;$UtilMethods.prettyShortenString(&quot;$description1&quot;, 125)&lt;/div&gt;&#xd;
    #end&#xd;
&lt;/div&gt;&#xd;
&#xd;
&lt;hr&gt;</code>
  </com.dotmarketing.beans.ContainerStructure>
  <com.dotmarketing.beans.ContainerStructure>
    <id>20a89311-0e83-47be-b57c-de3be4f7deb4</id>
    <structureId>2182e848-0240-4931-b63d-824962b66007</structureId>
    <containerInode>a1603d92-9530-403e-ba7c-2b4fbe9da44d</containerInode>
    <containerId>d5f5f4ee-067e-4d72-addd-afd80989f684</containerId>
    <code>&lt;div class=&quot;media&quot;&gt;&#xd;
    #if ($UtilMethods.isSet(${fileBinaryFileURI}))&#xd;
      #set ($filePath = $!{fileBinaryFileURI} + &apos;/&apos; + $!{fileBinaryFileTitle})&#xd;
    #else&#xd;
      #set ($filePath = $url)&#xd;
    #end&#xd;
    #if ($UtilMethods.getFileExtension($filePath) != &apos;mp3&apos;)&#xd;
&#xd;
      #if ($UtilMethods.isImage($filePath))&#xd;
          &lt;a href=&quot;${filePath}&quot; class=&quot;js-fancybox-img thumb image-thumb&quot; title=&quot;$!{title}&quot;&gt;&#xd;
            #if ($UtilMethods.isImage($file))&#xd;
              &lt;img src=&quot;/contentAsset/resize-image/${ContentIdentifier}/file/w/400&quot; alt=&quot;$!{title}&quot; /&gt;&#xd;
            #else&#xd;
              &lt;img src=&quot;/contentAsset/resize-image/${ContentIdentifier}/thumbnail/w/400&quot; alt=&quot;$!{title}&quot; /&gt;&#xd;
            #end&#xd;
          &lt;/a&gt;&#xd;
      #else&#xd;
        #if ($UtilMethods.isSet(${fileBinaryFileURI}))&#xd;
            &lt;a href=&quot;#$!{ContentIdentifier}&quot; class=&quot;js-fancybox-media-file thumb media-thumb&quot; title=&quot;$!{title}&quot;&gt;&#xd;
              #if ($UtilMethods.isSet(${thumbnailBinaryFileURI}))&#xd;
                &lt;img src=&quot;/contentAsset/resize-image/${ContentIdentifier}/thumbnail/w/400&quot; alt=&quot;$!{title}&quot; /&gt;&#xd;
              #else&#xd;
                $!{title}&#xd;
              #end&#xd;
            &lt;/a&gt;&#xd;
            &lt;div class=&quot;hidden&quot;&gt;&#xd;
              &lt;video id=&quot;$!{ContentIdentifier}&quot; class=&quot;video-js vjs-default-skin vjs-big-play-centered&quot;&#xd;
                controls preload=&quot;auto&quot; width=&quot;640&quot; height=&quot;480&quot;&#xd;
                poster=&quot;/contentAsset/resize-image/${ContentIdentifier}/thumbnail/w/640&quot;&#xd;
                data-setup=&apos;{ &quot;controls&quot;: true, &quot;autoplay&quot;: false, &quot;preload&quot;: &quot;metadata&quot; }&apos;&gt;&#xd;
                &lt;source src=&quot;$!{filePath}&quot; type=&apos;video/$!{UtilMethods.getFileExtension($filePath)}&apos; /&gt;&#xd;
              &lt;/video&gt;&#xd;
            &lt;/div&gt;&#xd;
        #else&#xd;
            &lt;a href=&quot;$!{filePath}&quot; class=&quot;js-fancybox-media-link thumb media-thumb&quot; title=&quot;$!{title}&quot;&gt;&#xd;
              #if ($UtilMethods.isSet(${thumbnailBinaryFileURI}))&#xd;
                &lt;img src=&quot;/contentAsset/resize-image/${ContentIdentifier}/thumbnail/w/400&quot; alt=&quot;$!{title}&quot; /&gt;&#xd;
              #else&#xd;
                $!{title}&#xd;
              #end&#xd;
            &lt;/a&gt;&#xd;
        #end&#xd;
      #end&#xd;
&#xd;
    #else&#xd;
        &lt;a href=&quot;#$!{ContentIdentifier}&quot; class=&quot;js-fancybox-media-file thumb media-thumb&quot; title=&quot;$!{title}&quot;&gt;&#xd;
          #if ($UtilMethods.isSet(${thumbnailBinaryFileURI}))&#xd;
            &lt;img src=&quot;/contentAsset/resize-image/${ContentIdentifier}/thumbnail/w/400&quot; alt=&quot;$!{title}&quot; /&gt;&#xd;
          #else&#xd;
            $!{title}&#xd;
          #end&#xd;
        &lt;/a&gt;&#xd;
        &lt;div class=&quot;hidden&quot;&gt;&#xd;
          &lt;audio id=&quot;$!{ContentIdentifier}&quot; class=&quot;video-js vjs-default-skin vjs-big-play-centered&quot;&#xd;
            controls preload=&quot;auto&quot; width=&quot;640&quot; height=&quot;480&quot;&gt;&#xd;
            &lt;source src=&quot;$!{filePath}&quot; type=&apos;audio/$!{UtilMethods.getFileExtension($filePath)}&apos; /&gt;&#xd;
          &lt;/audio&gt;&#xd;
        &lt;/div&gt;&#xd;
    #end&#xd;
&lt;/div&gt;&#xd;
&#xd;
&lt;hr&gt;</code>
  </com.dotmarketing.beans.ContainerStructure>
  <com.dotmarketing.beans.ContainerStructure>
    <id>226cc505-c9b2-4b81-bbae-2826857f6b62</id>
    <structureId>9ea36ae1-7775-48ae-99fe-f4ebca03a3de</structureId>
    <containerInode>dde0b865-6cea-4ff0-8582-85e5974cf94f</containerInode>
    <containerId>56bd55ea-b04b-480d-9e37-5d6f9217dcc3</containerId>
    <code>&lt;script&gt;&#xd;
    $(document).ready(function() {&#xd;
&#xd;
	    jQuery.getJSON(&quot;http://query.yahooapis.com/v1/public/yql?q=select%20*%20from%20yahoo.finance.quotes%20where%20symbol%20in%20(%22$!{tickerSymbol}%22)&amp;format=json&amp;env=store%3A%2F%2Fdatatables.org%2Falltableswithkeys&amp;callback=?&quot;,&#xd;
	    function(data) {&#xd;
	      var q = (data.query.results.quote.PreviousClose);&#xd;
	      var x = (data.query.results.quote.Change);&#xd;
	      var y = (data.query.results.quote.PercentChange);&#xd;
	&#xd;
	      jQuery(&quot;#price$!{tickerSymbol}LG&quot;).append(q);&#xd;
	&#xd;
	      if (x.indexOf(&quot;-&quot;) != -1) {&#xd;
	        var x = &quot;&lt;span class=\&quot;down\&quot;&gt;&amp;nbsp;&quot; + x + &quot;&amp;nbsp;(&quot; + y + &quot;)&lt;/span&gt;&quot;;&#xd;
	      } else if (x.indexOf(&quot;+&quot;) != -1) {&#xd;
	        var x = &quot;&lt;span class=\&quot;up\&quot;&gt;&amp;nbsp;&quot; + x + &quot;&amp;nbsp;(&quot; + y + &quot;)&lt;/span&gt;&quot;;&#xd;
	      } else {&#xd;
	        var x = &quot;&lt;span&gt;&amp;nbsp;&quot; + x + &quot;&amp;nbsp;(&quot; + y + &quot;)&lt;/span&gt;&quot;;&#xd;
	      }&#xd;
	      jQuery(&quot;#change$!{tickerSymbol}LG&quot;).append(x);&#xd;
	    });&#xd;
&#xd;
	});&#xd;
&lt;/script&gt;&#xd;
&lt;div class=&quot;row&quot;&gt;&#xd;
    &lt;div class=&quot;col-sm-6&quot;&gt;&#xd;
		&lt;img src=&quot;http://chart.finance.yahoo.com/c/5b/v/$!{tickerSymbol}?lang=en-US&amp;region=US&amp;width=300&amp;height=180&quot; alt=&quot;Chart for $!{tickerSymbol}&quot; width=&quot;100%&quot;&gt;&#xd;
	&lt;/div&gt;&#xd;
	&lt;div class=&quot;col-sm-6&quot;&gt;&#xd;
		&lt;div class=&quot;media-body&quot;&gt;&#xd;
			&lt;span class=&quot;label label-default pull-right&quot;&gt;Product&lt;/span&gt;&#xd;
	    	&lt;div class=&quot;media-heading&quot;&gt;&lt;a href=&quot;/products/$urlTitle&quot;&gt;$title ($!{tickerSymbol})&lt;/a&gt;&lt;/div&gt;&#xd;
			&lt;table class=&quot;table product-info&quot;&gt;&#xd;
				&lt;tr&gt;&#xd;
					&lt;td&gt;Price:&lt;/td&gt;&#xd;
					&lt;td class=&quot;price&quot; id=&quot;price$!{tickerSymbol}LG&quot;&gt;&lt;/td&gt;&#xd;
				&lt;/tr&gt;&#xd;
				&lt;tr&gt;&#xd;
					&lt;td&gt;Change:&lt;/td&gt;&#xd;
					&lt;td&gt;&lt;span id=&quot;change$!{tickerSymbol}LG&quot;&gt;&lt;/span&gt;&lt;/td&gt;&#xd;
				&lt;/tr&gt;&#xd;
				&lt;tr&gt;&#xd;
					&lt;td&gt;Asset Class:&lt;/td&gt;&#xd;
					&lt;td&gt;$!{assetClass}&lt;/td&gt;&#xd;
				&lt;/tr&gt;&#xd;
			&lt;/table&gt;&#xd;
		&lt;/div&gt;&#xd;
	&lt;/div&gt;&#xd;
&lt;/div&gt;&#xd;
&#xd;
&lt;hr&gt;</code>
  </com.dotmarketing.beans.ContainerStructure>
  <com.dotmarketing.beans.ContainerStructure>
    <id>23991552-6427-48b4-901c-7a5894c7670e</id>
    <structureId>799f176a-d32e-4844-a07c-1b5fcd107578</structureId>
    <containerInode>a1603d92-9530-403e-ba7c-2b4fbe9da44d</containerInode>
    <containerId>d5f5f4ee-067e-4d72-addd-afd80989f684</containerId>
    <code>&lt;span class=&quot;label label-default pull-right&quot;&gt;Blog&lt;/span&gt;&#xd;
&lt;a href=&quot;/blogs/$urlTitle&quot; class=&quot;media-heading&quot;&gt;$title&lt;/a&gt;&#xd;
&lt;div class=&quot;media-subheading&quot;&gt;&#xd;
    &lt;time datetime=&quot;$date.format(&apos;yyyy-MM-dd&apos;,$sysPublishDate)T$date.format(&apos;hh:mm:ss&apos;,$sysPublishDate)&quot; class=&quot;date&quot;&gt;$date.format(&apos;MMM dd yyyy&apos;, $sysPublishDate)&lt;/time&gt;&#xd;
    &lt;span class=&quot;author&quot;&gt;by: $author&lt;/span&gt;&#xd;
&lt;/div&gt;&#xd;
&#xd;
&lt;hr&gt;</code>
  </com.dotmarketing.beans.ContainerStructure>
  <com.dotmarketing.beans.ContainerStructure>
    <id>27e92b33-ab80-42da-9389-d20c602a4ef9</id>
    <structureId>d2a77f80-2628-4819-bfe9-e9916eb6ba70</structureId>
    <containerInode>9ab97328-e72f-4d7e-8be6-232f53218a93</containerInode>
    <containerId>5363c6c6-5ba0-4946-b7af-cf875188ac2e</containerId>
    <code>&lt;div class=&quot;media&quot;&gt;&#xd;
    &lt;span class=&quot;label label-default pull-right&quot;&gt;Location&lt;/span&gt;&#xd;
    &lt;a href=&quot;/locations/$urlTitle&quot; class=&quot;pull-left icon-badge&quot;&gt;&#xd;
        &lt;i class=&quot;fa fa-map-marker fa-3x&quot;&gt;&lt;/i&gt;&#xd;
    &lt;/a&gt;&#xd;
    &lt;div class=&quot;media-body&quot;&gt;&#xd;
        &lt;a href=&quot;/locations/$urlTitle&quot;&gt;&#xd;
        	&lt;div class=&quot;media-heading&quot;&gt;$!{title}&lt;/div&gt;&#xd;
		&lt;/a&gt;&#xd;
		&lt;address&gt;&#xd;
			$address1&#xd;
			#if ($UtilMethods.isSet($address2))&#xd;
				$address2&lt;br/&gt;&#xd;
			#end&#xd;
			$city, &#xd;
			$state $zip&#xd;
			#if($country != &quot;United States&quot; &amp;&amp; $country != &quot;Canada&quot;)&#xd;
				$country&#xd;
			#end&#xd;
		&lt;/address&gt;&#xd;
	&lt;/div&gt;&#xd;
&lt;/div&gt;&#xd;
&#xd;
&lt;hr&gt;</code>
  </com.dotmarketing.beans.ContainerStructure>
  <com.dotmarketing.beans.ContainerStructure>
    <id>29412aaf-aa27-454f-87b2-9f2b58c811ca</id>
    <structureId>f6259cc9-5d78-453e-8167-efd7b72b2e96</structureId>
    <containerInode>0ba8735d-bee3-4216-a05f-a8743967d28a</containerInode>
    <containerId>fc193c82-8c32-4abe-ba8a-49522328c93e</containerId>
    <code>&lt;div class=&quot;media&quot;&gt;&#xd;
    &lt;a class=&quot;pull-left&quot; href=&quot;/news-events/events/$urlTitle&quot;&gt;&#xd;
          &lt;div class=&quot;date-badge&quot;&gt;&#xd;
      		&lt;span class=&quot;date-month&quot;&gt;$date.format(&apos;MMM&apos;, ${startDate})&lt;/span&gt;&#xd;
      		&lt;span class=&quot;date-day&quot;&gt;$date.format(&apos;d&apos;, ${startDate})&lt;/span&gt;&#xd;
      	&lt;/div&gt;&#xd;
	&lt;/a&gt;&#xd;
	&lt;div class=&quot;media-body&quot;&gt;&#xd;
    	&lt;div class=&quot;media-heading&quot;&gt;&lt;a href=&quot;/news-events/events/$urlTitle&quot;&gt;$title&lt;/a&gt;&lt;/div&gt;&#xd;
	&lt;/div&gt;&#xd;
&lt;/div&gt;&#xd;
&#xd;
&lt;hr&gt;</code>
  </com.dotmarketing.beans.ContainerStructure>
  <com.dotmarketing.beans.ContainerStructure>
    <id>2b306b13-4142-4126-9e9e-0026197588b1</id>
    <structureId>799f176a-d32e-4844-a07c-1b5fcd107578</structureId>
    <containerInode>9ab97328-e72f-4d7e-8be6-232f53218a93</containerInode>
    <containerId>5363c6c6-5ba0-4946-b7af-cf875188ac2e</containerId>
    <code>&lt;span class=&quot;label label-default pull-right&quot;&gt;Blog&lt;/span&gt;&#xd;
&lt;a href=&quot;/blogs/$urlTitle&quot; class=&quot;media-heading&quot;&gt;$title&lt;/a&gt;&#xd;
&lt;div class=&quot;media-subheading&quot;&gt;&#xd;
    &lt;time datetime=&quot;$date.format(&apos;yyyy-MM-dd&apos;,$sysPublishDate)T$date.format(&apos;hh:mm:ss&apos;,$sysPublishDate)&quot; class=&quot;date&quot;&gt;$date.format(&apos;MMM dd yyyy&apos;, $sysPublishDate)&lt;/time&gt;&#xd;
    &lt;span class=&quot;author&quot;&gt;by: $author&lt;/span&gt;&#xd;
&lt;/div&gt;&#xd;
&#xd;
&lt;hr&gt;</code>
  </com.dotmarketing.beans.ContainerStructure>
  <com.dotmarketing.beans.ContainerStructure>
    <id>3341e77a-6129-4b38-939b-c60e08561568</id>
    <structureId>2a3e91e4-fbbf-4876-8c5b-2233c1739b05</structureId>
    <containerInode>a7445635-14a4-47fc-a9ae-5ff4c80acffe</containerInode>
    <containerId>5eb11b21-6b13-4fb8-a823-1de20bba56c0</containerId>
    <code>#dotedit($CONTENT_INODE, $body)</code>
  </com.dotmarketing.beans.ContainerStructure>
  <com.dotmarketing.beans.ContainerStructure>
    <id>40fe1a61-21ba-4263-ad50-3b2685cd529d</id>
    <structureId>2a3e91e4-fbbf-4876-8c5b-2233c1739b05</structureId>
    <containerInode>3ba890c5-670c-467d-890d-bd8e9b9bb5ef</containerInode>
    <containerId>d71d56b4-0a8b-4bb2-be15-ffa5a23366ea</containerId>
    <code>$!{body}</code>
  </com.dotmarketing.beans.ContainerStructure>
  <com.dotmarketing.beans.ContainerStructure>
    <id>44f09d62-0ce7-4f31-b413-fdd3395082a5</id>
    <structureId>2182e848-0240-4931-b63d-824962b66007</structureId>
    <containerInode>2332e70e-f2b3-49b6-a455-8ad90167dc0c</containerInode>
    <containerId>bf26b7b2-7a97-4bb6-9887-834ea03341db</containerId>
    <code>&lt;div class=&quot;media&quot;&gt;&#xd;
    #if ($UtilMethods.isSet(${fileBinaryFileURI}))&#xd;
      #set ($filePath = $!{fileBinaryFileURI} + &apos;/&apos; + $!{fileBinaryFileTitle})&#xd;
    #else&#xd;
      #set ($filePath = $url)&#xd;
    #end&#xd;
    #if ($UtilMethods.getFileExtension($filePath) != &apos;mp3&apos;)&#xd;
&#xd;
      #if ($UtilMethods.isImage($filePath))&#xd;
          &lt;a href=&quot;${filePath}&quot; class=&quot;js-fancybox-img thumb image-thumb&quot; title=&quot;$!{title}&quot;&gt;&#xd;
            #if ($UtilMethods.isImage($file))&#xd;
              &lt;img src=&quot;/contentAsset/resize-image/${ContentIdentifier}/file/w/400&quot; alt=&quot;$!{title}&quot; /&gt;&#xd;
            #else&#xd;
              &lt;img src=&quot;/contentAsset/resize-image/${ContentIdentifier}/thumbnail/w/400&quot; alt=&quot;$!{title}&quot; /&gt;&#xd;
            #end&#xd;
          &lt;/a&gt;&#xd;
      #else&#xd;
        #if ($UtilMethods.isSet(${fileBinaryFileURI}))&#xd;
            &lt;a href=&quot;#$!{ContentIdentifier}&quot; class=&quot;js-fancybox-media-file thumb media-thumb&quot; title=&quot;$!{title}&quot;&gt;&#xd;
              #if ($UtilMethods.isSet(${thumbnailBinaryFileURI}))&#xd;
                &lt;img src=&quot;/contentAsset/resize-image/${ContentIdentifier}/thumbnail/w/400&quot; alt=&quot;$!{title}&quot; /&gt;&#xd;
              #else&#xd;
                $!{title}&#xd;
              #end&#xd;
            &lt;/a&gt;&#xd;
            &lt;div class=&quot;hidden&quot;&gt;&#xd;
              &lt;video id=&quot;$!{ContentIdentifier}&quot; class=&quot;video-js vjs-default-skin vjs-big-play-centered&quot;&#xd;
                controls preload=&quot;auto&quot; width=&quot;640&quot; height=&quot;480&quot;&#xd;
                poster=&quot;/contentAsset/resize-image/${ContentIdentifier}/thumbnail/w/640&quot;&#xd;
                data-setup=&apos;{ &quot;controls&quot;: true, &quot;autoplay&quot;: false, &quot;preload&quot;: &quot;metadata&quot; }&apos;&gt;&#xd;
                &lt;source src=&quot;$!{filePath}&quot; type=&apos;video/$!{UtilMethods.getFileExtension($filePath)}&apos; /&gt;&#xd;
              &lt;/video&gt;&#xd;
            &lt;/div&gt;&#xd;
        #else&#xd;
            &lt;a href=&quot;$!{filePath}&quot; class=&quot;js-fancybox-media-link thumb media-thumb&quot; title=&quot;$!{title}&quot;&gt;&#xd;
              #if ($UtilMethods.isSet(${thumbnailBinaryFileURI}))&#xd;
                &lt;img src=&quot;/contentAsset/resize-image/${ContentIdentifier}/thumbnail/w/400&quot; alt=&quot;$!{title}&quot; /&gt;&#xd;
              #else&#xd;
                $!{title}&#xd;
              #end&#xd;
            &lt;/a&gt;&#xd;
        #end&#xd;
      #end&#xd;
&#xd;
    #else&#xd;
        &lt;a href=&quot;#$!{ContentIdentifier}&quot; class=&quot;js-fancybox-media-file thumb media-thumb&quot; title=&quot;$!{title}&quot;&gt;&#xd;
          #if ($UtilMethods.isSet(${thumbnailBinaryFileURI}))&#xd;
            &lt;img src=&quot;/contentAsset/resize-image/${ContentIdentifier}/thumbnail/w/400&quot; alt=&quot;$!{title}&quot; /&gt;&#xd;
          #else&#xd;
            $!{title}&#xd;
          #end&#xd;
        &lt;/a&gt;&#xd;
        &lt;div class=&quot;hidden&quot;&gt;&#xd;
          &lt;audio id=&quot;$!{ContentIdentifier}&quot; class=&quot;video-js vjs-default-skin vjs-big-play-centered&quot;&#xd;
            controls preload=&quot;auto&quot; width=&quot;640&quot; height=&quot;480&quot;&gt;&#xd;
            &lt;source src=&quot;$!{filePath}&quot; type=&apos;audio/$!{UtilMethods.getFileExtension($filePath)}&apos; /&gt;&#xd;
          &lt;/audio&gt;&#xd;
        &lt;/div&gt;&#xd;
    #end&#xd;
&lt;/div&gt;&#xd;
&#xd;
&lt;hr&gt;</code>
  </com.dotmarketing.beans.ContainerStructure>
  <com.dotmarketing.beans.ContainerStructure>
    <id>468fd28f-f5fc-4b46-985f-e310e80cb838</id>
    <structureId>28039964-5615-4ccf-bb96-ded62adbcc6a</structureId>
    <containerInode>a1603d92-9530-403e-ba7c-2b4fbe9da44d</containerInode>
    <containerId>d5f5f4ee-067e-4d72-addd-afd80989f684</containerId>
    <code>&lt;div class=&quot;media&quot;&gt;&#xd;
    &lt;div class=&quot;media-body&quot;&gt;&#xd;
        &lt;span class=&quot;label label-default pull-right&quot;&gt;News&lt;/span&gt;&#xd;
    	&lt;div class=&quot;media-heading&quot;&gt;&lt;a href=&quot;/news/$urlTitle&quot;&gt;$title&lt;/a&gt;&lt;/div&gt;&#xd;
    	&lt;div class=&quot;media-subheading&quot;&gt;&#xd;
            &lt;time datetime=&quot;$date.format(&apos;yyyy-MM-dd&apos;,$!{sysPublishDate})&quot;&gt;$date.format(&apos;MMM dd yyyy&apos;, ${sysPublishDate}) at $date.format(&apos;HH:mm z&apos;, $!{sysPublishDate})&lt;/time&gt;&#xd;
        &lt;/div&gt;&#xd;
	&lt;/div&gt;&#xd;
&lt;/div&gt;&#xd;
&#xd;
&lt;hr&gt;</code>
  </com.dotmarketing.beans.ContainerStructure>
  <com.dotmarketing.beans.ContainerStructure>
    <id>4aaf2572-891c-4471-8e1d-6e863de03ff3</id>
    <structureId>f6259cc9-5d78-453e-8167-efd7b72b2e96</structureId>
    <containerInode>dde0b865-6cea-4ff0-8582-85e5974cf94f</containerInode>
    <containerId>56bd55ea-b04b-480d-9e37-5d6f9217dcc3</containerId>
    <code>&lt;div class=&quot;media&quot;&gt;&#xd;
    &lt;a class=&quot;pull-left&quot; href=&quot;/news-events/events/$urlTitle&quot;&gt;&#xd;
		&lt;div class=&quot;date-badge&quot;&gt;&#xd;
      		&lt;span class=&quot;date-month&quot;&gt;$date.format(&apos;MMMM&apos;, ${startDate})&lt;/span&gt;&#xd;
      		&lt;span class=&quot;date-day&quot;&gt;$date.format(&apos;d&apos;, ${startDate})&lt;/span&gt;&#xd;
      	&lt;/div&gt;&#xd;
	&lt;/a&gt;&#xd;
	&lt;div class=&quot;media-body&quot;&gt;&#xd;
		&lt;span class=&quot;label label-default pull-right&quot;&gt;Event&lt;/span&gt;&#xd;
    	&lt;div class=&quot;media-heading&quot;&gt;&lt;a href=&quot;/news-events/events/$urlTitle&quot;&gt;$title&lt;/a&gt;&lt;/div&gt;&#xd;
		&lt;div class=&quot;media-subheading&quot; datetime=&quot;$date.format(&apos;yyyy-M-dd&apos;,$event.startDate)&quot;&gt;&#xd;
			#set($startDateV = $date.format(&apos;MMMM d, h:mm a&apos;, ${startDate}))&#xd;
			#set($endDateV = $date.format(&apos;MMMM d, h:mm a&apos;, ${endDate}))&#xd;
			&#xd;
			#if($startDate == $endDate)&#xd;
				&lt;time&gt;$startDateV&lt;/time&gt;&#xd;
			#elseif($date.format(&apos;EEE, MMMM d yyyy&apos;,$startDateV) == $date.format(&apos;EEE, MMMM d yyyy&apos;,$endDateV))&#xd;
				#if($date.format(&apos;h:mm a&apos;,$startDate) == &apos;12:00 AM&apos; &amp;&amp; $date.format(&apos;h:mm a&apos;,$endDate) == &apos;11:59 PM&apos; )&#xd;
					$date.format(&apos;MMMM d&apos;, ${endDate}) (all day event)&#xd;
				#else&#xd;
					$startDateV - $date.format(&apos;h:mm a&apos;,$endDate)&#xd;
				#end&#xd;
			#else&#xd;
				$startDateV - $endDateV&#xd;
			#end&#xd;
		&lt;/div&gt;&#xd;
	&#xd;
&#xd;
		## This trims the HTML and shorts the description field 200 character&#xd;
		#set($y = $description.replaceAll(&quot;&lt;[^&gt;]*&gt;&quot;, &quot;&quot;))&#xd;
		#set($y = $UtilMethods.prettyShortenString(&quot;$y&quot;, 200))&#xd;
		&lt;p&gt;$y&lt;/p&gt;&#xd;
	&lt;/div&gt;&#xd;
&lt;/div&gt;&#xd;
&#xd;
&lt;hr&gt;</code>
  </com.dotmarketing.beans.ContainerStructure>
  <com.dotmarketing.beans.ContainerStructure>
    <id>52fd0033-2f32-41c5-bf27-7533e13c58d5</id>
    <structureId>2a3e91e4-fbbf-4876-8c5b-2233c1739b05</structureId>
    <containerInode>dde0b865-6cea-4ff0-8582-85e5974cf94f</containerInode>
    <containerId>56bd55ea-b04b-480d-9e37-5d6f9217dcc3</containerId>
    <code>#dotedit($CONTENT_INODE, $body)&#xd;
</code>
  </com.dotmarketing.beans.ContainerStructure>
  <com.dotmarketing.beans.ContainerStructure>
    <id>58121ff4-a23a-48cc-81b9-a667ec04b4fe</id>
    <structureId>28039964-5615-4ccf-bb96-ded62adbcc6a</structureId>
    <containerInode>2332e70e-f2b3-49b6-a455-8ad90167dc0c</containerInode>
    <containerId>bf26b7b2-7a97-4bb6-9887-834ea03341db</containerId>
    <code>&lt;div class=&quot;media&quot;&gt;&#xd;
    &lt;div class=&quot;media-body&quot;&gt;&#xd;
        &lt;span class=&quot;label label-default pull-right&quot;&gt;News&lt;/span&gt;&#xd;
    	&lt;div class=&quot;media-heading&quot;&gt;&lt;a href=&quot;/news/$urlTitle&quot;&gt;$title&lt;/a&gt;&lt;/div&gt;&#xd;
    	&lt;div class=&quot;media-subheading&quot;&gt;&#xd;
            &lt;time datetime=&quot;$date.format(&apos;yyyy-MM-dd&apos;,$!{sysPublishDate})&quot;&gt;$date.format(&apos;MMM dd yyyy&apos;, ${sysPublishDate}) at $date.format(&apos;HH:mm z&apos;, $!{sysPublishDate})&lt;/time&gt;&#xd;
        &lt;/div&gt;&#xd;
	&lt;/div&gt;&#xd;
&lt;/div&gt;&#xd;
&#xd;
&lt;hr&gt;</code>
  </com.dotmarketing.beans.ContainerStructure>
  <com.dotmarketing.beans.ContainerStructure>
    <id>5b86b062-962e-4ce2-b0a7-a08edc734dcf</id>
    <structureId>799f176a-d32e-4844-a07c-1b5fcd107578</structureId>
    <containerInode>0ba8735d-bee3-4216-a05f-a8743967d28a</containerInode>
    <containerId>fc193c82-8c32-4abe-ba8a-49522328c93e</containerId>
    <code>&lt;a href=&quot;/blogs/$urlTitle&quot; class=&quot;media-heading&quot;&gt;$title&lt;/a&gt;&#xd;
&#xd;
&lt;hr&gt;</code>
  </com.dotmarketing.beans.ContainerStructure>
  <com.dotmarketing.beans.ContainerStructure>
    <id>62028eff-4824-4361-befd-3bf3a50bbf9f</id>
    <structureId>28039964-5615-4ccf-bb96-ded62adbcc6a</structureId>
    <containerInode>dde0b865-6cea-4ff0-8582-85e5974cf94f</containerInode>
    <containerId>56bd55ea-b04b-480d-9e37-5d6f9217dcc3</containerId>
    <code>&lt;div class=&quot;media&quot;&gt;&#xd;
    #if ($UtilMethods.isSet(${imageBinaryFileURI})) &#xd;
        &lt;a class=&quot;pull-left&quot; href=&quot;/news/$urlTitle&quot;&gt;&#xd;
    		&lt;div class=&quot;media-badge&quot;&gt;&#xd;
				&lt;img src=&apos;/contentAsset/image/${ContentInode}/image/byInode/1/filter/Resize/resize_w/150&apos; alt=&quot;$!{con.title}&quot; /&gt;&#xd;
				#if($UtilMethods.isSet(${caption}))&#xd;
					&lt;span class=&quot;news-detail-caption&quot;&gt;$!{caption}&lt;/span&gt;&#xd;
				#end&#xd;
			&lt;/div&gt;&#xd;
		&lt;/a&gt;&#xd;
	#end&#xd;
	&lt;div class=&quot;media-body&quot;&gt;&#xd;
        &lt;span class=&quot;label label-default pull-right&quot;&gt;News&lt;/span&gt;&#xd;
    	&lt;div class=&quot;media-heading&quot;&gt;&lt;a href=&quot;/news/$urlTitle&quot;&gt;$title&lt;/a&gt;&lt;/div&gt;&#xd;
    	&lt;div class=&quot;media-subheading&quot;&gt;&#xd;
            &lt;time datetime=&quot;$date.format(&apos;yyyy-MM-dd&apos;,$!{sysPublishDate})&quot; class=&quot;date&quot;&gt;$date.format(&apos;MMM dd yyyy&apos;, ${sysPublishDate}) at $date.format(&apos;HH:mm z&apos;, $!{sysPublishDate})&lt;/time&gt;&#xd;
    		&lt;span class=&quot;comments&quot;&gt;&#xd;
    			#if($math.toInteger(${commentscount}) &gt; 0)&#xd;
    				${commentscount} Comments&#xd;
    			#else&#xd;
    				No Comments&#xd;
    			#end&#xd;
    		&lt;/span&gt;&#xd;
        &lt;/div&gt;&#xd;
		&lt;div class=&quot;news-descriotion&quot;&gt;&#xd;
			## This trims the HTML and shorts the description field 200 character&#xd;
			#set($y = $story.replaceAll(&quot;&lt;[^&gt;]*&gt;&quot;, &quot;&quot;))&#xd;
			#set($y = $UtilMethods.prettyShortenString(&quot;$y&quot;, 200))&#xd;
			&lt;p&gt;&#xd;
				$y &lt;a href=&quot;/news/$urlTitle&quot;&gt;READ MORE&lt;/a&gt;&#xd;
			&lt;/p&gt;&#xd;
		&lt;/div&gt;&#xd;
	&lt;/div&gt;&#xd;
&lt;/div&gt;&#xd;
&#xd;
&lt;hr&gt;</code>
  </com.dotmarketing.beans.ContainerStructure>
  <com.dotmarketing.beans.ContainerStructure>
    <id>65a8551f-5aab-4cb0-b7d4-4c695b5182af</id>
    <structureId>2a3e91e4-fbbf-4876-8c5b-2233c1739b05</structureId>
    <containerInode>8cbcb97e-8e04-4691-8555-da82c3dc4a91</containerInode>
    <containerId>a6e9652b-8183-4c09-b775-26196b09a300</containerId>
    <code>#dotedit($CONTENT_INODE, $body)</code>
  </com.dotmarketing.beans.ContainerStructure>
  <com.dotmarketing.beans.ContainerStructure>
    <id>686ba6f5-d5d4-4f5a-b7a3-e252d50dd985</id>
    <structureId>9ea36ae1-7775-48ae-99fe-f4ebca03a3de</structureId>
    <containerInode>a1603d92-9530-403e-ba7c-2b4fbe9da44d</containerInode>
    <containerId>d5f5f4ee-067e-4d72-addd-afd80989f684</containerId>
    <code>&lt;script&gt;&#xd;
    $(document).ready(function() {&#xd;
&#xd;
        jQuery.getJSON(&quot;http://query.yahooapis.com/v1/public/yql?q=select%20*%20from%20yahoo.finance.quotes%20where%20symbol%20in%20(%22$!{tickerSymbol}%22)&amp;format=json&amp;env=store%3A%2F%2Fdatatables.org%2Falltableswithkeys&amp;callback=?&quot;,&#xd;
	    function(data) {&#xd;
	      var q = (data.query.results.quote.PreviousClose);&#xd;
	      var x = (data.query.results.quote.Change);&#xd;
	      var y = (data.query.results.quote.PercentChange);&#xd;
	&#xd;
	      jQuery(&quot;#price$!{tickerSymbol}MD&quot;).append(q);&#xd;
	&#xd;
	      if (x.indexOf(&quot;-&quot;) != -1) {&#xd;
	        var x = &quot;&lt;span class=\&quot;down\&quot;&gt;&amp;nbsp;&quot; + x + &quot;&amp;nbsp;(&quot; + y + &quot;)&lt;/span&gt;&quot;;&#xd;
	      } else if (x.indexOf(&quot;+&quot;) != -1) {&#xd;
	        var x = &quot;&lt;span class=\&quot;up\&quot;&gt;&amp;nbsp;&quot; + x + &quot;&amp;nbsp;(&quot; + y + &quot;)&lt;/span&gt;&quot;;&#xd;
	      } else {&#xd;
	        var x = &quot;&lt;span&gt;&amp;nbsp;&quot; + x + &quot;&amp;nbsp;(&quot; + y + &quot;)&lt;/span&gt;&quot;;&#xd;
	      }&#xd;
	      jQuery(&quot;#change$!{tickerSymbol}MD&quot;).append(x);&#xd;
	    });&#xd;
&#xd;
	});&#xd;
&lt;/script&gt;&#xd;
&lt;div class=&quot;row&quot;&gt;&#xd;
    &lt;div class=&quot;col-sm-12&quot;&gt;&#xd;
    	&lt;span class=&quot;label label-default pull-right&quot;&gt;Product&lt;/span&gt;&#xd;
	    &lt;div class=&quot;media-heading&quot;&gt;&lt;a href=&quot;/products/$urlTitle&quot;&gt;$title ($!{tickerSymbol})&lt;/a&gt;&lt;/div&gt;&#xd;
		&lt;img src=&quot;http://chart.finance.yahoo.com/c/5b/v/$!{tickerSymbol}?lang=en-US&amp;region=US&amp;width=300&amp;height=180&quot; alt=&quot;Chart for $!{tickerSymbol}&quot; width=&quot;100%&quot;&gt;&#xd;
	&lt;/div&gt;&#xd;
&lt;/div&gt;&#xd;
&lt;div class=&quot;row&quot;&gt;&#xd;
	&lt;div class=&quot;col-sm-12&quot;&gt;&#xd;
		&lt;div class=&quot;media-body&quot;&gt;&#xd;
			&lt;table class=&quot;table product-info&quot;&gt;&#xd;
				&lt;tr&gt;&#xd;
					&lt;td&gt;$!{tickerSymbol}&lt;/td&gt;&#xd;
					&lt;td&gt;&lt;span class=&quot;price&quot; id=&quot;price$!{tickerSymbol}MD&quot;&gt;&lt;/span&gt;&lt;/td&gt;&#xd;
                    &lt;td&gt;&lt;span id=&quot;change$!{tickerSymbol}MD&quot;&gt;&lt;/span&gt;&lt;/td&gt;&#xd;
				&lt;/tr&gt;&#xd;
			&lt;/table&gt;&#xd;
		&lt;/div&gt;&#xd;
	&lt;/div&gt;&#xd;
&lt;/div&gt;&#xd;
&#xd;
&lt;hr&gt;</code>
  </com.dotmarketing.beans.ContainerStructure>
  <com.dotmarketing.beans.ContainerStructure>
    <id>8c15e355-8cdc-4c87-9cb1-e8c3d0fd886e</id>
    <structureId>d8262b9f-84ea-46f9-88c4-0c8959271d67</structureId>
    <containerInode>2332e70e-f2b3-49b6-a455-8ad90167dc0c</containerInode>
    <containerId>bf26b7b2-7a97-4bb6-9887-834ea03341db</containerId>
    <code>&lt;div class=&quot;media&quot;&gt;&#xd;
    &lt;span class=&quot;label label-default pull-right&quot;&gt;Document&lt;/span&gt;&#xd;
&#xd;
    &lt;div class=&quot;media-heading&quot;&gt;&#xd;
        #if ($UtilMethods.isSet(${fileAssetBinaryFileURI})) &#xd;
        	&lt;a href=&quot;$!{fileAssetBinaryFileURI}?force_download=1&amp;filename=$!{fileAssetBinaryFileTitle}&quot;&gt;${title}&lt;/a&gt; &#xd;
		#end &#xd;
    &lt;/div&gt;&#xd;
    #if ($UtilMethods.isSet($description1))&#xd;
      &lt;div class=&quot;media-subheading&quot;&gt;$UtilMethods.prettyShortenString(&quot;$description1&quot;, 125)&lt;/div&gt;&#xd;
    #end&#xd;
&lt;/div&gt;&#xd;
&#xd;
&lt;hr&gt;</code>
  </com.dotmarketing.beans.ContainerStructure>
  <com.dotmarketing.beans.ContainerStructure>
    <id>92d43548-dc6a-40b9-b78b-1d26b25b3a8f</id>
    <structureId>9ea36ae1-7775-48ae-99fe-f4ebca03a3de</structureId>
    <containerInode>0ba8735d-bee3-4216-a05f-a8743967d28a</containerInode>
    <containerId>fc193c82-8c32-4abe-ba8a-49522328c93e</containerId>
    <code>&lt;script&gt;&#xd;
    $(document).ready(function() {&#xd;
&#xd;
        jQuery.getJSON(&quot;http://query.yahooapis.com/v1/public/yql?q=select%20*%20from%20yahoo.finance.quotes%20where%20symbol%20in%20(%22$!{tickerSymbol}%22)&amp;format=json&amp;env=store%3A%2F%2Fdatatables.org%2Falltableswithkeys&amp;callback=?&quot;,&#xd;
        function(data) {&#xd;
	      //var q = (data.query.results.quote.PreviousClose);&#xd;
	      var x = (data.query.results.quote.Change);&#xd;
	      var y = (data.query.results.quote.PercentChange);&#xd;
	&#xd;
	      //jQuery(&quot;#price$!{tickerSymbol}SM&quot;).append(q);&#xd;
	&#xd;
	      if (x.indexOf(&quot;-&quot;) != -1) {&#xd;
	        var x = &quot;&lt;span class=\&quot;down\&quot;&gt;&amp;nbsp;(&quot; + y + &quot;)&lt;/span&gt;&quot;;&#xd;
	      } else if (x.indexOf(&quot;+&quot;) != -1) {&#xd;
	        var x = &quot;&lt;span class=\&quot;up\&quot;&gt;&amp;nbsp;(&quot; + y + &quot;)&lt;/span&gt;&quot;;&#xd;
	      } else {&#xd;
	        var x = &quot;&lt;span&gt;&amp;nbsp;(&quot; + y + &quot;)&lt;/span&gt;&quot;;&#xd;
	      }&#xd;
	      jQuery(&quot;#change$!{tickerSymbol}SM&quot;).append(x);&#xd;
	    });&#xd;
&#xd;
	});&#xd;
&lt;/script&gt;&#xd;
&#xd;
&lt;table class=&quot;table&quot;&gt;&#xd;
	&lt;tr&gt;&#xd;
		&lt;td&gt;$!{tickerSymbol}&lt;/td&gt;&#xd;
		&lt;td style=&quot;text-align: right;&quot;&gt;&#xd;
			&lt;!--&lt;span class=&quot;price&quot; id=&quot;price$!{tickerSymbol}SM&quot;&gt;&lt;/span&gt;--&gt;&#xd;
       		&lt;span id=&quot;change$!{tickerSymbol}SM&quot;&gt;&lt;/span&gt;&#xd;
       	&lt;/td&gt;&#xd;
	&lt;/tr&gt;&#xd;
&lt;/table&gt;&#xd;
&#xd;
&#xd;
&lt;hr&gt;</code>
  </com.dotmarketing.beans.ContainerStructure>
  <com.dotmarketing.beans.ContainerStructure>
    <id>a0c52e07-9d0b-4b5c-ade2-c2ca8c2ada69</id>
    <structureId>2a3e91e4-fbbf-4876-8c5b-2233c1739b05</structureId>
    <containerInode>9ab97328-e72f-4d7e-8be6-232f53218a93</containerInode>
    <containerId>5363c6c6-5ba0-4946-b7af-cf875188ac2e</containerId>
    <code>#dotedit($CONTENT_INODE, $body)</code>
  </com.dotmarketing.beans.ContainerStructure>
  <com.dotmarketing.beans.ContainerStructure>
    <id>a1198f41-00b0-4253-9239-d1b7dd82900c</id>
    <structureId>799f176a-d32e-4844-a07c-1b5fcd107578</structureId>
    <containerInode>dde0b865-6cea-4ff0-8582-85e5974cf94f</containerInode>
    <containerId>56bd55ea-b04b-480d-9e37-5d6f9217dcc3</containerId>
    <code>&lt;span class=&quot;label label-default pull-right&quot;&gt;Blog&lt;/span&gt;&#xd;
&lt;a href=&quot;/blogs/$urlTitle&quot;&gt;&#xd;
    &lt;div class=&quot;media-heading&quot;&gt;$title&lt;/div&gt;&#xd;
&lt;/a&gt;&#xd;
&lt;div class=&quot;media-subheading&quot;&gt;&#xd;
    &lt;time datetime=&quot;$date.format(&apos;yyyy-MM-dd&apos;,$sysPublishDate)T$date.format(&apos;hh:mm:ss&apos;,$sysPublishDate)&quot; class=&quot;date&quot;&gt;$date.format(&apos;MMM dd yyyy&apos;, $sysPublishDate) at $date.format(&apos;HH:mm z&apos;, $sysPublishDate)&lt;/time&gt;&#xd;
    &lt;span class=&quot;author&quot;&gt;$author&lt;/span&gt;&#xd;
    &lt;span class=&quot;comments&quot;&gt;&#xd;
      &lt;a href=&quot;#comments&quot;&gt;&#xd;
        #if($math.toInteger(${commentscount}) &gt; 0)&#xd;
          $commentscount Comments&#xd;
        #else&#xd;
          No Comments&#xd;
        #end&#xd;
      &lt;/a&gt;&#xd;
    &lt;/span&gt;&#xd;
&lt;/div&gt;&#xd;
&lt;div class=&quot;blog-description&quot;&gt;&#xd;
    ## This trims the HTML and shorts the description field 200 character&#xd;
	#set($y = $body.replaceAll(&quot;&lt;[^&gt;]*&gt;&quot;, &quot;&quot;))&#xd;
	#set($y = $UtilMethods.prettyShortenString(&quot;$y&quot;,300))&#xd;
	&lt;p&gt;$y&lt;/p&gt;&#xd;
&lt;/div&gt;&#xd;
&#xd;
&lt;hr&gt;</code>
  </com.dotmarketing.beans.ContainerStructure>
  <com.dotmarketing.beans.ContainerStructure>
    <id>ad6c5f6e-5408-4ace-8d81-09a88296acfe</id>
    <structureId>f6259cc9-5d78-453e-8167-efd7b72b2e96</structureId>
    <containerInode>9ab97328-e72f-4d7e-8be6-232f53218a93</containerInode>
    <containerId>5363c6c6-5ba0-4946-b7af-cf875188ac2e</containerId>
    <code>#if($UtilMethods.isSet($recurrenceStartDate) &amp;&amp; $UtilMethods.isSet($recurrenceEndDate))&#xd;
    #set($vcalendarUrl = &quot;/dotCMS/downloadVCalendar?id=$ContentIdentifier&amp;recurrenceStartDate=$date.format(&apos;dd/MM/yyyy HH:mm:ss&apos;,$startDate)&amp;recurrenceEndDate=$date.format(&apos;dd/MM/yyyy HH:mm:ss&apos;,$endDate)&quot;)&#xd;
#else&#xd;
    #set($vcalendarUrl = &quot;/dotCMS/downloadVCalendar?id=${content.ContentIdentifier}&quot;)&#xd;
#end&#xd;
&#xd;
&#xd;
&lt;div class=&quot;media&quot;&gt;&#xd;
    &lt;a class=&quot;pull-left&quot; href=&quot;/news-events/events/$urlTitle&quot;&gt;&#xd;
          &lt;div class=&quot;date-badge&quot;&gt;&#xd;
      		&lt;span class=&quot;date-month&quot;&gt;$date.format(&apos;MMM&apos;, ${startDate})&lt;/span&gt;&#xd;
      		&lt;span class=&quot;date-day&quot;&gt;$date.format(&apos;d&apos;, ${startDate})&lt;/span&gt;&#xd;
      	&lt;/div&gt;&#xd;
	&lt;/a&gt;&#xd;
	&lt;div class=&quot;media-body&quot;&gt;&#xd;
		&lt;span class=&quot;label label-default pull-right&quot;&gt;Event&lt;/span&gt;&#xd;
    	&lt;div class=&quot;media-heading&quot;&gt;&lt;a href=&quot;/news-events/events/$urlTitle&quot;&gt;$title&lt;/a&gt;&lt;/div&gt;&#xd;
		&lt;div class=&quot;media-subheading&quot; datetime=&quot;$date.format(&apos;yyyy-M-dd&apos;,$event.startDate)&quot;&gt;&#xd;
			#set($startDateV = $date.format(&apos;MMMM d, h:mm a&apos;, ${startDate}))&#xd;
			#set($endDateV = $date.format(&apos;MMMM d, h:mm a&apos;, ${endDate}))&#xd;
			&#xd;
			#if($startDate == $endDate)&#xd;
				&lt;time&gt;$startDateV&lt;/time&gt;&#xd;
			#elseif($date.format(&apos;EEE, MMMM d yyyy&apos;,$startDateV) == $date.format(&apos;EEE, MMMM d yyyy&apos;,$endDateV))&#xd;
				#if($date.format(&apos;h:mm a&apos;,$startDate) == &apos;12:00 AM&apos; &amp;&amp; $date.format(&apos;h:mm a&apos;,$endDate) == &apos;11:59 PM&apos; )&#xd;
					$date.format(&apos;MMMM d&apos;, ${endDate}) (all day event)&#xd;
				#else&#xd;
					$startDateV - $date.format(&apos;h:mm a&apos;,$endDate)&#xd;
				#end&#xd;
			#else&#xd;
				$startDateV - $endDateV&#xd;
			#end&#xd;
		&lt;/div&gt;&#xd;
		&lt;!-- $UtilMethods.prettyShortenString(&quot;$description&quot;, 200) --&gt;&#xd;
	&lt;/div&gt;&#xd;
&lt;/div&gt;&#xd;
&#xd;
&lt;hr&gt;</code>
  </com.dotmarketing.beans.ContainerStructure>
  <com.dotmarketing.beans.ContainerStructure>
    <id>b1a402ce-0647-4989-9d4f-afa071361ea6</id>
    <structureId>f6259cc9-5d78-453e-8167-efd7b72b2e96</structureId>
    <containerInode>a1603d92-9530-403e-ba7c-2b4fbe9da44d</containerInode>
    <containerId>d5f5f4ee-067e-4d72-addd-afd80989f684</containerId>
    <code>#if($UtilMethods.isSet($recurrenceStartDate) &amp;&amp; $UtilMethods.isSet($recurrenceEndDate))&#xd;
    #set($vcalendarUrl = &quot;/dotCMS/downloadVCalendar?id=$ContentIdentifier&amp;recurrenceStartDate=$date.format(&apos;dd/MM/yyyy HH:mm:ss&apos;,$startDate)&amp;recurrenceEndDate=$date.format(&apos;dd/MM/yyyy HH:mm:ss&apos;,$endDate)&quot;)&#xd;
#else&#xd;
    #set($vcalendarUrl = &quot;/dotCMS/downloadVCalendar?id=${content.ContentIdentifier}&quot;)&#xd;
#end&#xd;
&#xd;
&#xd;
&lt;div class=&quot;media&quot;&gt;&#xd;
    &lt;a class=&quot;pull-left&quot; href=&quot;/news-events/events/$urlTitle&quot;&gt;&#xd;
          &lt;div class=&quot;date-badge&quot;&gt;&#xd;
      		&lt;span class=&quot;date-month&quot;&gt;$date.format(&apos;MMM&apos;, ${startDate})&lt;/span&gt;&#xd;
      		&lt;span class=&quot;date-day&quot;&gt;$date.format(&apos;d&apos;, ${startDate})&lt;/span&gt;&#xd;
      	&lt;/div&gt;&#xd;
	&lt;/a&gt;&#xd;
	&lt;div class=&quot;media-body&quot;&gt;&#xd;
		&lt;span class=&quot;label label-default pull-right&quot;&gt;Event&lt;/span&gt;&#xd;
    	&lt;div class=&quot;media-heading&quot;&gt;&lt;a href=&quot;/news-events/events/$urlTitle&quot;&gt;$title&lt;/a&gt;&lt;/div&gt;&#xd;
		&lt;div class=&quot;media-subheading&quot; datetime=&quot;$date.format(&apos;yyyy-M-dd&apos;,$event.startDate)&quot;&gt;&#xd;
			#set($startDateV = $date.format(&apos;MMMM d, h:mm a&apos;, ${startDate}))&#xd;
			#set($endDateV = $date.format(&apos;MMMM d, h:mm a&apos;, ${endDate}))&#xd;
			&#xd;
			#if($startDate == $endDate)&#xd;
				&lt;time&gt;$startDateV&lt;/time&gt;&#xd;
			#elseif($date.format(&apos;EEE, MMMM d yyyy&apos;,$startDateV) == $date.format(&apos;EEE, MMMM d yyyy&apos;,$endDateV))&#xd;
				#if($date.format(&apos;h:mm a&apos;,$startDate) == &apos;12:00 AM&apos; &amp;&amp; $date.format(&apos;h:mm a&apos;,$endDate) == &apos;11:59 PM&apos; )&#xd;
					$date.format(&apos;MMMM d&apos;, ${endDate}) (all day event)&#xd;
				#else&#xd;
					$startDateV - $date.format(&apos;h:mm a&apos;,$endDate)&#xd;
				#end&#xd;
			#else&#xd;
				$startDateV - $endDateV&#xd;
			#end&#xd;
		&lt;/div&gt;&#xd;
		&lt;!-- $UtilMethods.prettyShortenString(&quot;$description&quot;, 200) --&gt;&#xd;
	&lt;/div&gt;&#xd;
&lt;/div&gt;&#xd;
&#xd;
&lt;hr&gt;</code>
  </com.dotmarketing.beans.ContainerStructure>
  <com.dotmarketing.beans.ContainerStructure>
    <id>b958616e-7234-4342-8a46-00b3194654cc</id>
    <structureId>9ea36ae1-7775-48ae-99fe-f4ebca03a3de</structureId>
    <containerInode>2332e70e-f2b3-49b6-a455-8ad90167dc0c</containerInode>
    <containerId>bf26b7b2-7a97-4bb6-9887-834ea03341db</containerId>
    <code>&lt;script&gt;&#xd;
    $(document).ready(function() {&#xd;
&#xd;
        jQuery.getJSON(&quot;http://query.yahooapis.com/v1/public/yql?q=select%20*%20from%20yahoo.finance.quotes%20where%20symbol%20in%20(%22$!{tickerSymbol}%22)&amp;format=json&amp;env=store%3A%2F%2Fdatatables.org%2Falltableswithkeys&amp;callback=?&quot;,&#xd;
	    function(data) {&#xd;
	      var q = (data.query.results.quote.PreviousClose);&#xd;
	      var x = (data.query.results.quote.Change);&#xd;
	      var y = (data.query.results.quote.PercentChange);&#xd;
	&#xd;
	      jQuery(&quot;#price$!{tickerSymbol}MD&quot;).append(q);&#xd;
	&#xd;
	      if (x.indexOf(&quot;-&quot;) != -1) {&#xd;
	        var x = &quot;&lt;span class=\&quot;down\&quot;&gt;&amp;nbsp;&quot; + x + &quot;&amp;nbsp;(&quot; + y + &quot;)&lt;/span&gt;&quot;;&#xd;
	      } else if (x.indexOf(&quot;+&quot;) != -1) {&#xd;
	        var x = &quot;&lt;span class=\&quot;up\&quot;&gt;&amp;nbsp;&quot; + x + &quot;&amp;nbsp;(&quot; + y + &quot;)&lt;/span&gt;&quot;;&#xd;
	      } else {&#xd;
	        var x = &quot;&lt;span&gt;&amp;nbsp;&quot; + x + &quot;&amp;nbsp;(&quot; + y + &quot;)&lt;/span&gt;&quot;;&#xd;
	      }&#xd;
	      jQuery(&quot;#change$!{tickerSymbol}MD&quot;).append(x);&#xd;
	    });&#xd;
&#xd;
	});&#xd;
&lt;/script&gt;&#xd;
&lt;div class=&quot;row&quot;&gt;&#xd;
    &lt;div class=&quot;col-sm-12&quot;&gt;&#xd;
    	&lt;span class=&quot;label label-default pull-right&quot;&gt;Product&lt;/span&gt;&#xd;
	    &lt;div class=&quot;media-heading&quot;&gt;&lt;a href=&quot;/products/$urlTitle&quot;&gt;$title ($!{tickerSymbol})&lt;/a&gt;&lt;/div&gt;&#xd;
		&lt;img src=&quot;http://chart.finance.yahoo.com/c/5b/v/$!{tickerSymbol}?lang=en-US&amp;region=US&amp;width=300&amp;height=180&quot; alt=&quot;Chart for $!{tickerSymbol}&quot; width=&quot;100%&quot;&gt;&#xd;
	&lt;/div&gt;&#xd;
&lt;/div&gt;&#xd;
&lt;div class=&quot;row&quot;&gt;&#xd;
	&lt;div class=&quot;col-sm-12&quot;&gt;&#xd;
		&lt;div class=&quot;media-body&quot;&gt;&#xd;
			&lt;table class=&quot;table product-info&quot;&gt;&#xd;
				&lt;tr&gt;&#xd;
					&lt;td&gt;$!{tickerSymbol}&lt;/td&gt;&#xd;
					&lt;td&gt;&lt;span class=&quot;price&quot; id=&quot;price$!{tickerSymbol}MD&quot;&gt;&lt;/span&gt;&lt;/td&gt;&#xd;
                    &lt;td&gt;&lt;span id=&quot;change$!{tickerSymbol}MD&quot;&gt;&lt;/span&gt;&lt;/td&gt;&#xd;
				&lt;/tr&gt;&#xd;
			&lt;/table&gt;&#xd;
		&lt;/div&gt;&#xd;
	&lt;/div&gt;&#xd;
&lt;/div&gt;&#xd;
&#xd;
&lt;hr&gt;</code>
  </com.dotmarketing.beans.ContainerStructure>
  <com.dotmarketing.beans.ContainerStructure>
    <id>b96e9b03-db83-47e5-b3c7-45de7f4f6e48</id>
    <structureId>28039964-5615-4ccf-bb96-ded62adbcc6a</structureId>
    <containerInode>9ab97328-e72f-4d7e-8be6-232f53218a93</containerInode>
    <containerId>5363c6c6-5ba0-4946-b7af-cf875188ac2e</containerId>
    <code>&lt;div class=&quot;media&quot;&gt;&#xd;
    &lt;div class=&quot;media-body&quot;&gt;&#xd;
        &lt;span class=&quot;label label-default pull-right&quot;&gt;News&lt;/span&gt;&#xd;
    	&lt;div class=&quot;media-heading&quot;&gt;&lt;a href=&quot;/news/$urlTitle&quot;&gt;$title&lt;/a&gt;&lt;/div&gt;&#xd;
    	&lt;div class=&quot;media-subheading&quot;&gt;&#xd;
            &lt;time datetime=&quot;$date.format(&apos;yyyy-MM-dd&apos;,$!{sysPublishDate})&quot;&gt;$date.format(&apos;MMM dd yyyy&apos;, ${sysPublishDate}) at $date.format(&apos;HH:mm z&apos;, $!{sysPublishDate})&lt;/time&gt;&#xd;
        &lt;/div&gt;&#xd;
	&lt;/div&gt;&#xd;
&lt;/div&gt;&#xd;
&#xd;
&lt;hr&gt;</code>
  </com.dotmarketing.beans.ContainerStructure>
  <com.dotmarketing.beans.ContainerStructure>
    <id>be3f397b-8406-4524-9d47-cdf728fab5e6</id>
    <structureId>f6259cc9-5d78-453e-8167-efd7b72b2e96</structureId>
    <containerInode>2332e70e-f2b3-49b6-a455-8ad90167dc0c</containerInode>
    <containerId>bf26b7b2-7a97-4bb6-9887-834ea03341db</containerId>
    <code>#if($UtilMethods.isSet($recurrenceStartDate) &amp;&amp; $UtilMethods.isSet($recurrenceEndDate))&#xd;
    #set($vcalendarUrl = &quot;/dotCMS/downloadVCalendar?id=$ContentIdentifier&amp;recurrenceStartDate=$date.format(&apos;dd/MM/yyyy HH:mm:ss&apos;,$startDate)&amp;recurrenceEndDate=$date.format(&apos;dd/MM/yyyy HH:mm:ss&apos;,$endDate)&quot;)&#xd;
#else&#xd;
    #set($vcalendarUrl = &quot;/dotCMS/downloadVCalendar?id=${content.ContentIdentifier}&quot;)&#xd;
#end&#xd;
&#xd;
&#xd;
&lt;div class=&quot;media&quot;&gt;&#xd;
    &lt;a class=&quot;pull-left&quot; href=&quot;/news-events/events/$urlTitle&quot;&gt;&#xd;
          &lt;div class=&quot;date-badge&quot;&gt;&#xd;
      		&lt;span class=&quot;date-month&quot;&gt;$date.format(&apos;MMM&apos;, ${startDate})&lt;/span&gt;&#xd;
      		&lt;span class=&quot;date-day&quot;&gt;$date.format(&apos;d&apos;, ${startDate})&lt;/span&gt;&#xd;
      	&lt;/div&gt;&#xd;
	&lt;/a&gt;&#xd;
	&lt;div class=&quot;media-body&quot;&gt;&#xd;
		&lt;span class=&quot;label label-default pull-right&quot;&gt;Event&lt;/span&gt;&#xd;
    	&lt;div class=&quot;media-heading&quot;&gt;&lt;a href=&quot;/news-events/events/$urlTitle&quot;&gt;$title&lt;/a&gt;&lt;/div&gt;&#xd;
		&lt;div class=&quot;media-subheading&quot; datetime=&quot;$date.format(&apos;yyyy-M-dd&apos;,$event.startDate)&quot;&gt;&#xd;
			#set($startDateV = $date.format(&apos;MMMM d, h:mm a&apos;, ${startDate}))&#xd;
			#set($endDateV = $date.format(&apos;MMMM d, h:mm a&apos;, ${endDate}))&#xd;
			&#xd;
			#if($startDate == $endDate)&#xd;
				&lt;time&gt;$startDateV&lt;/time&gt;&#xd;
			#elseif($date.format(&apos;EEE, MMMM d yyyy&apos;,$startDateV) == $date.format(&apos;EEE, MMMM d yyyy&apos;,$endDateV))&#xd;
				#if($date.format(&apos;h:mm a&apos;,$startDate) == &apos;12:00 AM&apos; &amp;&amp; $date.format(&apos;h:mm a&apos;,$endDate) == &apos;11:59 PM&apos; )&#xd;
					$date.format(&apos;MMMM d&apos;, ${endDate}) (all day event)&#xd;
				#else&#xd;
					$startDateV - $date.format(&apos;h:mm a&apos;,$endDate)&#xd;
				#end&#xd;
			#else&#xd;
				$startDateV - $endDateV&#xd;
			#end&#xd;
		&lt;/div&gt;&#xd;
		&lt;!-- $UtilMethods.prettyShortenString(&quot;$description&quot;, 200) --&gt;&#xd;
	&lt;/div&gt;&#xd;
&lt;/div&gt;&#xd;
&#xd;
&lt;hr&gt;</code>
  </com.dotmarketing.beans.ContainerStructure>
  <com.dotmarketing.beans.ContainerStructure>
    <id>c12f5c5e-dc99-491e-9b2c-a162ab788274</id>
    <structureId>2a3e91e4-fbbf-4876-8c5b-2233c1739b05</structureId>
    <containerInode>0ba8735d-bee3-4216-a05f-a8743967d28a</containerInode>
    <containerId>fc193c82-8c32-4abe-ba8a-49522328c93e</containerId>
    <code>#dotedit($CONTENT_INODE, $body)</code>
  </com.dotmarketing.beans.ContainerStructure>
  <com.dotmarketing.beans.ContainerStructure>
    <id>c41ded69-7c51-47a4-a8c4-0986ac096610</id>
    <structureId>2a3e91e4-fbbf-4876-8c5b-2233c1739b05</structureId>
    <containerInode>2332e70e-f2b3-49b6-a455-8ad90167dc0c</containerInode>
    <containerId>bf26b7b2-7a97-4bb6-9887-834ea03341db</containerId>
    <code>#dotedit($CONTENT_INODE, $body)</code>
  </com.dotmarketing.beans.ContainerStructure>
  <com.dotmarketing.beans.ContainerStructure>
    <id>c50fb70a-e709-41db-b88f-3eca71728ad6</id>
    <structureId>d2a77f80-2628-4819-bfe9-e9916eb6ba70</structureId>
    <containerInode>0ba8735d-bee3-4216-a05f-a8743967d28a</containerInode>
    <containerId>fc193c82-8c32-4abe-ba8a-49522328c93e</containerId>
    <code>&lt;div class=&quot;media&quot;&gt;&#xd;
    &lt;a href=&quot;/locations/$urlTitle&quot; class=&quot;pull-left icon-badge&quot;&gt;&#xd;
        &lt;i class=&quot;fa fa-map-marker fa-3x&quot;&gt;&lt;/i&gt;&#xd;
    &lt;/a&gt;&#xd;
    &lt;div class=&quot;media-body&quot;&gt;&#xd;
        &lt;a href=&quot;/locations/$urlTitle&quot;&gt;&#xd;
        	&lt;div class=&quot;media-heading&quot;&gt;$!{title}&lt;/div&gt;&#xd;
		&lt;/a&gt;&#xd;
		&lt;address&gt;&#xd;
			$address1&#xd;
			#if ($UtilMethods.isSet($address2))&#xd;
				$address2&lt;br/&gt;&#xd;
			#end&#xd;
			$city, &#xd;
			$state $zip&#xd;
			#if($country != &quot;United States&quot; &amp;&amp; $country != &quot;Canada&quot;)&#xd;
				$country&#xd;
			#end&#xd;
		&lt;/address&gt;&#xd;
	&lt;/div&gt;&#xd;
&lt;/div&gt;&#xd;
&#xd;
&lt;hr&gt;</code>
  </com.dotmarketing.beans.ContainerStructure>
  <com.dotmarketing.beans.ContainerStructure>
    <id>c5310057-de66-4d8d-85b1-1d1c8d99eabc</id>
    <structureId>091b5c2b-d3fa-4502-853c-06c167ad867d</structureId>
    <containerInode>f05ca8e0-eae5-422e-8e15-7a87734edda1</containerInode>
    <containerId>3f0255e8-b45d-46ea-8bb7-eb6597db4c1e</containerId>
    <code>## Below Code Sets Grids Based on Number of Content Items Added&#xd;
#if($CONTENTLETS.size() == 4)&#xd;
    #set($colClass = &apos;col-md-3&apos;)&#xd;
#elseif($CONTENTLETS.size() == 3)&#xd;
    #set($colClass = &apos;col-md-4&apos;)&#xd;
#elseif($CONTENTLETS.size() == 2)&#xd;
    #set($colClass = &apos;col-md-6&apos;)&#xd;
#elseif($CONTENTLETS.size() == 1)&#xd;
    #set($colClass = &apos;col-md-12&apos;)&#xd;
#end&#xd;
&#xd;
&lt;div class=&quot;$colClass col-sm-6 col-xs-12&quot;&gt;&#xd;
    &lt;div class=&quot;promo-box&quot;&gt;&#xd;
        &lt;div onclick=&quot;window.location.href=&apos;$!{link}&apos;;&quot; class=&quot;box-img&quot;&gt;&#xd;
    		#if ($UtilMethods.isSet(${imageBinaryFileURI})) &#xd;
    		    &lt;img src=&quot;/dA/${ContentIdentifier}/image/125h/$!{imageBinaryFileTitle}&quot;&gt;&#xd;
    		#end&#xd;
    	&lt;/div&gt;&#xd;
    	&lt;div onclick=&quot;window.location.href=&apos;$!{link}&apos;;&quot; class=&quot;box-content&quot;&gt;&#xd;
    		&lt;h3&gt;$title&lt;/h3&gt;&#xd;
    		&lt;p&gt;$teaser&lt;/p&gt;&#xd;
    	&lt;/div&gt;&#xd;
    &lt;/div&gt;&#xd;
&lt;/div&gt;&#xd;
</code>
  </com.dotmarketing.beans.ContainerStructure>
  <com.dotmarketing.beans.ContainerStructure>
    <id>c7267928-0e32-4673-958e-4b6f4e2519f0</id>
    <structureId>2a3e91e4-fbbf-4876-8c5b-2233c1739b05</structureId>
    <containerInode>3efc001e-db68-408a-ac50-1284c1afe533</containerInode>
    <containerId>f1ba7688-453c-4c0d-a214-e5ac802b8034</containerId>
    <code>#dotedit($CONTENT_INODE, $body)</code>
  </com.dotmarketing.beans.ContainerStructure>
  <com.dotmarketing.beans.ContainerStructure>
    <id>ca32b24e-1927-489c-b2d3-3a83bbbc15c8</id>
    <structureId>2a3e91e4-fbbf-4876-8c5b-2233c1739b05</structureId>
    <containerInode>427c47a4-c380-439f-a6d0-97d81deed57e</containerInode>
    <containerId>6a12bbda-0ae2-4121-a98b-ad8069eaff3a</containerId>
    <code>$!{body}&#xd;
</code>
  </com.dotmarketing.beans.ContainerStructure>
  <com.dotmarketing.beans.ContainerStructure>
    <id>ca45a5ca-7055-4994-adb0-0a33177b0c45</id>
    <structureId>2182e848-0240-4931-b63d-824962b66007</structureId>
    <containerInode>0ba8735d-bee3-4216-a05f-a8743967d28a</containerInode>
    <containerId>fc193c82-8c32-4abe-ba8a-49522328c93e</containerId>
    <code>&lt;div class=&quot;media&quot;&gt;&#xd;
    #if ($UtilMethods.isSet(${fileBinaryFileURI}))&#xd;
      #set ($filePath = $!{fileBinaryFileURI} + &apos;/&apos; + $!{fileBinaryFileTitle})&#xd;
    #else&#xd;
      #set ($filePath = $url)&#xd;
    #end&#xd;
    #if ($UtilMethods.getFileExtension($filePath) != &apos;mp3&apos;)&#xd;
&#xd;
      #if ($UtilMethods.isImage($filePath))&#xd;
          &lt;a href=&quot;${filePath}&quot; class=&quot;js-fancybox-img thumb image-thumb&quot; title=&quot;$!{title}&quot;&gt;&#xd;
            #if ($UtilMethods.isImage($file))&#xd;
              &lt;img src=&quot;/contentAsset/resize-image/${ContentIdentifier}/file/w/400&quot; alt=&quot;$!{title}&quot; /&gt;&#xd;
            #else&#xd;
              &lt;img src=&quot;/contentAsset/resize-image/${ContentIdentifier}/thumbnail/w/400&quot; alt=&quot;$!{title}&quot; /&gt;&#xd;
            #end&#xd;
          &lt;/a&gt;&#xd;
      #else&#xd;
        #if ($UtilMethods.isSet(${fileBinaryFileURI}))&#xd;
            &lt;a href=&quot;#$!{ContentIdentifier}&quot; class=&quot;js-fancybox-media-file thumb media-thumb&quot; title=&quot;$!{title}&quot;&gt;&#xd;
              #if ($UtilMethods.isSet(${thumbnailBinaryFileURI}))&#xd;
                &lt;img src=&quot;/contentAsset/resize-image/${ContentIdentifier}/thumbnail/w/400&quot; alt=&quot;$!{title}&quot; /&gt;&#xd;
              #else&#xd;
                $!{title}&#xd;
              #end&#xd;
            &lt;/a&gt;&#xd;
            &lt;div class=&quot;hidden&quot;&gt;&#xd;
              &lt;video id=&quot;$!{ContentIdentifier}&quot; class=&quot;video-js vjs-default-skin vjs-big-play-centered&quot;&#xd;
                controls preload=&quot;auto&quot; width=&quot;640&quot; height=&quot;480&quot;&#xd;
                poster=&quot;/contentAsset/resize-image/${ContentIdentifier}/thumbnail/w/640&quot;&#xd;
                data-setup=&apos;{ &quot;controls&quot;: true, &quot;autoplay&quot;: false, &quot;preload&quot;: &quot;metadata&quot; }&apos;&gt;&#xd;
                &lt;source src=&quot;$!{filePath}&quot; type=&apos;video/$!{UtilMethods.getFileExtension($filePath)}&apos; /&gt;&#xd;
              &lt;/video&gt;&#xd;
            &lt;/div&gt;&#xd;
        #else&#xd;
            &lt;a href=&quot;$!{filePath}&quot; class=&quot;js-fancybox-media-link thumb media-thumb&quot; title=&quot;$!{title}&quot;&gt;&#xd;
              #if ($UtilMethods.isSet(${thumbnailBinaryFileURI}))&#xd;
                &lt;img src=&quot;/contentAsset/resize-image/${ContentIdentifier}/thumbnail/w/400&quot; alt=&quot;$!{title}&quot; /&gt;&#xd;
              #else&#xd;
                $!{title}&#xd;
              #end&#xd;
            &lt;/a&gt;&#xd;
        #end&#xd;
      #end&#xd;
&#xd;
    #else&#xd;
        &lt;a href=&quot;#$!{ContentIdentifier}&quot; class=&quot;js-fancybox-media-file thumb media-thumb&quot; title=&quot;$!{title}&quot;&gt;&#xd;
          #if ($UtilMethods.isSet(${thumbnailBinaryFileURI}))&#xd;
            &lt;img src=&quot;/contentAsset/resize-image/${ContentIdentifier}/thumbnail/w/400&quot; alt=&quot;$!{title}&quot; /&gt;&#xd;
          #else&#xd;
            $!{title}&#xd;
          #end&#xd;
        &lt;/a&gt;&#xd;
        &lt;div class=&quot;hidden&quot;&gt;&#xd;
          &lt;audio id=&quot;$!{ContentIdentifier}&quot; class=&quot;video-js vjs-default-skin vjs-big-play-centered&quot;&#xd;
            controls preload=&quot;auto&quot; width=&quot;640&quot; height=&quot;480&quot;&gt;&#xd;
            &lt;source src=&quot;$!{filePath}&quot; type=&apos;audio/$!{UtilMethods.getFileExtension($filePath)}&apos; /&gt;&#xd;
          &lt;/audio&gt;&#xd;
        &lt;/div&gt;&#xd;
    #end&#xd;
&lt;/div&gt;&#xd;
&#xd;
&lt;hr&gt;</code>
  </com.dotmarketing.beans.ContainerStructure>
  <com.dotmarketing.beans.ContainerStructure>
    <id>d5e3f007-e32c-4f2a-98d5-f1e5b106318d</id>
    <structureId>d2a77f80-2628-4819-bfe9-e9916eb6ba70</structureId>
    <containerInode>2332e70e-f2b3-49b6-a455-8ad90167dc0c</containerInode>
    <containerId>bf26b7b2-7a97-4bb6-9887-834ea03341db</containerId>
    <code>&lt;div class=&quot;media&quot;&gt;&#xd;
    &lt;span class=&quot;label label-default pull-right&quot;&gt;Location&lt;/span&gt;&#xd;
    &lt;a href=&quot;/locations/$urlTitle&quot; class=&quot;pull-left icon-badge&quot;&gt;&#xd;
        &lt;i class=&quot;fa fa-map-marker fa-3x&quot;&gt;&lt;/i&gt;&#xd;
    &lt;/a&gt;&#xd;
    &lt;div class=&quot;media-body&quot;&gt;&#xd;
        &lt;a href=&quot;/locations/$urlTitle&quot;&gt;&#xd;
        	&lt;div class=&quot;media-heading&quot;&gt;$!{title}&lt;/div&gt;&#xd;
		&lt;/a&gt;&#xd;
		&lt;address&gt;&#xd;
			$address1&#xd;
			#if ($UtilMethods.isSet($address2))&#xd;
				$address2&lt;br/&gt;&#xd;
			#end&#xd;
			$city, &#xd;
			$state $zip&#xd;
			#if($country != &quot;United States&quot; &amp;&amp; $country != &quot;Canada&quot;)&#xd;
				$country&#xd;
			#end&#xd;
		&lt;/address&gt;&#xd;
	&lt;/div&gt;&#xd;
&lt;/div&gt;&#xd;
&#xd;
&lt;hr&gt;</code>
  </com.dotmarketing.beans.ContainerStructure>
  <com.dotmarketing.beans.ContainerStructure>
    <id>e703b0db-04bb-4443-8207-7435fff0508e</id>
    <structureId>2182e848-0240-4931-b63d-824962b66007</structureId>
    <containerInode>9ab97328-e72f-4d7e-8be6-232f53218a93</containerInode>
    <containerId>5363c6c6-5ba0-4946-b7af-cf875188ac2e</containerId>
    <code>&lt;div class=&quot;media&quot;&gt;&#xd;
    #if ($UtilMethods.isSet(${fileBinaryFileURI}))&#xd;
      #set ($filePath = $!{fileBinaryFileURI} + &apos;/&apos; + $!{fileBinaryFileTitle})&#xd;
    #else&#xd;
      #set ($filePath = $url)&#xd;
    #end&#xd;
    #if ($UtilMethods.getFileExtension($filePath) != &apos;mp3&apos;)&#xd;
&#xd;
      #if ($UtilMethods.isImage($filePath))&#xd;
          &lt;a href=&quot;${filePath}&quot; class=&quot;js-fancybox-img thumb image-thumb&quot; title=&quot;$!{title}&quot;&gt;&#xd;
            #if ($UtilMethods.isImage($file))&#xd;
              &lt;img src=&quot;/contentAsset/resize-image/${ContentIdentifier}/file/w/400&quot; alt=&quot;$!{title}&quot; /&gt;&#xd;
            #else&#xd;
              &lt;img src=&quot;/contentAsset/resize-image/${ContentIdentifier}/thumbnail/w/400&quot; alt=&quot;$!{title}&quot; /&gt;&#xd;
            #end&#xd;
          &lt;/a&gt;&#xd;
      #else&#xd;
        #if ($UtilMethods.isSet(${fileBinaryFileURI}))&#xd;
            &lt;a href=&quot;#$!{ContentIdentifier}&quot; class=&quot;js-fancybox-media-file thumb media-thumb&quot; title=&quot;$!{title}&quot;&gt;&#xd;
              #if ($UtilMethods.isSet(${thumbnailBinaryFileURI}))&#xd;
                &lt;img src=&quot;/contentAsset/resize-image/${ContentIdentifier}/thumbnail/w/400&quot; alt=&quot;$!{title}&quot; /&gt;&#xd;
              #else&#xd;
                $!{title}&#xd;
              #end&#xd;
            &lt;/a&gt;&#xd;
            &lt;div class=&quot;hidden&quot;&gt;&#xd;
              &lt;video id=&quot;$!{ContentIdentifier}&quot; class=&quot;video-js vjs-default-skin vjs-big-play-centered&quot;&#xd;
                controls preload=&quot;auto&quot; width=&quot;640&quot; height=&quot;480&quot;&#xd;
                poster=&quot;/contentAsset/resize-image/${ContentIdentifier}/thumbnail/w/640&quot;&#xd;
                data-setup=&apos;{ &quot;controls&quot;: true, &quot;autoplay&quot;: false, &quot;preload&quot;: &quot;metadata&quot; }&apos;&gt;&#xd;
                &lt;source src=&quot;$!{filePath}&quot; type=&apos;video/$!{UtilMethods.getFileExtension($filePath)}&apos; /&gt;&#xd;
              &lt;/video&gt;&#xd;
            &lt;/div&gt;&#xd;
        #else&#xd;
            &lt;a href=&quot;$!{filePath}&quot; class=&quot;js-fancybox-media-link thumb media-thumb&quot; title=&quot;$!{title}&quot;&gt;&#xd;
              #if ($UtilMethods.isSet(${thumbnailBinaryFileURI}))&#xd;
                &lt;img src=&quot;/contentAsset/resize-image/${ContentIdentifier}/thumbnail/w/400&quot; alt=&quot;$!{title}&quot; /&gt;&#xd;
              #else&#xd;
                $!{title}&#xd;
              #end&#xd;
            &lt;/a&gt;&#xd;
        #end&#xd;
      #end&#xd;
&#xd;
    #else&#xd;
        &lt;a href=&quot;#$!{ContentIdentifier}&quot; class=&quot;js-fancybox-media-file thumb media-thumb&quot; title=&quot;$!{title}&quot;&gt;&#xd;
          #if ($UtilMethods.isSet(${thumbnailBinaryFileURI}))&#xd;
            &lt;img src=&quot;/contentAsset/resize-image/${ContentIdentifier}/thumbnail/w/400&quot; alt=&quot;$!{title}&quot; /&gt;&#xd;
          #else&#xd;
            $!{title}&#xd;
          #end&#xd;
        &lt;/a&gt;&#xd;
        &lt;div class=&quot;hidden&quot;&gt;&#xd;
          &lt;audio id=&quot;$!{ContentIdentifier}&quot; class=&quot;video-js vjs-default-skin vjs-big-play-centered&quot;&#xd;
            controls preload=&quot;auto&quot; width=&quot;640&quot; height=&quot;480&quot;&gt;&#xd;
            &lt;source src=&quot;$!{filePath}&quot; type=&apos;audio/$!{UtilMethods.getFileExtension($filePath)}&apos; /&gt;&#xd;
          &lt;/audio&gt;&#xd;
        &lt;/div&gt;&#xd;
    #end&#xd;
&lt;/div&gt;&#xd;
&#xd;
&lt;hr&gt;</code>
  </com.dotmarketing.beans.ContainerStructure>
  <com.dotmarketing.beans.ContainerStructure>
    <id>ebbdb04a-a41d-414e-b363-a2d98aa6d864</id>
    <structureId>799f176a-d32e-4844-a07c-1b5fcd107578</structureId>
    <containerInode>2332e70e-f2b3-49b6-a455-8ad90167dc0c</containerInode>
    <containerId>bf26b7b2-7a97-4bb6-9887-834ea03341db</containerId>
    <code>&lt;span class=&quot;label label-default pull-right&quot;&gt;Blog&lt;/span&gt;&#xd;
&lt;a href=&quot;/blogs/$urlTitle&quot; class=&quot;media-heading&quot;&gt;$title&lt;/a&gt;&#xd;
&lt;div class=&quot;media-subheading&quot;&gt;&#xd;
    &lt;time datetime=&quot;$date.format(&apos;yyyy-MM-dd&apos;,$sysPublishDate)T$date.format(&apos;hh:mm:ss&apos;,$sysPublishDate)&quot; class=&quot;date&quot;&gt;$date.format(&apos;MMM dd yyyy&apos;, $sysPublishDate)&lt;/time&gt;&#xd;
    &lt;span class=&quot;author&quot;&gt;by: $author&lt;/span&gt;&#xd;
&lt;/div&gt;&#xd;
&#xd;
&lt;hr&gt;</code>
  </com.dotmarketing.beans.ContainerStructure>
  <com.dotmarketing.beans.ContainerStructure>
    <id>ecd59ee2-f257-46e2-b6e0-c50e737f9069</id>
    <structureId>9ea36ae1-7775-48ae-99fe-f4ebca03a3de</structureId>
    <containerInode>9ab97328-e72f-4d7e-8be6-232f53218a93</containerInode>
    <containerId>5363c6c6-5ba0-4946-b7af-cf875188ac2e</containerId>
    <code>&lt;script&gt;&#xd;
    $(document).ready(function() {&#xd;
&#xd;
        jQuery.getJSON(&quot;//query.yahooapis.com/v1/public/yql?q=select%20*%20from%20yahoo.finance.quotes%20where%20symbol%20in%20(%22$!{tickerSymbol}%22)&amp;format=json&amp;env=store%3A%2F%2Fdatatables.org%2Falltableswithkeys&amp;callback=?&quot;,&#xd;
	    function(data) {&#xd;
	      var q = (data.query.results.quote.PreviousClose);&#xd;
	      var x = (data.query.results.quote.Change);&#xd;
	      var y = (data.query.results.quote.PercentChange);&#xd;
	&#xd;
	      jQuery(&quot;#price$!{tickerSymbol}MD&quot;).append(q);&#xd;
	&#xd;
	      if (x.indexOf(&quot;-&quot;) != -1) {&#xd;
	        var x = &quot;&lt;span class=\&quot;down\&quot;&gt;&amp;nbsp;&quot; + x + &quot;&amp;nbsp;(&quot; + y + &quot;)&lt;/span&gt;&quot;;&#xd;
	      } else if (x.indexOf(&quot;+&quot;) != -1) {&#xd;
	        var x = &quot;&lt;span class=\&quot;up\&quot;&gt;&amp;nbsp;&quot; + x + &quot;&amp;nbsp;(&quot; + y + &quot;)&lt;/span&gt;&quot;;&#xd;
	      } else {&#xd;
	        var x = &quot;&lt;span&gt;&amp;nbsp;&quot; + x + &quot;&amp;nbsp;(&quot; + y + &quot;)&lt;/span&gt;&quot;;&#xd;
	      }&#xd;
	      jQuery(&quot;#change$!{tickerSymbol}MD&quot;).append(x);&#xd;
	    });&#xd;
&#xd;
	});&#xd;
&lt;/script&gt;&#xd;
&lt;div class=&quot;row&quot;&gt;&#xd;
    &lt;div class=&quot;col-sm-12&quot;&gt;&#xd;
    	&lt;span class=&quot;label label-default pull-right&quot;&gt;Product&lt;/span&gt;&#xd;
	    &lt;div class=&quot;media-heading&quot;&gt;&lt;a href=&quot;/products/$urlTitle&quot;&gt;$title ($!{tickerSymbol})&lt;/a&gt;&lt;/div&gt;&#xd;
		&lt;img src=&quot;//chart.finance.yahoo.com/c/5b/v/$!{tickerSymbol}?lang=en-US&amp;region=US&amp;width=300&amp;height=180&quot; alt=&quot;Chart for $!{tickerSymbol}&quot; width=&quot;100%&quot;&gt;&#xd;
	&lt;/div&gt;&#xd;
&lt;/div&gt;&#xd;
&lt;div class=&quot;row&quot;&gt;&#xd;
	&lt;div class=&quot;col-sm-12&quot;&gt;&#xd;
		&lt;div class=&quot;media-body&quot;&gt;&#xd;
			&lt;table class=&quot;table product-info&quot;&gt;&#xd;
				&lt;tr&gt;&#xd;
					&lt;td&gt;$!{tickerSymbol}&lt;/td&gt;&#xd;
					&lt;td&gt;&lt;span class=&quot;price&quot; id=&quot;price$!{tickerSymbol}MD&quot;&gt;&lt;/span&gt;&lt;/td&gt;&#xd;
                    &lt;td&gt;&lt;span id=&quot;change$!{tickerSymbol}MD&quot;&gt;&lt;/span&gt;&lt;/td&gt;&#xd;
				&lt;/tr&gt;&#xd;
			&lt;/table&gt;&#xd;
		&lt;/div&gt;&#xd;
	&lt;/div&gt;&#xd;
&lt;/div&gt;&#xd;
&#xd;
&lt;hr&gt;</code>
  </com.dotmarketing.beans.ContainerStructure>
  <com.dotmarketing.beans.ContainerStructure>
    <id>eec4f9cb-e088-4adc-b405-8b6226eff7b3</id>
    <structureId>2182e848-0240-4931-b63d-824962b66007</structureId>
    <containerInode>dde0b865-6cea-4ff0-8582-85e5974cf94f</containerInode>
    <containerId>56bd55ea-b04b-480d-9e37-5d6f9217dcc3</containerId>
    <code>&lt;div class=&quot;row&quot;&gt;&#xd;
    &lt;div class=&quot;col-sm-7&quot;&gt;&#xd;
		&lt;span class=&quot;label label-default pull-right&quot;&gt;Media&lt;/span&gt;&#xd;
    	&lt;div class=&quot;media-heading&quot;&gt;$!{title}&lt;/div&gt;&#xd;
    	&lt;div class=&quot;risk-system risk$!{averageRating}&quot; style=&quot;float: none;&quot; title=&quot;$!{averageRating}&quot;&gt;&lt;/div&gt;&#xd;
    	$!{description}&#xd;
	&lt;/div&gt;&#xd;
&#xd;
	&lt;div class=&quot;col-sm-5&quot;&gt;&#xd;
			    #if ($UtilMethods.isSet(${fileBinaryFileURI}))&#xd;
			      #set ($filePath = $!{fileBinaryFileURI} + &apos;/&apos; + $!{fileBinaryFileTitle})&#xd;
			    #else&#xd;
			      #set ($filePath = $url)&#xd;
			    #end&#xd;
			    #if ($UtilMethods.getFileExtension($filePath) != &apos;mp3&apos;)&#xd;
			&#xd;
			      #if ($UtilMethods.isImage($filePath))&#xd;
			        &lt;article&gt;&#xd;
			          &lt;a href=&quot;${filePath}&quot; class=&quot;js-fancybox-img thumb image-thumb&quot; title=&quot;$!{title}&quot;&gt;&#xd;
			            #if ($UtilMethods.isImage($file))&#xd;
			              &lt;img src=&quot;/contentAsset/resize-image/${ContentIdentifier}/file/w/325&quot; alt=&quot;$!{title}&quot; /&gt;&#xd;
			            #else&#xd;
			              &lt;img src=&quot;/contentAsset/resize-image/${ContentIdentifier}/thumbnail/w/325&quot; alt=&quot;$!{title}&quot; /&gt;&#xd;
			            #end&#xd;
			          &lt;/a&gt;&#xd;
			        &lt;/article&gt;&#xd;
			      #else&#xd;
			        #if ($UtilMethods.isSet(${fileBinaryFileURI}))&#xd;
			          &lt;article&gt;&#xd;
			            &lt;a href=&quot;#$!{ContentIdentifier}&quot; class=&quot;js-fancybox-media-file thumb media-thumb&quot; title=&quot;$!{title}&quot;&gt;&#xd;
			              #if ($UtilMethods.isSet(${thumbnailBinaryFileURI}))&#xd;
			                &lt;img src=&quot;/contentAsset/resize-image/${ContentIdentifier}/thumbnail/w/325&quot; alt=&quot;$!{title}&quot; /&gt;&#xd;
			              #else&#xd;
			                $!{title}&#xd;
			              #end&#xd;
			            &lt;/a&gt;&#xd;
			            &lt;div class=&quot;hidden&quot;&gt;&#xd;
			              &lt;video id=&quot;$!{ContentIdentifier}&quot; class=&quot;video-js vjs-default-skin vjs-big-play-centered&quot;&#xd;
			                controls preload=&quot;auto&quot; width=&quot;640&quot; height=&quot;480&quot;&#xd;
			                poster=&quot;/contentAsset/resize-image/${ContentIdentifier}/thumbnail/w/640&quot;&#xd;
			                data-setup=&apos;{ &quot;controls&quot;: true, &quot;autoplay&quot;: false, &quot;preload&quot;: &quot;metadata&quot; }&apos;&gt;&#xd;
			                &lt;source src=&quot;$!{filePath}&quot; type=&apos;video/$!{UtilMethods.getFileExtension($filePath)}&apos; /&gt;&#xd;
			              &lt;/video&gt;&#xd;
			            &lt;/div&gt;&#xd;
			          &lt;/article&gt;&#xd;
			        #else&#xd;
			          &lt;article&gt;&#xd;
			            &lt;a href=&quot;$!{filePath}&quot; class=&quot;js-fancybox-media-link thumb media-thumb&quot; title=&quot;$!{title}&quot;&gt;&#xd;
			              #if ($UtilMethods.isSet(${thumbnailBinaryFileURI}))&#xd;
			                &lt;img src=&quot;/contentAsset/resize-image/${ContentIdentifier}/thumbnail/w/325&quot; alt=&quot;$!{title}&quot; /&gt;&#xd;
			              #else&#xd;
			                $!{title}&#xd;
			              #end&#xd;
			            &lt;/a&gt;&#xd;
			          &lt;/article&gt;&#xd;
			        #end&#xd;
			      #end&#xd;
			&#xd;
			    #else&#xd;
			      &lt;article&gt;&#xd;
			        &lt;a href=&quot;#$!{ContentIdentifier}&quot; class=&quot;js-fancybox-media-file thumb media-thumb&quot; title=&quot;$!{title}&quot;&gt;&#xd;
			          #if ($UtilMethods.isSet(${thumbnailBinaryFileURI}))&#xd;
			            &lt;img src=&quot;/contentAsset/resize-image/${ContentIdentifier}/thumbnail/w/325&quot; alt=&quot;$!{title}&quot; /&gt;&#xd;
			          #else&#xd;
			            $!{title}&#xd;
			          #end&#xd;
			        &lt;/a&gt;&#xd;
			        &lt;div class=&quot;hidden&quot;&gt;&#xd;
			          &lt;audio id=&quot;$!{ContentIdentifier}&quot; class=&quot;video-js vjs-default-skin vjs-big-play-centered&quot;&#xd;
			            controls preload=&quot;auto&quot; width=&quot;640&quot; height=&quot;480&quot;&gt;&#xd;
			            &lt;source src=&quot;$!{filePath}&quot; type=&apos;audio/$!{UtilMethods.getFileExtension($filePath)}&apos; /&gt;&#xd;
			          &lt;/audio&gt;&#xd;
			        &lt;/div&gt;&#xd;
			      &lt;/article&gt;&#xd;
			    #end&#xd;
	&lt;/div&gt;&#xd;
&lt;/div&gt;&#xd;
&#xd;
&lt;hr&gt;</code>
  </com.dotmarketing.beans.ContainerStructure>
  <com.dotmarketing.beans.ContainerStructure>
    <id>f7ffca2d-9039-4e3f-8686-f70f72a395b8</id>
    <structureId>d8262b9f-84ea-46f9-88c4-0c8959271d67</structureId>
    <containerInode>9ab97328-e72f-4d7e-8be6-232f53218a93</containerInode>
    <containerId>5363c6c6-5ba0-4946-b7af-cf875188ac2e</containerId>
    <code>&lt;div class=&quot;media&quot;&gt;&#xd;
    &lt;span class=&quot;label label-default pull-right&quot;&gt;Document&lt;/span&gt;&#xd;
&#xd;
    &lt;div class=&quot;media-heading&quot;&gt;&#xd;
        #if ($UtilMethods.isSet(${fileAssetBinaryFileURI})) &#xd;
    		&lt;a href=&quot;$!{fileAssetBinaryFileURI}?force_download=1&amp;filename=$!{fileAssetBinaryFileTitle}&quot;&gt;${title}&lt;/a&gt; &#xd;
		#end &#xd;
    &lt;/div&gt;&#xd;
    #if ($UtilMethods.isSet($description1))&#xd;
      &lt;div class=&quot;media-subheading&quot;&gt;$UtilMethods.prettyShortenString(&quot;$description1&quot;, 125)&lt;/div&gt;&#xd;
    #end&#xd;
&lt;/div&gt;&#xd;
&#xd;
&lt;hr&gt;</code>
  </com.dotmarketing.beans.ContainerStructure>
  <com.dotmarketing.beans.ContainerStructure>
    <id>f9e0de3e-8bcc-4d4d-8e8c-4d26b62c009f</id>
    <structureId>d8262b9f-84ea-46f9-88c4-0c8959271d67</structureId>
    <containerInode>0ba8735d-bee3-4216-a05f-a8743967d28a</containerInode>
    <containerId>fc193c82-8c32-4abe-ba8a-49522328c93e</containerId>
    <code>&lt;div class=&quot;media&quot;&gt;&#xd;
    &lt;div class=&quot;media-heading&quot;&gt;&#xd;
        #if ($UtilMethods.isSet(${fileAssetBinaryFileURI})) &#xd;
			&lt;a href=&quot;$!{fileAssetBinaryFileURI}?force_download=1&amp;filename=$!{fileAssetBinaryFileTitle}&quot;&gt;${title}&lt;/a&gt; &#xd;
		#end &#xd;
    &lt;/div&gt;&#xd;
    #if ($UtilMethods.isSet($description1))&#xd;
      &lt;div class=&quot;media-subheading&quot;&gt;$UtilMethods.prettyShortenString(&quot;$description1&quot;, 125)&lt;/div&gt;&#xd;
    #end&#xd;
&lt;/div&gt;&#xd;
&#xd;
&lt;hr&gt;</code>
  </com.dotmarketing.beans.ContainerStructure>
  <com.dotmarketing.beans.ContainerStructure>
    <id>fc7917c4-b144-430c-9bcf-8ed9819390a8</id>
    <structureId>28039964-5615-4ccf-bb96-ded62adbcc6a</structureId>
    <containerInode>0ba8735d-bee3-4216-a05f-a8743967d28a</containerInode>
    <containerId>fc193c82-8c32-4abe-ba8a-49522328c93e</containerId>
    <code>&lt;a href=&quot;/news/$urlTitle&quot;&gt;$title&lt;/a&gt;&#xd;
&#xd;
&lt;hr&gt;</code>
  </com.dotmarketing.beans.ContainerStructure>
</list>