<list>
  <com.dotmarketing.portlets.templates.model.TemplateVersionInfo>
    <identifier>1763fa6e-91c0-464e-8b16-9a25d7ae6ce5</identifier>
    <liveInode>10baf501-ffbe-4cec-9e52-cfee23e43c87</liveInode>
    <workingInode>10baf501-ffbe-4cec-9e52-cfee23e43c87</workingInode>
    <lockedOn class="sql-timestamp">2014-09-02 18:44:29.476</lockedOn>
    <deleted>false</deleted>
    <versionTs class="sql-timestamp">2014-09-02 18:44:29.497</versionTs>
  </com.dotmarketing.portlets.templates.model.TemplateVersionInfo>
  <com.dotmarketing.portlets.templates.model.TemplateVersionInfo>
    <identifier>6da4cc0e-bdd8-412c-ad57-fc84c16add88</identifier>
    <liveInode>e1209b9b-0fd8-494d-b1cd-224cf00107cb</liveInode>
    <workingInode>e1209b9b-0fd8-494d-b1cd-224cf00107cb</workingInode>
    <lockedOn class="sql-timestamp">2014-09-30 17:33:36.862</lockedOn>
    <deleted>false</deleted>
    <versionTs class="sql-timestamp">2014-09-26 14:15:53.785</versionTs>
  </com.dotmarketing.portlets.templates.model.TemplateVersionInfo>
  <com.dotmarketing.portlets.templates.model.TemplateVersionInfo>
    <identifier>71bf1747-56b9-41ca-a3fa-1fc7b8471dba</identifier>
    <liveInode>253cbd75-f776-42f3-bacc-3a31589e29f9</liveInode>
    <workingInode>253cbd75-f776-42f3-bacc-3a31589e29f9</workingInode>
    <lockedOn class="sql-timestamp">2017-03-13 16:09:56.823</lockedOn>
    <deleted>false</deleted>
    <versionTs class="sql-timestamp">2017-03-03 22:23:48.78</versionTs>
  </com.dotmarketing.portlets.templates.model.TemplateVersionInfo>
  <com.dotmarketing.portlets.templates.model.TemplateVersionInfo>
    <identifier>7623ea3e-c0e6-46d8-8db6-9070f7bfc342</identifier>
    <liveInode>54b2ca77-4c91-4de5-bcc7-ccd4ce0ecd50</liveInode>
    <workingInode>54b2ca77-4c91-4de5-bcc7-ccd4ce0ecd50</workingInode>
    <lockedOn class="sql-timestamp">2015-10-20 13:41:43.076</lockedOn>
    <deleted>false</deleted>
    <versionTs class="sql-timestamp">2015-10-19 20:50:08.27</versionTs>
  </com.dotmarketing.portlets.templates.model.TemplateVersionInfo>
  <com.dotmarketing.portlets.templates.model.TemplateVersionInfo>
    <identifier>8660b482-1ef6-4d00-9459-3996e703ba19</identifier>
    <liveInode>cc1f0d74-8356-4035-925a-5c792d7b386f</liveInode>
    <workingInode>cc1f0d74-8356-4035-925a-5c792d7b386f</workingInode>
    <lockedOn class="sql-timestamp">2014-09-30 20:21:01.658</lockedOn>
    <deleted>false</deleted>
    <versionTs class="sql-timestamp">2014-09-30 20:21:01.662</versionTs>
  </com.dotmarketing.portlets.templates.model.TemplateVersionInfo>
  <com.dotmarketing.portlets.templates.model.TemplateVersionInfo>
    <identifier>92ba9678-2549-4fb6-b3b5-ed98678a1372</identifier>
    <liveInode>a9fc7b76-5681-453a-b920-b63fba63fba5</liveInode>
    <workingInode>a9fc7b76-5681-453a-b920-b63fba63fba5</workingInode>
    <lockedOn class="sql-timestamp">2014-09-26 13:09:52.627</lockedOn>
    <deleted>false</deleted>
    <versionTs class="sql-timestamp">2014-09-26 13:09:52.647</versionTs>
  </com.dotmarketing.portlets.templates.model.TemplateVersionInfo>
  <com.dotmarketing.portlets.templates.model.TemplateVersionInfo>
    <identifier>9396ac6a-d32c-4539-966e-c776e7562cfb</identifier>
    <liveInode>fe654925-f011-487c-b5db-d7cb4ed2553a</liveInode>
    <workingInode>fe654925-f011-487c-b5db-d7cb4ed2553a</workingInode>
    <lockedOn class="sql-timestamp">2014-09-30 20:35:10.821</lockedOn>
    <deleted>false</deleted>
    <versionTs class="sql-timestamp">2014-09-30 20:35:10.826</versionTs>
  </com.dotmarketing.portlets.templates.model.TemplateVersionInfo>
  <com.dotmarketing.portlets.templates.model.TemplateVersionInfo>
    <identifier>9f8757e5-5632-42cc-aec2-5096514204f9</identifier>
    <liveInode>caff77fa-1cc7-4007-8b81-961ee7c428ac</liveInode>
    <workingInode>caff77fa-1cc7-4007-8b81-961ee7c428ac</workingInode>
    <lockedOn class="sql-timestamp">2014-09-02 18:48:10.826</lockedOn>
    <deleted>false</deleted>
    <versionTs class="sql-timestamp">2014-09-02 18:48:10.86</versionTs>
  </com.dotmarketing.portlets.templates.model.TemplateVersionInfo>
  <com.dotmarketing.portlets.templates.model.TemplateVersionInfo>
    <identifier>ade7c405-fb68-437b-bb38-b0b04502861e</identifier>
    <liveInode>e55fb1c7-767d-44f1-a871-5e0d0de1cb76</liveInode>
    <workingInode>e55fb1c7-767d-44f1-a871-5e0d0de1cb76</workingInode>
    <lockedOn class="sql-timestamp">2014-09-30 18:07:23.938</lockedOn>
    <deleted>false</deleted>
    <versionTs class="sql-timestamp">2014-09-30 17:48:29.101</versionTs>
  </com.dotmarketing.portlets.templates.model.TemplateVersionInfo>
  <com.dotmarketing.portlets.templates.model.TemplateVersionInfo>
    <identifier>b0169355-2a39-4df6-b9e1-113955256771</identifier>
    <liveInode>4f404bca-7e5d-4fc8-b503-f3247471fe85</liveInode>
    <workingInode>4f404bca-7e5d-4fc8-b503-f3247471fe85</workingInode>
    <lockedOn class="sql-timestamp">2017-03-13 16:10:00.749</lockedOn>
    <deleted>false</deleted>
    <versionTs class="sql-timestamp">2014-10-01 00:42:03.139</versionTs>
  </com.dotmarketing.portlets.templates.model.TemplateVersionInfo>
  <com.dotmarketing.portlets.templates.model.TemplateVersionInfo>
    <identifier>d30a0347-7473-49ab-b67d-cc7a972f4d59</identifier>
    <liveInode>b76bc77a-59a7-45e4-9d8f-01d0f4a1567e</liveInode>
    <workingInode>b76bc77a-59a7-45e4-9d8f-01d0f4a1567e</workingInode>
    <lockedOn class="sql-timestamp">2017-03-07 22:36:15.731</lockedOn>
    <deleted>false</deleted>
    <versionTs class="sql-timestamp">2016-01-25 21:53:38.007</versionTs>
  </com.dotmarketing.portlets.templates.model.TemplateVersionInfo>
  <com.dotmarketing.portlets.templates.model.TemplateVersionInfo>
    <identifier>eae2538a-6bc0-4d27-916f-bbc5d7ca45c5</identifier>
    <liveInode>d26e97ea-5002-40e4-9fb3-87d568d13ac0</liveInode>
    <workingInode>d26e97ea-5002-40e4-9fb3-87d568d13ac0</workingInode>
    <lockedOn class="sql-timestamp">2017-03-10 16:36:10.881</lockedOn>
    <deleted>false</deleted>
    <versionTs class="sql-timestamp">2017-03-10 14:15:13.579</versionTs>
  </com.dotmarketing.portlets.templates.model.TemplateVersionInfo>
  <com.dotmarketing.portlets.templates.model.TemplateVersionInfo>
    <identifier>fdb3f906-e9c4-46c4-b7e4-148201271d04</identifier>
    <liveInode>941a3f59-0d87-4084-8d9c-aca29a26ec8c</liveInode>
    <workingInode>941a3f59-0d87-4084-8d9c-aca29a26ec8c</workingInode>
    <lockedOn class="sql-timestamp">2017-03-13 16:28:15.628</lockedOn>
    <deleted>false</deleted>
    <versionTs class="sql-timestamp">2014-09-30 20:27:16.618</versionTs>
  </com.dotmarketing.portlets.templates.model.TemplateVersionInfo>
</list>