<list>
  <com.dotmarketing.portlets.virtuallinks.model.VirtualLink>
    <iDate class="sql-timestamp">2011-07-08 17:43:44.604</iDate>
    <type>virtual_link</type>
    <owner></owner>
    <inode>868c07ca-c2af-4668-8fe8-75d5b48bd6a5</inode>
    <title>Locations</title>
    <url>demo.dotcms.com:/locations</url>
    <uri>/about-us/locations/</uri>
    <active>true</active>
  </com.dotmarketing.portlets.virtuallinks.model.VirtualLink>
  <com.dotmarketing.portlets.virtuallinks.model.VirtualLink>
    <iDate class="sql-timestamp">2010-07-03 13:41:04.366</iDate>
    <type>virtual_link</type>
    <owner></owner>
    <inode>4b8c55de-a9c1-4fd6-ab7b-cb66d574ac6b</inode>
    <title>404 Error Page</title>
    <url>companyY.com:/cms404Page</url>
    <uri>/demos/404-override-test.html</uri>
    <active>true</active>
  </com.dotmarketing.portlets.virtuallinks.model.VirtualLink>
  <com.dotmarketing.portlets.virtuallinks.model.VirtualLink>
    <iDate class="sql-timestamp">2010-07-03 13:41:04.346</iDate>
    <type>virtual_link</type>
    <owner></owner>
    <inode>5dd071ee-699c-43a1-b362-e87416fa740d</inode>
    <title>News</title>
    <url>companyY.com:/MyNews</url>
    <uri>/news-events/index.html</uri>
    <active>true</active>
  </com.dotmarketing.portlets.virtuallinks.model.VirtualLink>
  <com.dotmarketing.portlets.virtuallinks.model.VirtualLink>
    <iDate class="sql-timestamp">2010-06-17 23:04:37.307</iDate>
    <type>virtual_link</type>
    <owner></owner>
    <inode>6fbd5a61-afba-4839-826a-68aa4aad5072</inode>
    <title>404 Error Page</title>
    <url>demo.dotcms.com:/cms404Page</url>
    <uri>/home/404-error</uri>
    <active>true</active>
  </com.dotmarketing.portlets.virtuallinks.model.VirtualLink>
</list>