<list>
  <com.liferay.portal.model.User>
    <__new>false</__new>
    <__modified>false</__modified>
    <__userId>dotcms.org.1</__userId>
    <__companyId>dotcms.org</__companyId>
    <__password>1:1:EBk/HSdzfiWh52GO9xxbBJhZgsb2jd9Q:i=4e20:LnjrBImIZ2XRA6woT8lSZmGNrDP8LKgE</__password>
    <__passwordEncrypted>true</__passwordEncrypted>
    <__passwordReset>false</__passwordReset>
    <__firstName>Admin</__firstName>
    <__middleName></__middleName>
    <__lastName>User</__lastName>
    <__nickName></__nickName>
    <__male>true</__male>
    <__birthday class="sql-timestamp">2008-03-06 17:36:01.0</__birthday>
    <__emailAddress>admin@dotcms.com</__emailAddress>
    <__favoriteActivity>48190c8c-42c4-46af-8d1a-0cd5db894797</__favoriteActivity>
    <__languageId>en_US</__languageId>
    <__timeZoneId>US/Eastern</__timeZoneId>
    <__skinId></__skinId>
    <__dottedSkins>false</__dottedSkins>
    <__roundedSkins>false</__roundedSkins>
    <__greeting>Welcome, Test Test!</__greeting>
    <__resolution>1024x768</__resolution>
    <__refreshRate>900</__refreshRate>
    <__createDate class="sql-timestamp">2008-03-06 17:36:01.0</__createDate>
    <__loginDate class="sql-timestamp">2010-03-18 01:10:52.186</__loginDate>
    <__loginIP>0:0:0:0:0:0:0:1</__loginIP>
    <__lastLoginDate class="sql-timestamp">2017-03-15 14:11:48.796</__lastLoginDate>
    <__lastLoginIP>0:0:0:0:0:0:0:1</__lastLoginIP>
    <__failedLoginAttempts>0</__failedLoginAttempts>
    <__agreedToTermsOfUse>false</__agreedToTermsOfUse>
    <__active>true</__active>
    <__deleteInProgress>false</__deleteInProgress>
    <__defaultUser>false</__defaultUser>
    <__locale>en_US</__locale>
    <__timeZone class="sun.util.calendar.ZoneInfo" serialization="custom">
      <java.util.TimeZone>
        <default>
          <ID>US/Eastern</ID>
        </default>
      </java.util.TimeZone>
      <sun.util.calendar.ZoneInfo>
        <default>
          <checksum>-1719355438</checksum>
          <dstSavings>3600000</dstSavings>
          <rawOffset>-18000000</rawOffset>
          <rawOffsetDiff>0</rawOffsetDiff>
          <willGMTOffsetChange>false</willGMTOffsetChange>
          <offsets>
            <int>-18000000</int>
            <int>-14400000</int>
            <int>3600000</int>
          </offsets>
          <simpleTimeZoneParams>
            <int>2</int>
            <int>8</int>
            <int>-1</int>
            <int>7200000</int>
            <int>0</int>
            <int>10</int>
            <int>1</int>
            <int>-1</int>
            <int>7200000</int>
            <int>0</int>
          </simpleTimeZoneParams>
          <transitions>
            <long>-9048018124800000</long>
            <long>-6689916518399967</long>
            <long>-6615613440000000</long>
            <long>-6561098956799967</long>
            <long>-6486795878400000</long>
            <long>-6432281395199967</long>
            <long>-6355501056000000</long>
            <long>-6293554790399967</long>
            <long>-6239069798400000</long>
            <long>-6162259967999967</long>
            <long>-6110252236800000</long>
            <long>-6033442406399967</long>
            <long>-5978957414400000</long>
            <long>-5904624844799967</long>
            <long>-5850139852800000</long>
            <long>-5775807283199967</long>
            <long>-5721322291200000</long>
            <long>-5646989721599967</long>
            <long>-5592504729600000</long>
            <long>-5518172159999967</long>
            <long>-5463687168000000</long>
            <long>-5386877337599967</long>
            <long>-5332392345600000</long>
            <long>-5258059775999967</long>
            <long>-5203574784000000</long>
            <long>-5129242214399967</long>
            <long>-5074757222400000</long>
            <long>-5000424652799967</long>
            <long>-4945939660800000</long>
            <long>-4871607091199967</long>
            <long>-4817122099200000</long>
            <long>-4740312268799967</long>
            <long>-4688304537600000</long>
            <long>-4611494707199967</long>
            <long>-4557009715200000</long>
            <long>-4482677145599967</long>
            <long>-4428192153600000</long>
            <long>-4353859583999967</long>
            <long>-4299374592000000</long>
            <long>-4225042022399967</long>
            <long>-4170557030400000</long>
            <long>-4096224460799967</long>
            <long>-4041739468800000</long>
            <long>-3964929638399967</long>
            <long>-3912921907200000</long>
            <long>-3836112076799967</long>
            <long>-3781627084800000</long>
            <long>-3707294515199967</long>
            <long>-3652809523200000</long>
            <long>-3605372927999967</long>
            <long>-3135062016000000</long>
            <long>-3060729446399967</long>
            <long>-3006244454400000</long>
            <long>-2931911884799967</long>
            <long>-2877426892800000</long>
            <long>-2803094323199967</long>
            <long>-2748609331200000</long>
            <long>-2674276761599967</long>
            <long>-2619791769600000</long>
            <long>-2542981939199967</long>
            <long>-2490974208000000</long>
            <long>-2414164377599967</long>
            <long>-2359679385600000</long>
            <long>-2285346815999967</long>
            <long>-2230861824000000</long>
            <long>-2156529254399967</long>
            <long>-2102044262400000</long>
            <long>-2027711692799967</long>
            <long>-1973226700800000</long>
            <long>-1898894131199967</long>
            <long>-1832022835200000</long>
            <long>-1767599308799967</long>
            <long>-1703205273600000</long>
            <long>-1638781747199967</long>
            <long>-1574387712000000</long>
            <long>-1509964185599967</long>
            <long>-1445570150400000</long>
            <long>-1381146623999967</long>
            <long>-1316752588800000</long>
            <long>-1252329062399967</long>
            <long>-1185457766400000</long>
            <long>-1121034239999967</long>
            <long>-1056640204800000</long>
            <long>-992216678399967</long>
            <long>-927822643200000</long>
            <long>-863399116799967</long>
            <long>-799005081600000</long>
            <long>-734581555199967</long>
            <long>-670187520000000</long>
            <long>-605763993599967</long>
            <long>-538892697600000</long>
            <long>-476946431999967</long>
            <long>-410075136000000</long>
            <long>-345651609599967</long>
            <long>-281257574400000</long>
            <long>-216834047999967</long>
            <long>-152440012800000</long>
            <long>-88016486399967</long>
            <long>-23622451200000</long>
            <long>40801075200033</long>
            <long>105195110400000</long>
            <long>169618636800033</long>
            <long>236489932800000</long>
            <long>300913459200033</long>
            <long>365307494400000</long>
            <long>429731020800033</long>
            <long>494125056000000</long>
            <long>518912409600033</long>
            <long>622942617600000</long>
            <long>665070796800033</long>
            <long>751760179200000</long>
            <long>816183705600033</long>
            <long>883055001600000</long>
            <long>945001267200033</long>
            <long>1011872563200000</long>
            <long>1076296089600033</long>
            <long>1140690124800000</long>
            <long>1205113651200033</long>
            <long>1269507686400000</long>
            <long>1333931212800033</long>
            <long>1398325248000000</long>
            <long>1462748774400033</long>
            <long>1527142809600000</long>
            <long>1591566336000033</long>
            <long>1658437632000000</long>
            <long>1720383897600033</long>
            <long>1787255193600000</long>
            <long>1851678720000033</long>
            <long>1916072755200000</long>
            <long>1980496281600033</long>
            <long>2044890316800000</long>
            <long>2109313843200033</long>
            <long>2173707878400000</long>
            <long>2230699622400033</long>
            <long>2302525440000000</long>
            <long>2359517184000033</long>
            <long>2433820262400000</long>
            <long>2488334745600033</long>
            <long>2562637824000000</long>
            <long>2617152307200033</long>
            <long>2691455385600000</long>
            <long>2748447129600033</long>
            <long>2820272947200000</long>
            <long>2877264691200033</long>
            <long>2949090508800000</long>
            <long>3006082252800033</long>
            <long>3080385331200000</long>
            <long>3134899814400033</long>
            <long>3209202892800000</long>
            <long>3263717376000033</long>
            <long>3338020454400000</long>
            <long>3395012198400033</long>
            <long>3466838016000000</long>
            <long>3523829760000033</long>
            <long>3595655577600000</long>
            <long>3652647321600033</long>
            <long>3724473139200000</long>
            <long>3781464883200033</long>
            <long>3855767961600000</long>
            <long>3910282444800033</long>
            <long>3984585523200000</long>
            <long>4039100006400033</long>
            <long>4113403084800000</long>
            <long>4170394828800033</long>
            <long>4242220646400000</long>
            <long>4299212390400033</long>
            <long>4371038208000000</long>
            <long>4428029952000033</long>
            <long>4502333030400000</long>
            <long>4556847513600033</long>
            <long>4631150592000000</long>
            <long>4685665075200033</long>
            <long>4759968153600000</long>
            <long>4807050854400033</long>
            <long>4891262976000000</long>
            <long>4935868416000033</long>
            <long>5020080537600000</long>
            <long>5064685977600033</long>
            <long>5148898099200000</long>
            <long>5195980800000033</long>
            <long>5280192921600000</long>
            <long>5324798361600033</long>
            <long>5409010483200000</long>
            <long>5453615923200033</long>
            <long>5537828044800000</long>
            <long>5582433484800033</long>
            <long>5666645606400000</long>
            <long>5711251046400033</long>
            <long>5795463168000000</long>
            <long>5840068608000033</long>
            <long>5924280729600000</long>
            <long>5971363430400033</long>
            <long>6055575552000000</long>
            <long>6100180992000033</long>
            <long>6184393113600000</long>
            <long>6228998553600033</long>
            <long>6313210675200000</long>
            <long>6357816115200033</long>
            <long>6442028236800000</long>
            <long>6486633676800033</long>
            <long>6570845798400000</long>
            <long>6617928499200033</long>
            <long>6702140620800000</long>
            <long>6746746060800033</long>
            <long>6830958182400000</long>
            <long>6875563622400033</long>
            <long>6959775744000000</long>
            <long>7004381184000033</long>
            <long>7088593305600000</long>
            <long>7133198745600033</long>
            <long>7217410867200000</long>
            <long>7262016307200033</long>
            <long>7346228428800000</long>
            <long>7393311129600033</long>
            <long>7477523251200000</long>
            <long>7522128691200033</long>
            <long>7606340812800000</long>
            <long>7650946252800033</long>
            <long>7735158374400000</long>
            <long>7779763814400033</long>
            <long>7863975936000000</long>
            <long>7908581376000033</long>
            <long>7992793497600000</long>
            <long>8039876198400033</long>
            <long>8124088320000000</long>
            <long>8168693760000033</long>
            <long>8252905881600000</long>
            <long>8297511321600033</long>
            <long>8381723443200000</long>
            <long>8426328883200033</long>
            <long>8510541004800000</long>
            <long>8555146444800033</long>
            <long>8639358566400000</long>
            <long>8683964006400033</long>
            <long>8768176128000000</long>
          </transitions>
        </default>
      </sun.util.calendar.ZoneInfo>
    </__timeZone>
    <__user>
      <__new>false</__new>
      <__modified>true</__modified>
      <__userId>dotcms.org.1</__userId>
      <__companyId>dotcms.org</__companyId>
      <__passwordEncrypted>true</__passwordEncrypted>
      <__passwordReset>false</__passwordReset>
      <__firstName>Admin</__firstName>
      <__middleName></__middleName>
      <__lastName>User</__lastName>
      <__nickName></__nickName>
      <__male>true</__male>
      <__birthday class="sql-timestamp" reference="../../__birthday"/>
      <__emailAddress>admin@dotcms.com</__emailAddress>
      <__favoriteActivity>48190c8c-42c4-46af-8d1a-0cd5db894797</__favoriteActivity>
      <__languageId>en_US</__languageId>
      <__timeZoneId>US/Eastern</__timeZoneId>
      <__skinId></__skinId>
      <__dottedSkins>false</__dottedSkins>
      <__roundedSkins>false</__roundedSkins>
      <__greeting>Welcome, Test Test!</__greeting>
      <__resolution>1024x768</__resolution>
      <__refreshRate>900</__refreshRate>
      <__failedLoginAttempts>0</__failedLoginAttempts>
      <__agreedToTermsOfUse>false</__agreedToTermsOfUse>
      <__active>false</__active>
      <__deleteInProgress>false</__deleteInProgress>
      <__defaultUser>false</__defaultUser>
      <__locale>en_US</__locale>
      <__timeZone class="sun.util.calendar.ZoneInfo" serialization="custom">
        <java.util.TimeZone>
          <default>
            <ID>US/Eastern</ID>
          </default>
        </java.util.TimeZone>
        <sun.util.calendar.ZoneInfo>
          <default>
            <checksum>-1719355438</checksum>
            <dstSavings>3600000</dstSavings>
            <rawOffset>-18000000</rawOffset>
            <rawOffsetDiff>0</rawOffsetDiff>
            <willGMTOffsetChange>false</willGMTOffsetChange>
            <offsets reference="../../../../../__timeZone/sun.util.calendar.ZoneInfo/default/offsets"/>
            <simpleTimeZoneParams reference="../../../../../__timeZone/sun.util.calendar.ZoneInfo/default/simpleTimeZoneParams"/>
            <transitions reference="../../../../../__timeZone/sun.util.calendar.ZoneInfo/default/transitions"/>
          </default>
        </sun.util.calendar.ZoneInfo>
      </__timeZone>
    </__user>
    <modificationDate class="sql-timestamp">2017-01-12 21:04:37.726</modificationDate>
  </com.liferay.portal.model.User>
  <com.liferay.portal.model.User>
    <__new>false</__new>
    <__modified>true</__modified>
    <__userId>dotcms.org.2808</__userId>
    <__companyId>dotcms.org</__companyId>
    <__password>1:1:D03Ig8n1wpQZsc068xhLDKcxKi/Qb7CU:i=4e20:WU7SofAmNWm0TBWbsaWabMN11XN7M483</__password>
    <__passwordEncrypted>true</__passwordEncrypted>
    <__passwordReset>false</__passwordReset>
    <__firstName>Admin2</__firstName>
    <__lastName>User</__lastName>
    <__male>true</__male>
    <__emailAddress>admin2@dotcms.com</__emailAddress>
    <__languageId>en_US</__languageId>
    <__timeZoneId>America/New_York</__timeZoneId>
    <__skinId></__skinId>
    <__dottedSkins>false</__dottedSkins>
    <__roundedSkins>false</__roundedSkins>
    <__greeting>Welcome, dotcms.org.2807 dotcms.org.2807!</__greeting>
    <__createDate class="sql-timestamp">2013-03-26 11:38:54.094</__createDate>
    <__lastLoginDate class="sql-timestamp">2016-03-04 16:12:08.327</__lastLoginDate>
    <__failedLoginAttempts>0</__failedLoginAttempts>
    <__agreedToTermsOfUse>false</__agreedToTermsOfUse>
    <__active>true</__active>
    <__deleteInProgress>false</__deleteInProgress>
    <__defaultUser>false</__defaultUser>
    <__locale>en_US</__locale>
    <__timeZone class="sun.util.calendar.ZoneInfo" serialization="custom">
      <java.util.TimeZone>
        <default>
          <ID>America/New_York</ID>
        </default>
      </java.util.TimeZone>
      <sun.util.calendar.ZoneInfo>
        <default>
          <checksum>-1719355438</checksum>
          <dstSavings>3600000</dstSavings>
          <rawOffset>-18000000</rawOffset>
          <rawOffsetDiff>0</rawOffsetDiff>
          <willGMTOffsetChange>false</willGMTOffsetChange>
          <offsets>
            <int>-18000000</int>
            <int>-14400000</int>
            <int>3600000</int>
          </offsets>
          <simpleTimeZoneParams>
            <int>2</int>
            <int>8</int>
            <int>-1</int>
            <int>7200000</int>
            <int>0</int>
            <int>10</int>
            <int>1</int>
            <int>-1</int>
            <int>7200000</int>
            <int>0</int>
          </simpleTimeZoneParams>
          <transitions>
            <long>-9048018124800000</long>
            <long>-6689916518399967</long>
            <long>-6615613440000000</long>
            <long>-6561098956799967</long>
            <long>-6486795878400000</long>
            <long>-6432281395199967</long>
            <long>-6355501056000000</long>
            <long>-6293554790399967</long>
            <long>-6239069798400000</long>
            <long>-6162259967999967</long>
            <long>-6110252236800000</long>
            <long>-6033442406399967</long>
            <long>-5978957414400000</long>
            <long>-5904624844799967</long>
            <long>-5850139852800000</long>
            <long>-5775807283199967</long>
            <long>-5721322291200000</long>
            <long>-5646989721599967</long>
            <long>-5592504729600000</long>
            <long>-5518172159999967</long>
            <long>-5463687168000000</long>
            <long>-5386877337599967</long>
            <long>-5332392345600000</long>
            <long>-5258059775999967</long>
            <long>-5203574784000000</long>
            <long>-5129242214399967</long>
            <long>-5074757222400000</long>
            <long>-5000424652799967</long>
            <long>-4945939660800000</long>
            <long>-4871607091199967</long>
            <long>-4817122099200000</long>
            <long>-4740312268799967</long>
            <long>-4688304537600000</long>
            <long>-4611494707199967</long>
            <long>-4557009715200000</long>
            <long>-4482677145599967</long>
            <long>-4428192153600000</long>
            <long>-4353859583999967</long>
            <long>-4299374592000000</long>
            <long>-4225042022399967</long>
            <long>-4170557030400000</long>
            <long>-4096224460799967</long>
            <long>-4041739468800000</long>
            <long>-3964929638399967</long>
            <long>-3912921907200000</long>
            <long>-3836112076799967</long>
            <long>-3781627084800000</long>
            <long>-3707294515199967</long>
            <long>-3652809523200000</long>
            <long>-3605372927999967</long>
            <long>-3135062016000000</long>
            <long>-3060729446399967</long>
            <long>-3006244454400000</long>
            <long>-2931911884799967</long>
            <long>-2877426892800000</long>
            <long>-2803094323199967</long>
            <long>-2748609331200000</long>
            <long>-2674276761599967</long>
            <long>-2619791769600000</long>
            <long>-2542981939199967</long>
            <long>-2490974208000000</long>
            <long>-2414164377599967</long>
            <long>-2359679385600000</long>
            <long>-2285346815999967</long>
            <long>-2230861824000000</long>
            <long>-2156529254399967</long>
            <long>-2102044262400000</long>
            <long>-2027711692799967</long>
            <long>-1973226700800000</long>
            <long>-1898894131199967</long>
            <long>-1832022835200000</long>
            <long>-1767599308799967</long>
            <long>-1703205273600000</long>
            <long>-1638781747199967</long>
            <long>-1574387712000000</long>
            <long>-1509964185599967</long>
            <long>-1445570150400000</long>
            <long>-1381146623999967</long>
            <long>-1316752588800000</long>
            <long>-1252329062399967</long>
            <long>-1185457766400000</long>
            <long>-1121034239999967</long>
            <long>-1056640204800000</long>
            <long>-992216678399967</long>
            <long>-927822643200000</long>
            <long>-863399116799967</long>
            <long>-799005081600000</long>
            <long>-734581555199967</long>
            <long>-670187520000000</long>
            <long>-605763993599967</long>
            <long>-538892697600000</long>
            <long>-476946431999967</long>
            <long>-410075136000000</long>
            <long>-345651609599967</long>
            <long>-281257574400000</long>
            <long>-216834047999967</long>
            <long>-152440012800000</long>
            <long>-88016486399967</long>
            <long>-23622451200000</long>
            <long>40801075200033</long>
            <long>105195110400000</long>
            <long>169618636800033</long>
            <long>236489932800000</long>
            <long>300913459200033</long>
            <long>365307494400000</long>
            <long>429731020800033</long>
            <long>494125056000000</long>
            <long>518912409600033</long>
            <long>622942617600000</long>
            <long>665070796800033</long>
            <long>751760179200000</long>
            <long>816183705600033</long>
            <long>883055001600000</long>
            <long>945001267200033</long>
            <long>1011872563200000</long>
            <long>1076296089600033</long>
            <long>1140690124800000</long>
            <long>1205113651200033</long>
            <long>1269507686400000</long>
            <long>1333931212800033</long>
            <long>1398325248000000</long>
            <long>1462748774400033</long>
            <long>1527142809600000</long>
            <long>1591566336000033</long>
            <long>1658437632000000</long>
            <long>1720383897600033</long>
            <long>1787255193600000</long>
            <long>1851678720000033</long>
            <long>1916072755200000</long>
            <long>1980496281600033</long>
            <long>2044890316800000</long>
            <long>2109313843200033</long>
            <long>2173707878400000</long>
            <long>2230699622400033</long>
            <long>2302525440000000</long>
            <long>2359517184000033</long>
            <long>2433820262400000</long>
            <long>2488334745600033</long>
            <long>2562637824000000</long>
            <long>2617152307200033</long>
            <long>2691455385600000</long>
            <long>2748447129600033</long>
            <long>2820272947200000</long>
            <long>2877264691200033</long>
            <long>2949090508800000</long>
            <long>3006082252800033</long>
            <long>3080385331200000</long>
            <long>3134899814400033</long>
            <long>3209202892800000</long>
            <long>3263717376000033</long>
            <long>3338020454400000</long>
            <long>3395012198400033</long>
            <long>3466838016000000</long>
            <long>3523829760000033</long>
            <long>3595655577600000</long>
            <long>3652647321600033</long>
            <long>3724473139200000</long>
            <long>3781464883200033</long>
            <long>3855767961600000</long>
            <long>3910282444800033</long>
            <long>3984585523200000</long>
            <long>4039100006400033</long>
            <long>4113403084800000</long>
            <long>4170394828800033</long>
            <long>4242220646400000</long>
            <long>4299212390400033</long>
            <long>4371038208000000</long>
            <long>4428029952000033</long>
            <long>4502333030400000</long>
            <long>4556847513600033</long>
            <long>4631150592000000</long>
            <long>4685665075200033</long>
            <long>4759968153600000</long>
            <long>4807050854400033</long>
            <long>4891262976000000</long>
            <long>4935868416000033</long>
            <long>5020080537600000</long>
            <long>5064685977600033</long>
            <long>5148898099200000</long>
            <long>5195980800000033</long>
            <long>5280192921600000</long>
            <long>5324798361600033</long>
            <long>5409010483200000</long>
            <long>5453615923200033</long>
            <long>5537828044800000</long>
            <long>5582433484800033</long>
            <long>5666645606400000</long>
            <long>5711251046400033</long>
            <long>5795463168000000</long>
            <long>5840068608000033</long>
            <long>5924280729600000</long>
            <long>5971363430400033</long>
            <long>6055575552000000</long>
            <long>6100180992000033</long>
            <long>6184393113600000</long>
            <long>6228998553600033</long>
            <long>6313210675200000</long>
            <long>6357816115200033</long>
            <long>6442028236800000</long>
            <long>6486633676800033</long>
            <long>6570845798400000</long>
            <long>6617928499200033</long>
            <long>6702140620800000</long>
            <long>6746746060800033</long>
            <long>6830958182400000</long>
            <long>6875563622400033</long>
            <long>6959775744000000</long>
            <long>7004381184000033</long>
            <long>7088593305600000</long>
            <long>7133198745600033</long>
            <long>7217410867200000</long>
            <long>7262016307200033</long>
            <long>7346228428800000</long>
            <long>7393311129600033</long>
            <long>7477523251200000</long>
            <long>7522128691200033</long>
            <long>7606340812800000</long>
            <long>7650946252800033</long>
            <long>7735158374400000</long>
            <long>7779763814400033</long>
            <long>7863975936000000</long>
            <long>7908581376000033</long>
            <long>7992793497600000</long>
            <long>8039876198400033</long>
            <long>8124088320000000</long>
            <long>8168693760000033</long>
            <long>8252905881600000</long>
            <long>8297511321600033</long>
            <long>8381723443200000</long>
            <long>8426328883200033</long>
            <long>8510541004800000</long>
            <long>8555146444800033</long>
            <long>8639358566400000</long>
            <long>8683964006400033</long>
            <long>8768176128000000</long>
          </transitions>
        </default>
      </sun.util.calendar.ZoneInfo>
    </__timeZone>
    <modificationDate class="sql-timestamp">2017-03-20 23:38:29.459</modificationDate>
  </com.liferay.portal.model.User>
  <com.liferay.portal.model.User>
    <__new>false</__new>
    <__modified>true</__modified>
    <__userId>anonymous</__userId>
    <__companyId>dotcms.org</__companyId>
    <__password>1:1:LPOt4KpokhUrw6RSQ3k2rO+xg+neyMcf:i=4e20:v3eBxQurn3XdEIr24XZM8N6O5YNdbQwm</__password>
    <__passwordEncrypted>true</__passwordEncrypted>
    <__passwordReset>false</__passwordReset>
    <__firstName>anonymous user</__firstName>
    <__lastName>anonymous</__lastName>
    <__male>true</__male>
    <__emailAddress>anonymous@dotcmsfakeemail.org</__emailAddress>
    <__languageId>en_US</__languageId>
    <__timeZoneId>US/Eastern</__timeZoneId>
    <__dottedSkins>false</__dottedSkins>
    <__roundedSkins>false</__roundedSkins>
    <__greeting>welcome, anonymous anonymous!</__greeting>
    <__createDate class="sql-timestamp">2017-06-14 20:30:26.672</__createDate>
    <__failedLoginAttempts>0</__failedLoginAttempts>
    <__agreedToTermsOfUse>false</__agreedToTermsOfUse>
    <__active>true</__active>
    <__deleteInProgress>false</__deleteInProgress>
    <__defaultUser>false</__defaultUser>
    <__locale>en_US</__locale>
    <__timeZone class="sun.util.calendar.ZoneInfo" serialization="custom">
      <java.util.TimeZone>
        <default>
          <ID>US/Eastern</ID>
        </default>
      </java.util.TimeZone>
      <sun.util.calendar.ZoneInfo>
        <default>
          <checksum>-1719355438</checksum>
          <dstSavings>3600000</dstSavings>
          <rawOffset>-18000000</rawOffset>
          <rawOffsetDiff>0</rawOffsetDiff>
          <willGMTOffsetChange>false</willGMTOffsetChange>
          <offsets reference="../../../../../com.liferay.portal.model.User/__timeZone/sun.util.calendar.ZoneInfo/default/offsets"/>
          <simpleTimeZoneParams reference="../../../../../com.liferay.portal.model.User/__timeZone/sun.util.calendar.ZoneInfo/default/simpleTimeZoneParams"/>
          <transitions reference="../../../../../com.liferay.portal.model.User/__timeZone/sun.util.calendar.ZoneInfo/default/transitions"/>
        </default>
      </sun.util.calendar.ZoneInfo>
    </__timeZone>
    <modificationDate class="sql-timestamp">2017-06-14 20:30:26.67</modificationDate>
  </com.liferay.portal.model.User>
  <com.liferay.portal.model.User>
    <__new>false</__new>
    <__modified>true</__modified>
    <__userId>dotcms.org.2806</__userId>
    <__companyId>dotcms.org</__companyId>
    <__password>1:1:OtWUQy6ywuWPAOntP+o/RVoAFg82nd6o:i=4e20:kBtGndD7OJ+4iKPVFqSiJMPgRaVbJcux</__password>
    <__passwordEncrypted>true</__passwordEncrypted>
    <__passwordReset>false</__passwordReset>
    <__firstName>Bill</__firstName>
    <__middleName></__middleName>
    <__lastName>Intranet</__lastName>
    <__nickName></__nickName>
    <__male>true</__male>
    <__emailAddress>bill@dotcms.com</__emailAddress>
    <__languageId>en_US</__languageId>
    <__timeZoneId>America/New_York</__timeZoneId>
    <__dottedSkins>false</__dottedSkins>
    <__roundedSkins>false</__roundedSkins>
    <__greeting>Welcome, Jason Smith!</__greeting>
    <__createDate class="sql-timestamp">2012-03-06 17:24:14.307</__createDate>
    <__lastLoginDate class="sql-timestamp">2016-02-01 15:38:17.251</__lastLoginDate>
    <__failedLoginAttempts>5</__failedLoginAttempts>
    <__agreedToTermsOfUse>false</__agreedToTermsOfUse>
    <__active>true</__active>
    <__deleteInProgress>false</__deleteInProgress>
    <__defaultUser>false</__defaultUser>
    <__locale>en_US</__locale>
    <__timeZone class="sun.util.calendar.ZoneInfo" serialization="custom">
      <java.util.TimeZone>
        <default>
          <ID>America/New_York</ID>
        </default>
      </java.util.TimeZone>
      <sun.util.calendar.ZoneInfo>
        <default>
          <checksum>-1719355438</checksum>
          <dstSavings>3600000</dstSavings>
          <rawOffset>-18000000</rawOffset>
          <rawOffsetDiff>0</rawOffsetDiff>
          <willGMTOffsetChange>false</willGMTOffsetChange>
          <offsets reference="../../../../../com.liferay.portal.model.User[2]/__timeZone/sun.util.calendar.ZoneInfo/default/offsets"/>
          <simpleTimeZoneParams reference="../../../../../com.liferay.portal.model.User[2]/__timeZone/sun.util.calendar.ZoneInfo/default/simpleTimeZoneParams"/>
          <transitions reference="../../../../../com.liferay.portal.model.User[2]/__timeZone/sun.util.calendar.ZoneInfo/default/transitions"/>
        </default>
      </sun.util.calendar.ZoneInfo>
    </__timeZone>
    <modificationDate class="sql-timestamp">2017-03-20 23:38:29.53</modificationDate>
  </com.liferay.portal.model.User>
  <com.liferay.portal.model.User>
    <__new>false</__new>
    <__modified>true</__modified>
    <__userId>dotcms.org.2795</__userId>
    <__companyId>dotcms.org</__companyId>
    <__password>1:1:Pzr3SGS50MhT6nwlmfey9s7vDR9Ac7sn:i=4e20:hxbJqd7i1y63+c4Ek1Sp4zp46uzC2Y+d</__password>
    <__passwordEncrypted>true</__passwordEncrypted>
    <__passwordReset>false</__passwordReset>
    <__firstName>Chris</__firstName>
    <__lastName>Publisher</__lastName>
    <__male>true</__male>
    <__emailAddress>chris@dotcms.com</__emailAddress>
    <__languageId>en_US</__languageId>
    <__timeZoneId>US/Eastern</__timeZoneId>
    <__skinId></__skinId>
    <__dottedSkins>false</__dottedSkins>
    <__roundedSkins>false</__roundedSkins>
    <__greeting>Welcome, dotcms.org.2794 dotcms.org.2794!</__greeting>
    <__createDate class="sql-timestamp">2011-12-15 22:28:47.642</__createDate>
    <__lastLoginDate class="sql-timestamp">2016-03-04 16:12:55.913</__lastLoginDate>
    <__failedLoginAttempts>0</__failedLoginAttempts>
    <__agreedToTermsOfUse>false</__agreedToTermsOfUse>
    <__active>true</__active>
    <__deleteInProgress>false</__deleteInProgress>
    <__defaultUser>false</__defaultUser>
    <__locale>en_US</__locale>
    <__timeZone class="sun.util.calendar.ZoneInfo" serialization="custom">
      <java.util.TimeZone>
        <default>
          <ID>US/Eastern</ID>
        </default>
      </java.util.TimeZone>
      <sun.util.calendar.ZoneInfo>
        <default>
          <checksum>-1719355438</checksum>
          <dstSavings>3600000</dstSavings>
          <rawOffset>-18000000</rawOffset>
          <rawOffsetDiff>0</rawOffsetDiff>
          <willGMTOffsetChange>false</willGMTOffsetChange>
          <offsets reference="../../../../../com.liferay.portal.model.User/__timeZone/sun.util.calendar.ZoneInfo/default/offsets"/>
          <simpleTimeZoneParams reference="../../../../../com.liferay.portal.model.User/__timeZone/sun.util.calendar.ZoneInfo/default/simpleTimeZoneParams"/>
          <transitions reference="../../../../../com.liferay.portal.model.User/__timeZone/sun.util.calendar.ZoneInfo/default/transitions"/>
        </default>
      </sun.util.calendar.ZoneInfo>
    </__timeZone>
    <modificationDate class="sql-timestamp">2017-03-20 23:38:29.575</modificationDate>
  </com.liferay.portal.model.User>
  <com.liferay.portal.model.User>
    <__new>false</__new>
    <__modified>true</__modified>
    <__userId>dotcms.org.2793</__userId>
    <__companyId>dotcms.org</__companyId>
    <__password>1:1:UU8E4W8vOhre4dF3j8a2B7VJ8R4UOKfA:i=4e20:pttCshk1LeYiOgTTeNdtSkYVEUsE4OPy</__password>
    <__passwordEncrypted>true</__passwordEncrypted>
    <__passwordReset>false</__passwordReset>
    <__firstName>Daniel</__firstName>
    <__lastName>Publisher</__lastName>
    <__male>true</__male>
    <__emailAddress>daniel@dotcms.com</__emailAddress>
    <__languageId>en_US</__languageId>
    <__timeZoneId>US/Eastern</__timeZoneId>
    <__skinId></__skinId>
    <__dottedSkins>false</__dottedSkins>
    <__roundedSkins>false</__roundedSkins>
    <__greeting>Welcome, dotcms.org.2792 dotcms.org.2792!</__greeting>
    <__createDate class="sql-timestamp">2011-12-15 22:28:10.289</__createDate>
    <__lastLoginDate class="sql-timestamp">2016-03-04 16:12:48.361</__lastLoginDate>
    <__failedLoginAttempts>0</__failedLoginAttempts>
    <__agreedToTermsOfUse>false</__agreedToTermsOfUse>
    <__active>true</__active>
    <__deleteInProgress>false</__deleteInProgress>
    <__defaultUser>false</__defaultUser>
    <__locale>en_US</__locale>
    <__timeZone class="sun.util.calendar.ZoneInfo" serialization="custom">
      <java.util.TimeZone>
        <default>
          <ID>US/Eastern</ID>
        </default>
      </java.util.TimeZone>
      <sun.util.calendar.ZoneInfo>
        <default>
          <checksum>-1719355438</checksum>
          <dstSavings>3600000</dstSavings>
          <rawOffset>-18000000</rawOffset>
          <rawOffsetDiff>0</rawOffsetDiff>
          <willGMTOffsetChange>false</willGMTOffsetChange>
          <offsets reference="../../../../../com.liferay.portal.model.User/__timeZone/sun.util.calendar.ZoneInfo/default/offsets"/>
          <simpleTimeZoneParams reference="../../../../../com.liferay.portal.model.User/__timeZone/sun.util.calendar.ZoneInfo/default/simpleTimeZoneParams"/>
          <transitions reference="../../../../../com.liferay.portal.model.User/__timeZone/sun.util.calendar.ZoneInfo/default/transitions"/>
        </default>
      </sun.util.calendar.ZoneInfo>
    </__timeZone>
    <modificationDate class="sql-timestamp">2017-03-20 23:38:29.625</modificationDate>
  </com.liferay.portal.model.User>
  <com.liferay.portal.model.User>
    <__new>false</__new>
    <__modified>true</__modified>
    <__userId>dotcms.org.2802</__userId>
    <__companyId>dotcms.org</__companyId>
    <__password>1:1:5vwbTLEIZ9PU6zgHnOrCGjiEACIiWReI:i=4e20:GLzuVhyZnbvrbYRoOzGMq5MxHKD0JTvt</__password>
    <__passwordEncrypted>true</__passwordEncrypted>
    <__passwordReset>false</__passwordReset>
    <__firstName>Dave</__firstName>
    <__middleName></__middleName>
    <__lastName>Smith</__lastName>
    <__nickName></__nickName>
    <__male>true</__male>
    <__emailAddress>dave@dotcms.com</__emailAddress>
    <__languageId>en_US</__languageId>
    <__timeZoneId>US/Eastern</__timeZoneId>
    <__skinId></__skinId>
    <__dottedSkins>false</__dottedSkins>
    <__roundedSkins>false</__roundedSkins>
    <__greeting>Welcome, Jason Smith!</__greeting>
    <__createDate class="sql-timestamp">2012-03-05 21:00:51.008</__createDate>
    <__lastLoginDate class="sql-timestamp">2016-03-04 16:13:09.623</__lastLoginDate>
    <__failedLoginAttempts>0</__failedLoginAttempts>
    <__agreedToTermsOfUse>false</__agreedToTermsOfUse>
    <__active>true</__active>
    <__deleteInProgress>false</__deleteInProgress>
    <__defaultUser>false</__defaultUser>
    <__locale>en_US</__locale>
    <__timeZone class="sun.util.calendar.ZoneInfo" serialization="custom">
      <java.util.TimeZone>
        <default>
          <ID>US/Eastern</ID>
        </default>
      </java.util.TimeZone>
      <sun.util.calendar.ZoneInfo>
        <default>
          <checksum>-1719355438</checksum>
          <dstSavings>3600000</dstSavings>
          <rawOffset>-18000000</rawOffset>
          <rawOffsetDiff>0</rawOffsetDiff>
          <willGMTOffsetChange>false</willGMTOffsetChange>
          <offsets reference="../../../../../com.liferay.portal.model.User/__timeZone/sun.util.calendar.ZoneInfo/default/offsets"/>
          <simpleTimeZoneParams reference="../../../../../com.liferay.portal.model.User/__timeZone/sun.util.calendar.ZoneInfo/default/simpleTimeZoneParams"/>
          <transitions reference="../../../../../com.liferay.portal.model.User/__timeZone/sun.util.calendar.ZoneInfo/default/transitions"/>
        </default>
      </sun.util.calendar.ZoneInfo>
    </__timeZone>
    <modificationDate class="sql-timestamp">2017-03-20 23:38:29.669</modificationDate>
  </com.liferay.portal.model.User>
  <com.liferay.portal.model.User>
    <__new>false</__new>
    <__modified>true</__modified>
    <__userId>dotcms.org.2787</__userId>
    <__companyId>dotcms.org</__companyId>
    <__password>1:1:f33M9WscjTzdqPELGwRS7u5GKBUkhOd2:i=4e20:dVoPBq29fFy0jcNnE3hNtACeTcOvMqyq</__password>
    <__passwordEncrypted>true</__passwordEncrypted>
    <__passwordReset>false</__passwordReset>
    <__firstName>Jane</__firstName>
    <__lastName>Reviewer</__lastName>
    <__male>true</__male>
    <__emailAddress>jane@dotcms.com</__emailAddress>
    <__languageId>en_US</__languageId>
    <__timeZoneId>US/Eastern</__timeZoneId>
    <__skinId></__skinId>
    <__dottedSkins>false</__dottedSkins>
    <__roundedSkins>false</__roundedSkins>
    <__greeting>Welcome, dotcms.org.2786 dotcms.org.2786!</__greeting>
    <__createDate class="sql-timestamp">2011-10-04 19:59:46.832</__createDate>
    <__lastLoginDate class="sql-timestamp">2016-03-04 16:12:30.179</__lastLoginDate>
    <__failedLoginAttempts>1</__failedLoginAttempts>
    <__agreedToTermsOfUse>false</__agreedToTermsOfUse>
    <__active>true</__active>
    <__deleteInProgress>false</__deleteInProgress>
    <__defaultUser>false</__defaultUser>
    <__locale>en_US</__locale>
    <__timeZone class="sun.util.calendar.ZoneInfo" serialization="custom">
      <java.util.TimeZone>
        <default>
          <ID>US/Eastern</ID>
        </default>
      </java.util.TimeZone>
      <sun.util.calendar.ZoneInfo>
        <default>
          <checksum>-1719355438</checksum>
          <dstSavings>3600000</dstSavings>
          <rawOffset>-18000000</rawOffset>
          <rawOffsetDiff>0</rawOffsetDiff>
          <willGMTOffsetChange>false</willGMTOffsetChange>
          <offsets reference="../../../../../com.liferay.portal.model.User/__timeZone/sun.util.calendar.ZoneInfo/default/offsets"/>
          <simpleTimeZoneParams reference="../../../../../com.liferay.portal.model.User/__timeZone/sun.util.calendar.ZoneInfo/default/simpleTimeZoneParams"/>
          <transitions reference="../../../../../com.liferay.portal.model.User/__timeZone/sun.util.calendar.ZoneInfo/default/transitions"/>
        </default>
      </sun.util.calendar.ZoneInfo>
    </__timeZone>
    <modificationDate class="sql-timestamp">2017-03-20 23:38:29.715</modificationDate>
  </com.liferay.portal.model.User>
  <com.liferay.portal.model.User>
    <__new>false</__new>
    <__modified>true</__modified>
    <__userId>dotcms.org.2789</__userId>
    <__companyId>dotcms.org</__companyId>
    <__password>1:1:6byDkEutoDzcAC2NsYZV5EN4oQQRomEw:i=4e20:UWF9KOSOUtsagLFZfmL/aaZ2tnbhAhIX</__password>
    <__passwordEncrypted>true</__passwordEncrypted>
    <__passwordReset>false</__passwordReset>
    <__firstName>Joe</__firstName>
    <__lastName>Contributor</__lastName>
    <__male>true</__male>
    <__emailAddress>joe@dotcms.com</__emailAddress>
    <__languageId>en_US</__languageId>
    <__timeZoneId>US/Eastern</__timeZoneId>
    <__skinId></__skinId>
    <__dottedSkins>false</__dottedSkins>
    <__roundedSkins>false</__roundedSkins>
    <__greeting>Welcome, dotcms.org.2788 dotcms.org.2788!</__greeting>
    <__createDate class="sql-timestamp">2011-12-15 22:27:11.193</__createDate>
    <__lastLoginDate class="sql-timestamp">2016-03-04 16:12:20.358</__lastLoginDate>
    <__failedLoginAttempts>0</__failedLoginAttempts>
    <__agreedToTermsOfUse>false</__agreedToTermsOfUse>
    <__active>true</__active>
    <__deleteInProgress>false</__deleteInProgress>
    <__defaultUser>false</__defaultUser>
    <__locale>en_US</__locale>
    <__timeZone class="sun.util.calendar.ZoneInfo" serialization="custom">
      <java.util.TimeZone>
        <default>
          <ID>US/Eastern</ID>
        </default>
      </java.util.TimeZone>
      <sun.util.calendar.ZoneInfo>
        <default>
          <checksum>-1719355438</checksum>
          <dstSavings>3600000</dstSavings>
          <rawOffset>-18000000</rawOffset>
          <rawOffsetDiff>0</rawOffsetDiff>
          <willGMTOffsetChange>false</willGMTOffsetChange>
          <offsets reference="../../../../../com.liferay.portal.model.User/__timeZone/sun.util.calendar.ZoneInfo/default/offsets"/>
          <simpleTimeZoneParams reference="../../../../../com.liferay.portal.model.User/__timeZone/sun.util.calendar.ZoneInfo/default/simpleTimeZoneParams"/>
          <transitions reference="../../../../../com.liferay.portal.model.User/__timeZone/sun.util.calendar.ZoneInfo/default/transitions"/>
        </default>
      </sun.util.calendar.ZoneInfo>
    </__timeZone>
    <modificationDate class="sql-timestamp">2017-03-20 23:38:29.76</modificationDate>
  </com.liferay.portal.model.User>
  <com.liferay.portal.model.User>
    <__new>false</__new>
    <__modified>true</__modified>
    <__userId>dotcms.org.2811</__userId>
    <__companyId>dotcms.org</__companyId>
    <__password>1:1:P5t3mCWSaqUv5JN7+ocBB9ag6WrY2bKh:i=4e20:M8kFx1H+SJo4ngHe4N9rX+84Irea+nGT</__password>
    <__passwordEncrypted>true</__passwordEncrypted>
    <__passwordReset>false</__passwordReset>
    <__firstName>John</__firstName>
    <__middleName></__middleName>
    <__lastName>Doe</__lastName>
    <__nickName></__nickName>
    <__male>true</__male>
    <__emailAddress>johndoe@gmail.com</__emailAddress>
    <__languageId>en_US</__languageId>
    <__timeZoneId>US/Eastern</__timeZoneId>
    <__dottedSkins>false</__dottedSkins>
    <__roundedSkins>false</__roundedSkins>
    <__greeting>Welcome, John Doe!</__greeting>
    <__createDate class="sql-timestamp">2015-02-09 18:07:05.321</__createDate>
    <__loginDate class="sql-timestamp">2015-02-09 18:07:05.377</__loginDate>
    <__loginIP>127.0.0.1</__loginIP>
    <__lastLoginDate class="sql-timestamp">2015-02-09 18:08:20.057</__lastLoginDate>
    <__lastLoginIP>127.0.0.1</__lastLoginIP>
    <__failedLoginAttempts>1</__failedLoginAttempts>
    <__agreedToTermsOfUse>false</__agreedToTermsOfUse>
    <__active>true</__active>
    <__deleteInProgress>false</__deleteInProgress>
    <__defaultUser>false</__defaultUser>
    <__locale>en_US</__locale>
    <__timeZone class="sun.util.calendar.ZoneInfo" serialization="custom">
      <java.util.TimeZone>
        <default>
          <ID>US/Eastern</ID>
        </default>
      </java.util.TimeZone>
      <sun.util.calendar.ZoneInfo>
        <default>
          <checksum>-1719355438</checksum>
          <dstSavings>3600000</dstSavings>
          <rawOffset>-18000000</rawOffset>
          <rawOffsetDiff>0</rawOffsetDiff>
          <willGMTOffsetChange>false</willGMTOffsetChange>
          <offsets reference="../../../../../com.liferay.portal.model.User/__timeZone/sun.util.calendar.ZoneInfo/default/offsets"/>
          <simpleTimeZoneParams reference="../../../../../com.liferay.portal.model.User/__timeZone/sun.util.calendar.ZoneInfo/default/simpleTimeZoneParams"/>
          <transitions reference="../../../../../com.liferay.portal.model.User/__timeZone/sun.util.calendar.ZoneInfo/default/transitions"/>
        </default>
      </sun.util.calendar.ZoneInfo>
    </__timeZone>
    <modificationDate class="sql-timestamp">2017-03-20 23:38:29.805</modificationDate>
  </com.liferay.portal.model.User>
  <com.liferay.portal.model.User>
    <__new>false</__new>
    <__modified>true</__modified>
    <__userId>dotcms.org.2798</__userId>
    <__companyId>dotcms.org</__companyId>
    <__password>1:1:sKttjukwnl/K6Xmjb066EUzysYfQcQ14:i=4e20:MJrgsOnlzm7T1vnf8t3dU9nuJ7seegpr</__password>
    <__passwordEncrypted>true</__passwordEncrypted>
    <__passwordReset>false</__passwordReset>
    <__firstName>Nick</__firstName>
    <__lastName>Reviewer</__lastName>
    <__male>true</__male>
    <__emailAddress>nick@dotcms.com</__emailAddress>
    <__languageId>en_US</__languageId>
    <__timeZoneId>US/Eastern</__timeZoneId>
    <__skinId></__skinId>
    <__dottedSkins>false</__dottedSkins>
    <__roundedSkins>false</__roundedSkins>
    <__greeting>Welcome, dotcms.org.2797 dotcms.org.2797!</__greeting>
    <__createDate class="sql-timestamp">2011-12-30 14:23:54.781</__createDate>
    <__lastLoginDate class="sql-timestamp">2016-03-04 16:13:03.578</__lastLoginDate>
    <__failedLoginAttempts>0</__failedLoginAttempts>
    <__agreedToTermsOfUse>false</__agreedToTermsOfUse>
    <__active>true</__active>
    <__deleteInProgress>false</__deleteInProgress>
    <__defaultUser>false</__defaultUser>
    <__locale>en_US</__locale>
    <__timeZone class="sun.util.calendar.ZoneInfo" serialization="custom">
      <java.util.TimeZone>
        <default>
          <ID>US/Eastern</ID>
        </default>
      </java.util.TimeZone>
      <sun.util.calendar.ZoneInfo>
        <default>
          <checksum>-1719355438</checksum>
          <dstSavings>3600000</dstSavings>
          <rawOffset>-18000000</rawOffset>
          <rawOffsetDiff>0</rawOffsetDiff>
          <willGMTOffsetChange>false</willGMTOffsetChange>
          <offsets reference="../../../../../com.liferay.portal.model.User/__timeZone/sun.util.calendar.ZoneInfo/default/offsets"/>
          <simpleTimeZoneParams reference="../../../../../com.liferay.portal.model.User/__timeZone/sun.util.calendar.ZoneInfo/default/simpleTimeZoneParams"/>
          <transitions reference="../../../../../com.liferay.portal.model.User/__timeZone/sun.util.calendar.ZoneInfo/default/transitions"/>
        </default>
      </sun.util.calendar.ZoneInfo>
    </__timeZone>
    <modificationDate class="sql-timestamp">2017-03-20 23:38:29.852</modificationDate>
  </com.liferay.portal.model.User>
  <com.liferay.portal.model.User>
    <__new>false</__new>
    <__modified>true</__modified>
    <__userId>dotcms.org.2791</__userId>
    <__companyId>dotcms.org</__companyId>
    <__password>1:1:OVkt+CKmq45ljv0YDL3sRtpvHdM1TcFF:i=4e20:5H/cXQUuTW9WQLxmQz88S8xag8jQefIW</__password>
    <__passwordEncrypted>true</__passwordEncrypted>
    <__passwordReset>false</__passwordReset>
    <__firstName>Steve</__firstName>
    <__lastName>Contributor</__lastName>
    <__male>true</__male>
    <__emailAddress>steve@dotcms.com</__emailAddress>
    <__languageId>en_US</__languageId>
    <__timeZoneId>US/Eastern</__timeZoneId>
    <__skinId></__skinId>
    <__dottedSkins>false</__dottedSkins>
    <__roundedSkins>false</__roundedSkins>
    <__greeting>Welcome, dotcms.org.2790 dotcms.org.2790!</__greeting>
    <__createDate class="sql-timestamp">2011-12-15 22:27:42.601</__createDate>
    <__lastLoginDate class="sql-timestamp">2016-03-04 16:12:39.231</__lastLoginDate>
    <__failedLoginAttempts>0</__failedLoginAttempts>
    <__agreedToTermsOfUse>false</__agreedToTermsOfUse>
    <__active>true</__active>
    <__deleteInProgress>false</__deleteInProgress>
    <__defaultUser>false</__defaultUser>
    <__locale>en_US</__locale>
    <__timeZone class="sun.util.calendar.ZoneInfo" serialization="custom">
      <java.util.TimeZone>
        <default>
          <ID>US/Eastern</ID>
        </default>
      </java.util.TimeZone>
      <sun.util.calendar.ZoneInfo>
        <default>
          <checksum>-1719355438</checksum>
          <dstSavings>3600000</dstSavings>
          <rawOffset>-18000000</rawOffset>
          <rawOffsetDiff>0</rawOffsetDiff>
          <willGMTOffsetChange>false</willGMTOffsetChange>
          <offsets reference="../../../../../com.liferay.portal.model.User/__timeZone/sun.util.calendar.ZoneInfo/default/offsets"/>
          <simpleTimeZoneParams reference="../../../../../com.liferay.portal.model.User/__timeZone/sun.util.calendar.ZoneInfo/default/simpleTimeZoneParams"/>
          <transitions reference="../../../../../com.liferay.portal.model.User/__timeZone/sun.util.calendar.ZoneInfo/default/transitions"/>
        </default>
      </sun.util.calendar.ZoneInfo>
    </__timeZone>
    <modificationDate class="sql-timestamp">2017-03-20 23:38:29.895</modificationDate>
  </com.liferay.portal.model.User>
  <com.liferay.portal.model.User>
    <__new>false</__new>
    <__modified>true</__modified>
    <__userId>system</__userId>
    <__companyId>dotcms.org</__companyId>
    <__password>1:1:6pnh28ob7PKk6MRvApBkwaBfcLNXm7e6:i=4e20:rbs3pIWE3CZ0oWtarogpOydLTaiCpTvI</__password>
    <__passwordEncrypted>true</__passwordEncrypted>
    <__passwordReset>false</__passwordReset>
    <__firstName>system user</__firstName>
    <__lastName>system user</__lastName>
    <__male>true</__male>
    <__emailAddress>system@dotcmsfakeemail.org</__emailAddress>
    <__languageId>en_US</__languageId>
    <__timeZoneId>US/Eastern</__timeZoneId>
    <__dottedSkins>false</__dottedSkins>
    <__roundedSkins>false</__roundedSkins>
    <__greeting>welcome, system system!</__greeting>
    <__createDate class="sql-timestamp">2017-06-14 20:30:26.599</__createDate>
    <__failedLoginAttempts>0</__failedLoginAttempts>
    <__agreedToTermsOfUse>false</__agreedToTermsOfUse>
    <__active>true</__active>
    <__deleteInProgress>false</__deleteInProgress>
    <__defaultUser>false</__defaultUser>
    <__locale>en_US</__locale>
    <__timeZone class="sun.util.calendar.ZoneInfo" serialization="custom">
      <java.util.TimeZone>
        <default>
          <ID>US/Eastern</ID>
        </default>
      </java.util.TimeZone>
      <sun.util.calendar.ZoneInfo>
        <default>
          <checksum>-1719355438</checksum>
          <dstSavings>3600000</dstSavings>
          <rawOffset>-18000000</rawOffset>
          <rawOffsetDiff>0</rawOffsetDiff>
          <willGMTOffsetChange>false</willGMTOffsetChange>
          <offsets reference="../../../../../com.liferay.portal.model.User/__timeZone/sun.util.calendar.ZoneInfo/default/offsets"/>
          <simpleTimeZoneParams reference="../../../../../com.liferay.portal.model.User/__timeZone/sun.util.calendar.ZoneInfo/default/simpleTimeZoneParams"/>
          <transitions reference="../../../../../com.liferay.portal.model.User/__timeZone/sun.util.calendar.ZoneInfo/default/transitions"/>
        </default>
      </sun.util.calendar.ZoneInfo>
    </__timeZone>
    <modificationDate class="sql-timestamp">2017-06-14 20:30:26.597</modificationDate>
  </com.liferay.portal.model.User>
  <com.liferay.portal.model.User>
    <__new>false</__new>
    <__modified>true</__modified>
    <__userId>dotcms.org.default</__userId>
    <__companyId>default</__companyId>
    <__password>password</__password>
    <__passwordEncrypted>true</__passwordEncrypted>
    <__passwordReset>false</__passwordReset>
    <__firstName></__firstName>
    <__middleName></__middleName>
    <__lastName></__lastName>
    <__male>true</__male>
    <__birthday class="sql-timestamp">2017-06-14 20:30:26.105</__birthday>
    <__emailAddress>default@dotcms.com</__emailAddress>
    <__languageId>en_US</__languageId>
    <__timeZoneId>US/Eastern</__timeZoneId>
    <__dottedSkins>false</__dottedSkins>
    <__roundedSkins>false</__roundedSkins>
    <__greeting>Welcome!</__greeting>
    <__createDate class="sql-timestamp">2017-06-14 20:30:26.105</__createDate>
    <__loginDate class="sql-timestamp">2017-06-14 20:30:26.105</__loginDate>
    <__failedLoginAttempts>0</__failedLoginAttempts>
    <__agreedToTermsOfUse>false</__agreedToTermsOfUse>
    <__active>true</__active>
    <__deleteInProgress>false</__deleteInProgress>
    <__defaultUser>true</__defaultUser>
    <__locale>en_US</__locale>
    <__timeZone class="sun.util.calendar.ZoneInfo" serialization="custom">
      <java.util.TimeZone>
        <default>
          <ID>US/Eastern</ID>
        </default>
      </java.util.TimeZone>
      <sun.util.calendar.ZoneInfo>
        <default>
          <checksum>-1719355438</checksum>
          <dstSavings>3600000</dstSavings>
          <rawOffset>-18000000</rawOffset>
          <rawOffsetDiff>0</rawOffsetDiff>
          <willGMTOffsetChange>false</willGMTOffsetChange>
          <offsets reference="../../../../../com.liferay.portal.model.User/__timeZone/sun.util.calendar.ZoneInfo/default/offsets"/>
          <simpleTimeZoneParams reference="../../../../../com.liferay.portal.model.User/__timeZone/sun.util.calendar.ZoneInfo/default/simpleTimeZoneParams"/>
          <transitions reference="../../../../../com.liferay.portal.model.User/__timeZone/sun.util.calendar.ZoneInfo/default/transitions"/>
        </default>
      </sun.util.calendar.ZoneInfo>
    </__timeZone>
    <modificationDate class="sql-timestamp">2017-06-14 20:30:26.114</modificationDate>
  </com.liferay.portal.model.User>
</list>