<list>
  <com.dotmarketing.beans.TemplateContainers>
    <id>09b98a28-7188-4d44-a17a-0b35d489b73c</id>
    <templateId>8660b482-1ef6-4d00-9459-3996e703ba19</templateId>
    <containerId>56bd55ea-b04b-480d-9e37-5d6f9217dcc3</containerId>
  </com.dotmarketing.beans.TemplateContainers>
  <com.dotmarketing.beans.TemplateContainers>
    <id>0b99f4c3-c1d3-45ae-813e-5e6771d1103c</id>
    <templateId>6da4cc0e-bdd8-412c-ad57-fc84c16add88</templateId>
    <containerId>f1ba7688-453c-4c0d-a214-e5ac802b8034</containerId>
  </com.dotmarketing.beans.TemplateContainers>
  <com.dotmarketing.beans.TemplateContainers>
    <id>0c9d09fd-b0f5-49b9-b424-1a68148329a9</id>
    <templateId>9f8757e5-5632-42cc-aec2-5096514204f9</templateId>
    <containerId>56bd55ea-b04b-480d-9e37-5d6f9217dcc3</containerId>
  </com.dotmarketing.beans.TemplateContainers>
  <com.dotmarketing.beans.TemplateContainers>
    <id>0ceef4bc-c81f-461c-81bb-3fc09255bc1f</id>
    <templateId>71bf1747-56b9-41ca-a3fa-1fc7b8471dba</templateId>
    <containerId>56bd55ea-b04b-480d-9e37-5d6f9217dcc3</containerId>
  </com.dotmarketing.beans.TemplateContainers>
  <com.dotmarketing.beans.TemplateContainers>
    <id>0dcd154c-f2ce-4b47-a3c6-225ec8885c1c</id>
    <templateId>92ba9678-2549-4fb6-b3b5-ed98678a1372</templateId>
    <containerId>5363c6c6-5ba0-4946-b7af-cf875188ac2e</containerId>
  </com.dotmarketing.beans.TemplateContainers>
  <com.dotmarketing.beans.TemplateContainers>
    <id>0def1d40-f305-4956-9d6f-4e5b167c103e</id>
    <templateId>92ba9678-2549-4fb6-b3b5-ed98678a1372</templateId>
    <containerId>56bd55ea-b04b-480d-9e37-5d6f9217dcc3</containerId>
  </com.dotmarketing.beans.TemplateContainers>
  <com.dotmarketing.beans.TemplateContainers>
    <id>10eaa281-3dc9-4544-ac15-8b43279f45c2</id>
    <templateId>9f8757e5-5632-42cc-aec2-5096514204f9</templateId>
    <containerId>f1ba7688-453c-4c0d-a214-e5ac802b8034</containerId>
  </com.dotmarketing.beans.TemplateContainers>
  <com.dotmarketing.beans.TemplateContainers>
    <id>15397225-7e95-470c-b587-5be5ba11a9d6</id>
    <templateId>7623ea3e-c0e6-46d8-8db6-9070f7bfc342</templateId>
    <containerId>d71d56b4-0a8b-4bb2-be15-ffa5a23366ea</containerId>
  </com.dotmarketing.beans.TemplateContainers>
  <com.dotmarketing.beans.TemplateContainers>
    <id>16078d23-dd6c-43ed-9fe4-9694f955479b</id>
    <templateId>71bf1747-56b9-41ca-a3fa-1fc7b8471dba</templateId>
    <containerId>bf26b7b2-7a97-4bb6-9887-834ea03341db</containerId>
  </com.dotmarketing.beans.TemplateContainers>
  <com.dotmarketing.beans.TemplateContainers>
    <id>1f9d9fab-7b6a-47b9-b1b1-3992f070ffad</id>
    <templateId>6da4cc0e-bdd8-412c-ad57-fc84c16add88</templateId>
    <containerId>a6e9652b-8183-4c09-b775-26196b09a300</containerId>
  </com.dotmarketing.beans.TemplateContainers>
  <com.dotmarketing.beans.TemplateContainers>
    <id>2aee0f34-adb9-47ed-9588-90aa8dd85d7e</id>
    <templateId>a49727cc-3234-47f2-a4e5-7d53302d9bae</templateId>
    <containerId>56bd55ea-b04b-480d-9e37-5d6f9217dcc3</containerId>
  </com.dotmarketing.beans.TemplateContainers>
  <com.dotmarketing.beans.TemplateContainers>
    <id>2c2b3e7d-e968-41c1-b898-3a047b357920</id>
    <templateId>8660b482-1ef6-4d00-9459-3996e703ba19</templateId>
    <containerId>5363c6c6-5ba0-4946-b7af-cf875188ac2e</containerId>
  </com.dotmarketing.beans.TemplateContainers>
  <com.dotmarketing.beans.TemplateContainers>
    <id>30957098-2aa7-44ff-85d0-3c248b370ca9</id>
    <templateId>ade7c405-fb68-437b-bb38-b0b04502861e</templateId>
    <containerId>5363c6c6-5ba0-4946-b7af-cf875188ac2e</containerId>
  </com.dotmarketing.beans.TemplateContainers>
  <com.dotmarketing.beans.TemplateContainers>
    <id>35c57518-4c17-439b-92fc-76ca69654b63</id>
    <templateId>b0169355-2a39-4df6-b9e1-113955256771</templateId>
    <containerId>56bd55ea-b04b-480d-9e37-5d6f9217dcc3</containerId>
  </com.dotmarketing.beans.TemplateContainers>
  <com.dotmarketing.beans.TemplateContainers>
    <id>3f1a1cad-90cd-474a-b1d4-9c886a18597c</id>
    <templateId>71bf1747-56b9-41ca-a3fa-1fc7b8471dba</templateId>
    <containerId>3f0255e8-b45d-46ea-8bb7-eb6597db4c1e</containerId>
  </com.dotmarketing.beans.TemplateContainers>
  <com.dotmarketing.beans.TemplateContainers>
    <id>4947ea78-7dd5-4f04-9d2c-8894239f5315</id>
    <templateId>ade7c405-fb68-437b-bb38-b0b04502861e</templateId>
    <containerId>fc193c82-8c32-4abe-ba8a-49522328c93e</containerId>
  </com.dotmarketing.beans.TemplateContainers>
  <com.dotmarketing.beans.TemplateContainers>
    <id>4f0da550-5fc8-48d2-8760-c9687d9b63c2</id>
    <templateId>9396ac6a-d32c-4539-966e-c776e7562cfb</templateId>
    <containerId>56bd55ea-b04b-480d-9e37-5d6f9217dcc3</containerId>
  </com.dotmarketing.beans.TemplateContainers>
  <com.dotmarketing.beans.TemplateContainers>
    <id>52904fec-0c94-4dfe-a88e-f35405256dbe</id>
    <templateId>6da4cc0e-bdd8-412c-ad57-fc84c16add88</templateId>
    <containerId>5eb11b21-6b13-4fb8-a823-1de20bba56c0</containerId>
  </com.dotmarketing.beans.TemplateContainers>
  <com.dotmarketing.beans.TemplateContainers>
    <id>5accecca-0693-47b9-b8f4-e1b2e51c52f4</id>
    <templateId>fdb3f906-e9c4-46c4-b7e4-148201271d04</templateId>
    <containerId>56bd55ea-b04b-480d-9e37-5d6f9217dcc3</containerId>
  </com.dotmarketing.beans.TemplateContainers>
  <com.dotmarketing.beans.TemplateContainers>
    <id>6490c68a-25b5-4cde-892b-04714c692db3</id>
    <templateId>b0169355-2a39-4df6-b9e1-113955256771</templateId>
    <containerId>5363c6c6-5ba0-4946-b7af-cf875188ac2e</containerId>
  </com.dotmarketing.beans.TemplateContainers>
  <com.dotmarketing.beans.TemplateContainers>
    <id>6a2f76bf-2981-4f9c-b555-afbf40038e80</id>
    <templateId>d30a0347-7473-49ab-b67d-cc7a972f4d59</templateId>
    <containerId>56bd55ea-b04b-480d-9e37-5d6f9217dcc3</containerId>
  </com.dotmarketing.beans.TemplateContainers>
  <com.dotmarketing.beans.TemplateContainers>
    <id>766756f5-e429-4d34-88fd-598831c72cd3</id>
    <templateId>d30a0347-7473-49ab-b67d-cc7a972f4d59</templateId>
    <containerId>b590d738-8bf9-42b0-a8dd-5787a4e20962</containerId>
  </com.dotmarketing.beans.TemplateContainers>
  <com.dotmarketing.beans.TemplateContainers>
    <id>7bcb449e-fe28-45eb-bae9-b29c143aa9af</id>
    <templateId>71bf1747-56b9-41ca-a3fa-1fc7b8471dba</templateId>
    <containerId>d5f5f4ee-067e-4d72-addd-afd80989f684</containerId>
  </com.dotmarketing.beans.TemplateContainers>
  <com.dotmarketing.beans.TemplateContainers>
    <id>81c97e9f-e0f5-4a87-b3eb-38b5cf564d51</id>
    <templateId>9f8757e5-5632-42cc-aec2-5096514204f9</templateId>
    <containerId>5eb11b21-6b13-4fb8-a823-1de20bba56c0</containerId>
  </com.dotmarketing.beans.TemplateContainers>
  <com.dotmarketing.beans.TemplateContainers>
    <id>8b5ef901-bda6-4ab2-a3ee-bba915107a13</id>
    <templateId>a49727cc-3234-47f2-a4e5-7d53302d9bae</templateId>
    <containerId>6a12bbda-0ae2-4121-a98b-ad8069eaff3a</containerId>
  </com.dotmarketing.beans.TemplateContainers>
  <com.dotmarketing.beans.TemplateContainers>
    <id>8f402a24-59b5-412e-a61f-376f81a0b62b</id>
    <templateId>eae2538a-6bc0-4d27-916f-bbc5d7ca45c5</templateId>
    <containerId>56bd55ea-b04b-480d-9e37-5d6f9217dcc3</containerId>
  </com.dotmarketing.beans.TemplateContainers>
  <com.dotmarketing.beans.TemplateContainers>
    <id>a9948c0d-fa8e-425f-a52e-e359cfe75e56</id>
    <templateId>9396ac6a-d32c-4539-966e-c776e7562cfb</templateId>
    <containerId>fc193c82-8c32-4abe-ba8a-49522328c93e</containerId>
  </com.dotmarketing.beans.TemplateContainers>
  <com.dotmarketing.beans.TemplateContainers>
    <id>ab6d8671-4445-4adb-a88a-1a4d5047368c</id>
    <templateId>d30a0347-7473-49ab-b67d-cc7a972f4d59</templateId>
    <containerId>5eb11b21-6b13-4fb8-a823-1de20bba56c0</containerId>
  </com.dotmarketing.beans.TemplateContainers>
  <com.dotmarketing.beans.TemplateContainers>
    <id>b3c45d22-408a-4aff-8454-0d5fcab9f28f</id>
    <templateId>ade7c405-fb68-437b-bb38-b0b04502861e</templateId>
    <containerId>5eb11b21-6b13-4fb8-a823-1de20bba56c0</containerId>
  </com.dotmarketing.beans.TemplateContainers>
  <com.dotmarketing.beans.TemplateContainers>
    <id>b89999af-fc85-4ee5-b56b-f345443a094a</id>
    <templateId>6da4cc0e-bdd8-412c-ad57-fc84c16add88</templateId>
    <containerId>56bd55ea-b04b-480d-9e37-5d6f9217dcc3</containerId>
  </com.dotmarketing.beans.TemplateContainers>
  <com.dotmarketing.beans.TemplateContainers>
    <id>cc832f7f-1d01-4f23-8d87-8252ca3eb5f6</id>
    <templateId>b0169355-2a39-4df6-b9e1-113955256771</templateId>
    <containerId>fc193c82-8c32-4abe-ba8a-49522328c93e</containerId>
  </com.dotmarketing.beans.TemplateContainers>
  <com.dotmarketing.beans.TemplateContainers>
    <id>df8f2751-bd56-4e90-b415-9d74c3fa4b3d</id>
    <templateId>a49727cc-3234-47f2-a4e5-7d53302d9bae</templateId>
    <containerId>bf26b7b2-7a97-4bb6-9887-834ea03341db</containerId>
  </com.dotmarketing.beans.TemplateContainers>
  <com.dotmarketing.beans.TemplateContainers>
    <id>e5cc7985-6c34-4aee-afa1-561bfda7765b</id>
    <templateId>ade7c405-fb68-437b-bb38-b0b04502861e</templateId>
    <containerId>56bd55ea-b04b-480d-9e37-5d6f9217dcc3</containerId>
  </com.dotmarketing.beans.TemplateContainers>
  <com.dotmarketing.beans.TemplateContainers>
    <id>f2e481bb-6d08-459f-822f-3369266cd322</id>
    <templateId>1763fa6e-91c0-464e-8b16-9a25d7ae6ce5</templateId>
    <containerId>56bd55ea-b04b-480d-9e37-5d6f9217dcc3</containerId>
  </com.dotmarketing.beans.TemplateContainers>
</list>