<list>
  <com.dotmarketing.portlets.containers.model.ContainerVersionInfo>
    <identifier>3f0255e8-b45d-46ea-8bb7-eb6597db4c1e</identifier>
    <liveInode>f05ca8e0-eae5-422e-8e15-7a87734edda1</liveInode>
    <workingInode>f05ca8e0-eae5-422e-8e15-7a87734edda1</workingInode>
    <lockedOn class="sql-timestamp">2017-03-07 19:01:34.1</lockedOn>
    <deleted>false</deleted>
    <versionTs class="sql-timestamp">2017-03-07 19:00:26.017</versionTs>
  </com.dotmarketing.portlets.containers.model.ContainerVersionInfo>
  <com.dotmarketing.portlets.containers.model.ContainerVersionInfo>
    <identifier>5363c6c6-5ba0-4946-b7af-cf875188ac2e</identifier>
    <liveInode>4b4d724a-00e5-48a6-8903-29f7b933b1a1</liveInode>
    <workingInode>4b4d724a-00e5-48a6-8903-29f7b933b1a1</workingInode>
    <lockedOn class="sql-timestamp">2014-09-30 23:51:52.716</lockedOn>
    <deleted>false</deleted>
    <versionTs class="sql-timestamp">2014-10-01 00:42:03.147</versionTs>
  </com.dotmarketing.portlets.containers.model.ContainerVersionInfo>
  <com.dotmarketing.portlets.containers.model.ContainerVersionInfo>
    <identifier>56bd55ea-b04b-480d-9e37-5d6f9217dcc3</identifier>
    <liveInode>dde0b865-6cea-4ff0-8582-85e5974cf94f</liveInode>
    <workingInode>dde0b865-6cea-4ff0-8582-85e5974cf94f</workingInode>
    <lockedOn class="sql-timestamp">2017-03-06 15:47:57.449</lockedOn>
    <deleted>false</deleted>
    <versionTs class="sql-timestamp">2015-02-17 21:01:06.106</versionTs>
  </com.dotmarketing.portlets.containers.model.ContainerVersionInfo>
  <com.dotmarketing.portlets.containers.model.ContainerVersionInfo>
    <identifier>5eb11b21-6b13-4fb8-a823-1de20bba56c0</identifier>
    <liveInode>a7445635-14a4-47fc-a9ae-5ff4c80acffe</liveInode>
    <workingInode>a7445635-14a4-47fc-a9ae-5ff4c80acffe</workingInode>
    <lockedOn class="sql-timestamp">2013-05-06 18:54:25.98</lockedOn>
    <deleted>false</deleted>
    <versionTs class="sql-timestamp">2013-05-06 18:54:25.981</versionTs>
  </com.dotmarketing.portlets.containers.model.ContainerVersionInfo>
  <com.dotmarketing.portlets.containers.model.ContainerVersionInfo>
    <identifier>6a12bbda-0ae2-4121-a98b-ad8069eaff3a</identifier>
    <liveInode>427c47a4-c380-439f-a6d0-97d81deed57e</liveInode>
    <workingInode>427c47a4-c380-439f-a6d0-97d81deed57e</workingInode>
    <lockedOn class="sql-timestamp">2017-03-13 16:10:07.595</lockedOn>
    <deleted>false</deleted>
    <versionTs class="sql-timestamp">2016-01-25 16:37:53.308</versionTs>
  </com.dotmarketing.portlets.containers.model.ContainerVersionInfo>
  <com.dotmarketing.portlets.containers.model.ContainerVersionInfo>
    <identifier>a6e9652b-8183-4c09-b775-26196b09a300</identifier>
    <liveInode>8cbcb97e-8e04-4691-8555-da82c3dc4a91</liveInode>
    <workingInode>8cbcb97e-8e04-4691-8555-da82c3dc4a91</workingInode>
    <lockedOn class="sql-timestamp">2013-05-06 18:54:14.879</lockedOn>
    <deleted>false</deleted>
    <versionTs class="sql-timestamp">2013-05-06 18:54:14.881</versionTs>
  </com.dotmarketing.portlets.containers.model.ContainerVersionInfo>
  <com.dotmarketing.portlets.containers.model.ContainerVersionInfo>
    <identifier>b590d738-8bf9-42b0-a8dd-5787a4e20962</identifier>
    <liveInode>4a655732-7b7c-48e2-9971-87558050eed9</liveInode>
    <workingInode>4a655732-7b7c-48e2-9971-87558050eed9</workingInode>
    <lockedOn class="sql-timestamp">2017-03-08 17:59:53.397</lockedOn>
    <deleted>false</deleted>
    <versionTs class="sql-timestamp">2017-03-09 00:46:17.364</versionTs>
  </com.dotmarketing.portlets.containers.model.ContainerVersionInfo>
  <com.dotmarketing.portlets.containers.model.ContainerVersionInfo>
    <identifier>bf26b7b2-7a97-4bb6-9887-834ea03341db</identifier>
    <liveInode>2332e70e-f2b3-49b6-a455-8ad90167dc0c</liveInode>
    <workingInode>2332e70e-f2b3-49b6-a455-8ad90167dc0c</workingInode>
    <lockedOn class="sql-timestamp">2014-09-30 19:52:17.067</lockedOn>
    <deleted>false</deleted>
    <versionTs class="sql-timestamp">2014-09-30 20:06:50.413</versionTs>
  </com.dotmarketing.portlets.containers.model.ContainerVersionInfo>
  <com.dotmarketing.portlets.containers.model.ContainerVersionInfo>
    <identifier>d5f5f4ee-067e-4d72-addd-afd80989f684</identifier>
    <liveInode>a1603d92-9530-403e-ba7c-2b4fbe9da44d</liveInode>
    <workingInode>a1603d92-9530-403e-ba7c-2b4fbe9da44d</workingInode>
    <lockedOn class="sql-timestamp">2014-09-30 19:52:33.738</lockedOn>
    <deleted>false</deleted>
    <versionTs class="sql-timestamp">2014-09-30 20:06:50.417</versionTs>
  </com.dotmarketing.portlets.containers.model.ContainerVersionInfo>
  <com.dotmarketing.portlets.containers.model.ContainerVersionInfo>
    <identifier>d71d56b4-0a8b-4bb2-be15-ffa5a23366ea</identifier>
    <liveInode>3ba890c5-670c-467d-890d-bd8e9b9bb5ef</liveInode>
    <workingInode>3ba890c5-670c-467d-890d-bd8e9b9bb5ef</workingInode>
    <lockedOn class="sql-timestamp">2015-10-20 13:41:33.861</lockedOn>
    <deleted>false</deleted>
    <versionTs class="sql-timestamp">2015-10-19 20:49:32.139</versionTs>
  </com.dotmarketing.portlets.containers.model.ContainerVersionInfo>
  <com.dotmarketing.portlets.containers.model.ContainerVersionInfo>
    <identifier>f1ba7688-453c-4c0d-a214-e5ac802b8034</identifier>
    <liveInode>3efc001e-db68-408a-ac50-1284c1afe533</liveInode>
    <workingInode>3efc001e-db68-408a-ac50-1284c1afe533</workingInode>
    <lockedOn class="sql-timestamp">2013-05-06 18:54:21.353</lockedOn>
    <deleted>false</deleted>
    <versionTs class="sql-timestamp">2013-05-06 18:54:21.355</versionTs>
  </com.dotmarketing.portlets.containers.model.ContainerVersionInfo>
  <com.dotmarketing.portlets.containers.model.ContainerVersionInfo>
    <identifier>fc193c82-8c32-4abe-ba8a-49522328c93e</identifier>
    <liveInode>0ba8735d-bee3-4216-a05f-a8743967d28a</liveInode>
    <workingInode>0ba8735d-bee3-4216-a05f-a8743967d28a</workingInode>
    <lockedOn class="sql-timestamp">2014-09-30 23:52:57.291</lockedOn>
    <deleted>false</deleted>
    <versionTs class="sql-timestamp">2014-10-01 00:42:03.152</versionTs>
  </com.dotmarketing.portlets.containers.model.ContainerVersionInfo>
</list>