<list>
  <com.dotmarketing.portlets.workflows.model.WorkflowComment>
    <id>0a683c80-50e0-4748-9846-5d49e136e1e8</id>
    <creationDate class="sql-timestamp">2013-08-15 13:17:03.593</creationDate>
    <postedBy>e7d4e34e-5127-45fc-8123-d48b62d510e3</postedBy>
    <comment>Please review</comment>
    <workflowtaskId>cde9f541-16c7-422c-8d44-e9d0386e94db</workflowtaskId>
  </com.dotmarketing.portlets.workflows.model.WorkflowComment>
  <com.dotmarketing.portlets.workflows.model.WorkflowComment>
    <id>2992398e-0d01-4872-80de-763684a2e135</id>
    <creationDate class="sql-timestamp">2012-07-02 20:44:49.3</creationDate>
    <postedBy>89676cc9-fb8f-44aa-adea-938b6f7656b5</postedBy>
    <comment>Please take a look</comment>
    <workflowtaskId>5e6e314e-bd95-4c5d-b0a5-235563e3ff2c</workflowtaskId>
  </com.dotmarketing.portlets.workflows.model.WorkflowComment>
  <com.dotmarketing.portlets.workflows.model.WorkflowComment>
    <id>3d682895-a144-4fb6-82ce-d57c8dd1609b</id>
    <creationDate class="sql-timestamp">2013-08-15 13:17:46.008</creationDate>
    <postedBy>e7d4e34e-5127-45fc-8123-d48b62d510e3</postedBy>
    <comment>take a look
</comment>
    <workflowtaskId>74cabf7a-0e9d-48b6-ab1c-8f76d0ad31e0</workflowtaskId>
  </com.dotmarketing.portlets.workflows.model.WorkflowComment>
  <com.dotmarketing.portlets.workflows.model.WorkflowComment>
    <id>54483c54-7767-4619-9ce3-49694e51e6bd</id>
    <creationDate class="sql-timestamp">2012-07-02 20:45:27.312</creationDate>
    <postedBy>2549f855-269d-45b9-9d92-0551d81a6155</postedBy>
    <comment>I like, go ahead and publish</comment>
    <workflowtaskId>5e6e314e-bd95-4c5d-b0a5-235563e3ff2c</workflowtaskId>
  </com.dotmarketing.portlets.workflows.model.WorkflowComment>
  <com.dotmarketing.portlets.workflows.model.WorkflowComment>
    <id>fab90b1e-0403-4585-bf90-73461174ae91</id>
    <creationDate class="sql-timestamp">2013-08-15 13:18:42.613</creationDate>
    <postedBy>e7d4e34e-5127-45fc-8123-d48b62d510e3</postedBy>
    <comment>Please fix</comment>
    <workflowtaskId>cde9f541-16c7-422c-8d44-e9d0386e94db</workflowtaskId>
  </com.dotmarketing.portlets.workflows.model.WorkflowComment>
</list>