<list>
  <com.dotmarketing.beans.Tree>
    <parent>20cdf9f1-bf66-4303-92e0-8822f8081cfc</parent>
    <child>03a78010-ee80-4c64-a287-1127685e2226</child>
    <relationType>child</relationType>
    <treeOrder>0</treeOrder>
  </com.dotmarketing.beans.Tree>
  <com.dotmarketing.beans.Tree>
    <parent>20cdf9f1-bf66-4303-92e0-8822f8081cfc</parent>
    <child>21d3c4d5-7977-490e-b055-ecb7f70c62c5</child>
    <relationType>child</relationType>
    <treeOrder>0</treeOrder>
  </com.dotmarketing.beans.Tree>
  <com.dotmarketing.beans.Tree>
    <parent>20cdf9f1-bf66-4303-92e0-8822f8081cfc</parent>
    <child>2371d21e-799c-4653-a8e4-fe4d0c1b8c22</child>
    <relationType>child</relationType>
    <treeOrder>0</treeOrder>
  </com.dotmarketing.beans.Tree>
  <com.dotmarketing.beans.Tree>
    <parent>20cdf9f1-bf66-4303-92e0-8822f8081cfc</parent>
    <child>2baa164d-3cb4-4e0c-a4af-bb52692aa36f</child>
    <relationType>child</relationType>
    <treeOrder>0</treeOrder>
  </com.dotmarketing.beans.Tree>
  <com.dotmarketing.beans.Tree>
    <parent>20cdf9f1-bf66-4303-92e0-8822f8081cfc</parent>
    <child>3a64050e-b8f1-44a5-a11c-48b6174c7019</child>
    <relationType>child</relationType>
    <treeOrder>0</treeOrder>
  </com.dotmarketing.beans.Tree>
  <com.dotmarketing.beans.Tree>
    <parent>20cdf9f1-bf66-4303-92e0-8822f8081cfc</parent>
    <child>3f69cbf7-1de8-49d0-856c-ea1101779bf7</child>
    <relationType>child</relationType>
    <treeOrder>0</treeOrder>
  </com.dotmarketing.beans.Tree>
  <com.dotmarketing.beans.Tree>
    <parent>20cdf9f1-bf66-4303-92e0-8822f8081cfc</parent>
    <child>416f7ef1-b712-4317-a149-22bc3f354f5a</child>
    <relationType>child</relationType>
    <treeOrder>0</treeOrder>
  </com.dotmarketing.beans.Tree>
  <com.dotmarketing.beans.Tree>
    <parent>20cdf9f1-bf66-4303-92e0-8822f8081cfc</parent>
    <child>42f0ea0d-6620-4b93-97a6-44dbaee47720</child>
    <relationType>child</relationType>
    <treeOrder>0</treeOrder>
  </com.dotmarketing.beans.Tree>
  <com.dotmarketing.beans.Tree>
    <parent>20cdf9f1-bf66-4303-92e0-8822f8081cfc</parent>
    <child>491fa9ca-bc70-47ee-b3ba-eb7df29bea55</child>
    <relationType>child</relationType>
    <treeOrder>0</treeOrder>
  </com.dotmarketing.beans.Tree>
  <com.dotmarketing.beans.Tree>
    <parent>20cdf9f1-bf66-4303-92e0-8822f8081cfc</parent>
    <child>5092a051-89ac-4cfd-810a-ffe696f4e51f</child>
    <relationType>child</relationType>
    <treeOrder>0</treeOrder>
  </com.dotmarketing.beans.Tree>
  <com.dotmarketing.beans.Tree>
    <parent>20cdf9f1-bf66-4303-92e0-8822f8081cfc</parent>
    <child>7ffbb760-dc9e-46d7-bb64-d8ea2e07b13b</child>
    <relationType>child</relationType>
    <treeOrder>0</treeOrder>
  </com.dotmarketing.beans.Tree>
  <com.dotmarketing.beans.Tree>
    <parent>20cdf9f1-bf66-4303-92e0-8822f8081cfc</parent>
    <child>86235456-30f7-411f-839a-fa956ee1dff1</child>
    <relationType>child</relationType>
    <treeOrder>0</treeOrder>
  </com.dotmarketing.beans.Tree>
  <com.dotmarketing.beans.Tree>
    <parent>20cdf9f1-bf66-4303-92e0-8822f8081cfc</parent>
    <child>88807bd1-10bf-4d1e-9829-6bc960deff13</child>
    <relationType>child</relationType>
    <treeOrder>0</treeOrder>
  </com.dotmarketing.beans.Tree>
  <com.dotmarketing.beans.Tree>
    <parent>20cdf9f1-bf66-4303-92e0-8822f8081cfc</parent>
    <child>947dcbbd-e7fd-4905-b80d-7a8c06f7b895</child>
    <relationType>child</relationType>
    <treeOrder>0</treeOrder>
  </com.dotmarketing.beans.Tree>
  <com.dotmarketing.beans.Tree>
    <parent>20cdf9f1-bf66-4303-92e0-8822f8081cfc</parent>
    <child>97ce21c7-83fa-4504-9aec-003735f28429</child>
    <relationType>child</relationType>
    <treeOrder>0</treeOrder>
  </com.dotmarketing.beans.Tree>
  <com.dotmarketing.beans.Tree>
    <parent>20cdf9f1-bf66-4303-92e0-8822f8081cfc</parent>
    <child>9e30594b-7660-4a0e-aeae-5d2c374f9818</child>
    <relationType>child</relationType>
    <treeOrder>0</treeOrder>
  </com.dotmarketing.beans.Tree>
  <com.dotmarketing.beans.Tree>
    <parent>20cdf9f1-bf66-4303-92e0-8822f8081cfc</parent>
    <child>a2930407-f9ab-4198-a592-e5c5f0cc408a</child>
    <relationType>child</relationType>
    <treeOrder>0</treeOrder>
  </com.dotmarketing.beans.Tree>
  <com.dotmarketing.beans.Tree>
    <parent>20cdf9f1-bf66-4303-92e0-8822f8081cfc</parent>
    <child>a7f4940e-d866-41d2-899c-9894ae71ad35</child>
    <relationType>child</relationType>
    <treeOrder>0</treeOrder>
  </com.dotmarketing.beans.Tree>
  <com.dotmarketing.beans.Tree>
    <parent>20cdf9f1-bf66-4303-92e0-8822f8081cfc</parent>
    <child>b4eed372-312a-4277-9803-0871a3f02f60</child>
    <relationType>child</relationType>
    <treeOrder>0</treeOrder>
  </com.dotmarketing.beans.Tree>
  <com.dotmarketing.beans.Tree>
    <parent>20cdf9f1-bf66-4303-92e0-8822f8081cfc</parent>
    <child>c37e0f1a-4aba-4844-9f4e-4fc2e17d62df</child>
    <relationType>child</relationType>
    <treeOrder>0</treeOrder>
  </com.dotmarketing.beans.Tree>
  <com.dotmarketing.beans.Tree>
    <parent>20cdf9f1-bf66-4303-92e0-8822f8081cfc</parent>
    <child>d0f1c068-80bb-442c-8d9d-a20c9ee38e4e</child>
    <relationType>child</relationType>
    <treeOrder>0</treeOrder>
  </com.dotmarketing.beans.Tree>
  <com.dotmarketing.beans.Tree>
    <parent>20cdf9f1-bf66-4303-92e0-8822f8081cfc</parent>
    <child>dd6b51e5-0edd-4461-9dda-ab0e2281d4f2</child>
    <relationType>child</relationType>
    <treeOrder>0</treeOrder>
  </com.dotmarketing.beans.Tree>
  <com.dotmarketing.beans.Tree>
    <parent>20cdf9f1-bf66-4303-92e0-8822f8081cfc</parent>
    <child>ffa70de1-fa07-4027-83be-2b45af375c4b</child>
    <relationType>child</relationType>
    <treeOrder>0</treeOrder>
  </com.dotmarketing.beans.Tree>
  <com.dotmarketing.beans.Tree>
    <parent>375341a2-0912-422f-b903-2602b6105c70</parent>
    <child>3b8c53ec-f6ba-4b81-adef-6b7ed38a8490</child>
    <relationType>child</relationType>
    <treeOrder>0</treeOrder>
  </com.dotmarketing.beans.Tree>
  <com.dotmarketing.beans.Tree>
    <parent>375341a2-0912-422f-b903-2602b6105c70</parent>
    <child>5193736b-b98c-425d-a12c-0391d2bef6a9</child>
    <relationType>child</relationType>
    <treeOrder>0</treeOrder>
  </com.dotmarketing.beans.Tree>
  <com.dotmarketing.beans.Tree>
    <parent>375341a2-0912-422f-b903-2602b6105c70</parent>
    <child>5ad2fb00-74b8-4b44-9954-99787d7457f4</child>
    <relationType>child</relationType>
    <treeOrder>0</treeOrder>
  </com.dotmarketing.beans.Tree>
  <com.dotmarketing.beans.Tree>
    <parent>375341a2-0912-422f-b903-2602b6105c70</parent>
    <child>ac117b80-66f5-4981-9c41-2b47040b8581</child>
    <relationType>child</relationType>
    <treeOrder>0</treeOrder>
  </com.dotmarketing.beans.Tree>
  <com.dotmarketing.beans.Tree>
    <parent>3d5d641b-e5fd-409e-a283-b6fe7ab780d1</parent>
    <child>20cdf9f1-bf66-4303-92e0-8822f8081cfc</child>
    <relationType>child</relationType>
    <treeOrder>0</treeOrder>
  </com.dotmarketing.beans.Tree>
  <com.dotmarketing.beans.Tree>
    <parent>3d5d641b-e5fd-409e-a283-b6fe7ab780d1</parent>
    <child>36abf3c4-d58b-4e42-8e1d-e9a1fe661831</child>
    <relationType>child</relationType>
    <treeOrder>0</treeOrder>
  </com.dotmarketing.beans.Tree>
  <com.dotmarketing.beans.Tree>
    <parent>3d5d641b-e5fd-409e-a283-b6fe7ab780d1</parent>
    <child>bba0fcba-eb79-46dc-ae36-fe2f3d9cf1e7</child>
    <relationType>child</relationType>
    <treeOrder>0</treeOrder>
  </com.dotmarketing.beans.Tree>
  <com.dotmarketing.beans.Tree>
    <parent>3d5d641b-e5fd-409e-a283-b6fe7ab780d1</parent>
    <child>cf140e2a-d01d-4d48-8ab0-e87aceb22b33</child>
    <relationType>child</relationType>
    <treeOrder>0</treeOrder>
  </com.dotmarketing.beans.Tree>
  <com.dotmarketing.beans.Tree>
    <parent>3d5d641b-e5fd-409e-a283-b6fe7ab780d1</parent>
    <child>d1e963ee-b6ba-4ca6-b060-5f696437a328</child>
    <relationType>child</relationType>
    <treeOrder>0</treeOrder>
  </com.dotmarketing.beans.Tree>
  <com.dotmarketing.beans.Tree>
    <parent>3d5d641b-e5fd-409e-a283-b6fe7ab780d1</parent>
    <child>ede13663-ff06-4d01-ab99-a8976e995010</child>
    <relationType>child</relationType>
    <treeOrder>0</treeOrder>
  </com.dotmarketing.beans.Tree>
  <com.dotmarketing.beans.Tree>
    <parent>5193736b-b98c-425d-a12c-0391d2bef6a9</parent>
    <child>2256c68d-c597-4121-a4c9-af2d340ec7bc</child>
    <relationType>child</relationType>
    <treeOrder>0</treeOrder>
  </com.dotmarketing.beans.Tree>
  <com.dotmarketing.beans.Tree>
    <parent>5193736b-b98c-425d-a12c-0391d2bef6a9</parent>
    <child>fefc7174-180c-4e17-8ee0-f00e4891ea6b</child>
    <relationType>child</relationType>
    <treeOrder>0</treeOrder>
  </com.dotmarketing.beans.Tree>
  <com.dotmarketing.beans.Tree>
    <parent>ac117b80-66f5-4981-9c41-2b47040b8581</parent>
    <child>6c9e0085-290d-491d-9b5a-ed22c1337f58</child>
    <relationType>child</relationType>
    <treeOrder>0</treeOrder>
  </com.dotmarketing.beans.Tree>
  <com.dotmarketing.beans.Tree>
    <parent>bba0fcba-eb79-46dc-ae36-fe2f3d9cf1e7</parent>
    <child>804e0e3b-e914-48ae-a977-3eedcd8f430e</child>
    <relationType>child</relationType>
    <treeOrder>0</treeOrder>
  </com.dotmarketing.beans.Tree>
  <com.dotmarketing.beans.Tree>
    <parent>cf140e2a-d01d-4d48-8ab0-e87aceb22b33</parent>
    <child>2371d21e-799c-4653-a8e4-fe4d0c1b8c22</child>
    <relationType>child</relationType>
    <treeOrder>0</treeOrder>
  </com.dotmarketing.beans.Tree>
  <com.dotmarketing.beans.Tree>
    <parent>cf140e2a-d01d-4d48-8ab0-e87aceb22b33</parent>
    <child>2b2f37ef-d908-4841-ad43-f19c5e6b9680</child>
    <relationType>child</relationType>
    <treeOrder>0</treeOrder>
  </com.dotmarketing.beans.Tree>
  <com.dotmarketing.beans.Tree>
    <parent>cf140e2a-d01d-4d48-8ab0-e87aceb22b33</parent>
    <child>3a64050e-b8f1-44a5-a11c-48b6174c7019</child>
    <relationType>child</relationType>
    <treeOrder>0</treeOrder>
  </com.dotmarketing.beans.Tree>
  <com.dotmarketing.beans.Tree>
    <parent>cf140e2a-d01d-4d48-8ab0-e87aceb22b33</parent>
    <child>3f69cbf7-1de8-49d0-856c-ea1101779bf7</child>
    <relationType>child</relationType>
    <treeOrder>0</treeOrder>
  </com.dotmarketing.beans.Tree>
  <com.dotmarketing.beans.Tree>
    <parent>cf140e2a-d01d-4d48-8ab0-e87aceb22b33</parent>
    <child>42f0ea0d-6620-4b93-97a6-44dbaee47720</child>
    <relationType>child</relationType>
    <treeOrder>0</treeOrder>
  </com.dotmarketing.beans.Tree>
  <com.dotmarketing.beans.Tree>
    <parent>cf140e2a-d01d-4d48-8ab0-e87aceb22b33</parent>
    <child>46e54019-8c8e-4f39-8aae-b265699b4271</child>
    <relationType>child</relationType>
    <treeOrder>0</treeOrder>
  </com.dotmarketing.beans.Tree>
  <com.dotmarketing.beans.Tree>
    <parent>cf140e2a-d01d-4d48-8ab0-e87aceb22b33</parent>
    <child>491fa9ca-bc70-47ee-b3ba-eb7df29bea55</child>
    <relationType>child</relationType>
    <treeOrder>0</treeOrder>
  </com.dotmarketing.beans.Tree>
  <com.dotmarketing.beans.Tree>
    <parent>cf140e2a-d01d-4d48-8ab0-e87aceb22b33</parent>
    <child>5092a051-89ac-4cfd-810a-ffe696f4e51f</child>
    <relationType>child</relationType>
    <treeOrder>0</treeOrder>
  </com.dotmarketing.beans.Tree>
  <com.dotmarketing.beans.Tree>
    <parent>cf140e2a-d01d-4d48-8ab0-e87aceb22b33</parent>
    <child>734944ff-6f02-4337-b9fe-aef3c372dad8</child>
    <relationType>child</relationType>
    <treeOrder>0</treeOrder>
  </com.dotmarketing.beans.Tree>
  <com.dotmarketing.beans.Tree>
    <parent>cf140e2a-d01d-4d48-8ab0-e87aceb22b33</parent>
    <child>78433a9c-eb28-403a-8398-158f5492d9fb</child>
    <relationType>child</relationType>
    <treeOrder>0</treeOrder>
  </com.dotmarketing.beans.Tree>
  <com.dotmarketing.beans.Tree>
    <parent>cf140e2a-d01d-4d48-8ab0-e87aceb22b33</parent>
    <child>7ffbb760-dc9e-46d7-bb64-d8ea2e07b13b</child>
    <relationType>child</relationType>
    <treeOrder>0</treeOrder>
  </com.dotmarketing.beans.Tree>
  <com.dotmarketing.beans.Tree>
    <parent>cf140e2a-d01d-4d48-8ab0-e87aceb22b33</parent>
    <child>88807bd1-10bf-4d1e-9829-6bc960deff13</child>
    <relationType>child</relationType>
    <treeOrder>0</treeOrder>
  </com.dotmarketing.beans.Tree>
  <com.dotmarketing.beans.Tree>
    <parent>cf140e2a-d01d-4d48-8ab0-e87aceb22b33</parent>
    <child>9e30594b-7660-4a0e-aeae-5d2c374f9818</child>
    <relationType>child</relationType>
    <treeOrder>0</treeOrder>
  </com.dotmarketing.beans.Tree>
  <com.dotmarketing.beans.Tree>
    <parent>cf140e2a-d01d-4d48-8ab0-e87aceb22b33</parent>
    <child>a5cb354e-7803-4f6d-9b1b-cd34a2af5214</child>
    <relationType>child</relationType>
    <treeOrder>0</treeOrder>
  </com.dotmarketing.beans.Tree>
  <com.dotmarketing.beans.Tree>
    <parent>cf140e2a-d01d-4d48-8ab0-e87aceb22b33</parent>
    <child>a7f4940e-d866-41d2-899c-9894ae71ad35</child>
    <relationType>child</relationType>
    <treeOrder>0</treeOrder>
  </com.dotmarketing.beans.Tree>
  <com.dotmarketing.beans.Tree>
    <parent>cf140e2a-d01d-4d48-8ab0-e87aceb22b33</parent>
    <child>c37e0f1a-4aba-4844-9f4e-4fc2e17d62df</child>
    <relationType>child</relationType>
    <treeOrder>0</treeOrder>
  </com.dotmarketing.beans.Tree>
  <com.dotmarketing.beans.Tree>
    <parent>cf140e2a-d01d-4d48-8ab0-e87aceb22b33</parent>
    <child>d0f1c068-80bb-442c-8d9d-a20c9ee38e4e</child>
    <relationType>child</relationType>
    <treeOrder>0</treeOrder>
  </com.dotmarketing.beans.Tree>
  <com.dotmarketing.beans.Tree>
    <parent>cf140e2a-d01d-4d48-8ab0-e87aceb22b33</parent>
    <child>dd6b51e5-0edd-4461-9dda-ab0e2281d4f2</child>
    <relationType>child</relationType>
    <treeOrder>0</treeOrder>
  </com.dotmarketing.beans.Tree>
  <com.dotmarketing.beans.Tree>
    <parent>d1e963ee-b6ba-4ca6-b060-5f696437a328</parent>
    <child>03a78010-ee80-4c64-a287-1127685e2226</child>
    <relationType>child</relationType>
    <treeOrder>0</treeOrder>
  </com.dotmarketing.beans.Tree>
  <com.dotmarketing.beans.Tree>
    <parent>d1e963ee-b6ba-4ca6-b060-5f696437a328</parent>
    <child>21d3c4d5-7977-490e-b055-ecb7f70c62c5</child>
    <relationType>child</relationType>
    <treeOrder>0</treeOrder>
  </com.dotmarketing.beans.Tree>
  <com.dotmarketing.beans.Tree>
    <parent>d1e963ee-b6ba-4ca6-b060-5f696437a328</parent>
    <child>2371d21e-799c-4653-a8e4-fe4d0c1b8c22</child>
    <relationType>child</relationType>
    <treeOrder>0</treeOrder>
  </com.dotmarketing.beans.Tree>
  <com.dotmarketing.beans.Tree>
    <parent>d1e963ee-b6ba-4ca6-b060-5f696437a328</parent>
    <child>3f69cbf7-1de8-49d0-856c-ea1101779bf7</child>
    <relationType>child</relationType>
    <treeOrder>0</treeOrder>
  </com.dotmarketing.beans.Tree>
  <com.dotmarketing.beans.Tree>
    <parent>d1e963ee-b6ba-4ca6-b060-5f696437a328</parent>
    <child>416f7ef1-b712-4317-a149-22bc3f354f5a</child>
    <relationType>child</relationType>
    <treeOrder>0</treeOrder>
  </com.dotmarketing.beans.Tree>
  <com.dotmarketing.beans.Tree>
    <parent>d1e963ee-b6ba-4ca6-b060-5f696437a328</parent>
    <child>42f0ea0d-6620-4b93-97a6-44dbaee47720</child>
    <relationType>child</relationType>
    <treeOrder>0</treeOrder>
  </com.dotmarketing.beans.Tree>
  <com.dotmarketing.beans.Tree>
    <parent>d1e963ee-b6ba-4ca6-b060-5f696437a328</parent>
    <child>46e54019-8c8e-4f39-8aae-b265699b4271</child>
    <relationType>child</relationType>
    <treeOrder>0</treeOrder>
  </com.dotmarketing.beans.Tree>
  <com.dotmarketing.beans.Tree>
    <parent>d1e963ee-b6ba-4ca6-b060-5f696437a328</parent>
    <child>5092a051-89ac-4cfd-810a-ffe696f4e51f</child>
    <relationType>child</relationType>
    <treeOrder>0</treeOrder>
  </com.dotmarketing.beans.Tree>
  <com.dotmarketing.beans.Tree>
    <parent>d1e963ee-b6ba-4ca6-b060-5f696437a328</parent>
    <child>5a0fa1a6-de54-4418-b673-f638ee118576</child>
    <relationType>child</relationType>
    <treeOrder>0</treeOrder>
  </com.dotmarketing.beans.Tree>
  <com.dotmarketing.beans.Tree>
    <parent>d1e963ee-b6ba-4ca6-b060-5f696437a328</parent>
    <child>6fb75a8a-33df-4ece-a848-e045067e697d</child>
    <relationType>child</relationType>
    <treeOrder>0</treeOrder>
  </com.dotmarketing.beans.Tree>
  <com.dotmarketing.beans.Tree>
    <parent>d1e963ee-b6ba-4ca6-b060-5f696437a328</parent>
    <child>7e52bc6b-ac58-4597-abec-8d16b56b60f6</child>
    <relationType>child</relationType>
    <treeOrder>0</treeOrder>
  </com.dotmarketing.beans.Tree>
  <com.dotmarketing.beans.Tree>
    <parent>d1e963ee-b6ba-4ca6-b060-5f696437a328</parent>
    <child>7ffbb760-dc9e-46d7-bb64-d8ea2e07b13b</child>
    <relationType>child</relationType>
    <treeOrder>0</treeOrder>
  </com.dotmarketing.beans.Tree>
  <com.dotmarketing.beans.Tree>
    <parent>d1e963ee-b6ba-4ca6-b060-5f696437a328</parent>
    <child>84753c9f-3519-43d2-bf5f-5d124f1d022f</child>
    <relationType>child</relationType>
    <treeOrder>0</treeOrder>
  </com.dotmarketing.beans.Tree>
  <com.dotmarketing.beans.Tree>
    <parent>d1e963ee-b6ba-4ca6-b060-5f696437a328</parent>
    <child>88807bd1-10bf-4d1e-9829-6bc960deff13</child>
    <relationType>child</relationType>
    <treeOrder>0</treeOrder>
  </com.dotmarketing.beans.Tree>
  <com.dotmarketing.beans.Tree>
    <parent>d1e963ee-b6ba-4ca6-b060-5f696437a328</parent>
    <child>97ce21c7-83fa-4504-9aec-003735f28429</child>
    <relationType>child</relationType>
    <treeOrder>0</treeOrder>
  </com.dotmarketing.beans.Tree>
  <com.dotmarketing.beans.Tree>
    <parent>d1e963ee-b6ba-4ca6-b060-5f696437a328</parent>
    <child>99ad29f4-f120-49ec-bace-65d00d9c4963</child>
    <relationType>child</relationType>
    <treeOrder>0</treeOrder>
  </com.dotmarketing.beans.Tree>
  <com.dotmarketing.beans.Tree>
    <parent>d1e963ee-b6ba-4ca6-b060-5f696437a328</parent>
    <child>9e30594b-7660-4a0e-aeae-5d2c374f9818</child>
    <relationType>child</relationType>
    <treeOrder>0</treeOrder>
  </com.dotmarketing.beans.Tree>
  <com.dotmarketing.beans.Tree>
    <parent>d1e963ee-b6ba-4ca6-b060-5f696437a328</parent>
    <child>a2930407-f9ab-4198-a592-e5c5f0cc408a</child>
    <relationType>child</relationType>
    <treeOrder>0</treeOrder>
  </com.dotmarketing.beans.Tree>
  <com.dotmarketing.beans.Tree>
    <parent>d1e963ee-b6ba-4ca6-b060-5f696437a328</parent>
    <child>a5cb354e-7803-4f6d-9b1b-cd34a2af5214</child>
    <relationType>child</relationType>
    <treeOrder>0</treeOrder>
  </com.dotmarketing.beans.Tree>
  <com.dotmarketing.beans.Tree>
    <parent>d1e963ee-b6ba-4ca6-b060-5f696437a328</parent>
    <child>a7f4940e-d866-41d2-899c-9894ae71ad35</child>
    <relationType>child</relationType>
    <treeOrder>0</treeOrder>
  </com.dotmarketing.beans.Tree>
  <com.dotmarketing.beans.Tree>
    <parent>d1e963ee-b6ba-4ca6-b060-5f696437a328</parent>
    <child>bd41d8c5-b606-4736-bdf3-9845d0e8223c</child>
    <relationType>child</relationType>
    <treeOrder>0</treeOrder>
  </com.dotmarketing.beans.Tree>
  <com.dotmarketing.beans.Tree>
    <parent>d1e963ee-b6ba-4ca6-b060-5f696437a328</parent>
    <child>c37e0f1a-4aba-4844-9f4e-4fc2e17d62df</child>
    <relationType>child</relationType>
    <treeOrder>0</treeOrder>
  </com.dotmarketing.beans.Tree>
  <com.dotmarketing.beans.Tree>
    <parent>d1e963ee-b6ba-4ca6-b060-5f696437a328</parent>
    <child>d0f1c068-80bb-442c-8d9d-a20c9ee38e4e</child>
    <relationType>child</relationType>
    <treeOrder>0</treeOrder>
  </com.dotmarketing.beans.Tree>
  <com.dotmarketing.beans.Tree>
    <parent>d1e963ee-b6ba-4ca6-b060-5f696437a328</parent>
    <child>d674bc20-2ada-48c4-a0ec-603e55ee6343</child>
    <relationType>child</relationType>
    <treeOrder>0</treeOrder>
  </com.dotmarketing.beans.Tree>
  <com.dotmarketing.beans.Tree>
    <parent>d1e963ee-b6ba-4ca6-b060-5f696437a328</parent>
    <child>dd6b51e5-0edd-4461-9dda-ab0e2281d4f2</child>
    <relationType>child</relationType>
    <treeOrder>0</treeOrder>
  </com.dotmarketing.beans.Tree>
  <com.dotmarketing.beans.Tree>
    <parent>ede13663-ff06-4d01-ab99-a8976e995010</parent>
    <child>03a78010-ee80-4c64-a287-1127685e2226</child>
    <relationType>child</relationType>
    <treeOrder>0</treeOrder>
  </com.dotmarketing.beans.Tree>
  <com.dotmarketing.beans.Tree>
    <parent>ede13663-ff06-4d01-ab99-a8976e995010</parent>
    <child>0f16a19b-2da9-476e-86bf-613a00b2876f</child>
    <relationType>child</relationType>
    <treeOrder>0</treeOrder>
  </com.dotmarketing.beans.Tree>
  <com.dotmarketing.beans.Tree>
    <parent>ede13663-ff06-4d01-ab99-a8976e995010</parent>
    <child>30d24954-c770-45f5-b0cc-4eb2f345ec0b</child>
    <relationType>child</relationType>
    <treeOrder>0</treeOrder>
  </com.dotmarketing.beans.Tree>
  <com.dotmarketing.beans.Tree>
    <parent>ede13663-ff06-4d01-ab99-a8976e995010</parent>
    <child>389dee07-6133-4aa7-b15f-adf077a9a9ef</child>
    <relationType>child</relationType>
    <treeOrder>0</treeOrder>
  </com.dotmarketing.beans.Tree>
  <com.dotmarketing.beans.Tree>
    <parent>ede13663-ff06-4d01-ab99-a8976e995010</parent>
    <child>3f69cbf7-1de8-49d0-856c-ea1101779bf7</child>
    <relationType>child</relationType>
    <treeOrder>0</treeOrder>
  </com.dotmarketing.beans.Tree>
  <com.dotmarketing.beans.Tree>
    <parent>ede13663-ff06-4d01-ab99-a8976e995010</parent>
    <child>416f7ef1-b712-4317-a149-22bc3f354f5a</child>
    <relationType>child</relationType>
    <treeOrder>0</treeOrder>
  </com.dotmarketing.beans.Tree>
  <com.dotmarketing.beans.Tree>
    <parent>ede13663-ff06-4d01-ab99-a8976e995010</parent>
    <child>48044160-a98e-46bd-847c-ccab9cd40eea</child>
    <relationType>child</relationType>
    <treeOrder>0</treeOrder>
  </com.dotmarketing.beans.Tree>
  <com.dotmarketing.beans.Tree>
    <parent>ede13663-ff06-4d01-ab99-a8976e995010</parent>
    <child>49bc516b-37ce-43c2-a05c-8827cfb86529</child>
    <relationType>child</relationType>
    <treeOrder>0</treeOrder>
  </com.dotmarketing.beans.Tree>
  <com.dotmarketing.beans.Tree>
    <parent>ede13663-ff06-4d01-ab99-a8976e995010</parent>
    <child>5092a051-89ac-4cfd-810a-ffe696f4e51f</child>
    <relationType>child</relationType>
    <treeOrder>0</treeOrder>
  </com.dotmarketing.beans.Tree>
  <com.dotmarketing.beans.Tree>
    <parent>ede13663-ff06-4d01-ab99-a8976e995010</parent>
    <child>5945aafe-a815-4373-bad7-3da33f4d5ac9</child>
    <relationType>child</relationType>
    <treeOrder>0</treeOrder>
  </com.dotmarketing.beans.Tree>
  <com.dotmarketing.beans.Tree>
    <parent>ede13663-ff06-4d01-ab99-a8976e995010</parent>
    <child>5a0fa1a6-de54-4418-b673-f638ee118576</child>
    <relationType>child</relationType>
    <treeOrder>0</treeOrder>
  </com.dotmarketing.beans.Tree>
  <com.dotmarketing.beans.Tree>
    <parent>ede13663-ff06-4d01-ab99-a8976e995010</parent>
    <child>61aa6495-a03c-46a3-b149-7b54dad34217</child>
    <relationType>child</relationType>
    <treeOrder>0</treeOrder>
  </com.dotmarketing.beans.Tree>
  <com.dotmarketing.beans.Tree>
    <parent>ede13663-ff06-4d01-ab99-a8976e995010</parent>
    <child>656c0467-0fce-478a-8b90-3b51b2bfa5bb</child>
    <relationType>child</relationType>
    <treeOrder>0</treeOrder>
  </com.dotmarketing.beans.Tree>
  <com.dotmarketing.beans.Tree>
    <parent>ede13663-ff06-4d01-ab99-a8976e995010</parent>
    <child>6cb7cab1-b6a5-45a3-94cf-7b2a5de4d7bf</child>
    <relationType>child</relationType>
    <treeOrder>0</treeOrder>
  </com.dotmarketing.beans.Tree>
  <com.dotmarketing.beans.Tree>
    <parent>ede13663-ff06-4d01-ab99-a8976e995010</parent>
    <child>7e52bc6b-ac58-4597-abec-8d16b56b60f6</child>
    <relationType>child</relationType>
    <treeOrder>0</treeOrder>
  </com.dotmarketing.beans.Tree>
  <com.dotmarketing.beans.Tree>
    <parent>ede13663-ff06-4d01-ab99-a8976e995010</parent>
    <child>7ffbb760-dc9e-46d7-bb64-d8ea2e07b13b</child>
    <relationType>child</relationType>
    <treeOrder>0</treeOrder>
  </com.dotmarketing.beans.Tree>
  <com.dotmarketing.beans.Tree>
    <parent>ede13663-ff06-4d01-ab99-a8976e995010</parent>
    <child>84753c9f-3519-43d2-bf5f-5d124f1d022f</child>
    <relationType>child</relationType>
    <treeOrder>0</treeOrder>
  </com.dotmarketing.beans.Tree>
  <com.dotmarketing.beans.Tree>
    <parent>ede13663-ff06-4d01-ab99-a8976e995010</parent>
    <child>87c05514-75b2-4f7b-819f-e8d256d731c2</child>
    <relationType>child</relationType>
    <treeOrder>0</treeOrder>
  </com.dotmarketing.beans.Tree>
  <com.dotmarketing.beans.Tree>
    <parent>ede13663-ff06-4d01-ab99-a8976e995010</parent>
    <child>88807bd1-10bf-4d1e-9829-6bc960deff13</child>
    <relationType>child</relationType>
    <treeOrder>0</treeOrder>
  </com.dotmarketing.beans.Tree>
  <com.dotmarketing.beans.Tree>
    <parent>ede13663-ff06-4d01-ab99-a8976e995010</parent>
    <child>9010317a-4985-425f-aa8d-ea609ce10fff</child>
    <relationType>child</relationType>
    <treeOrder>0</treeOrder>
  </com.dotmarketing.beans.Tree>
  <com.dotmarketing.beans.Tree>
    <parent>ede13663-ff06-4d01-ab99-a8976e995010</parent>
    <child>95bfa8cf-5078-4ee8-9d99-5b890b3f13e0</child>
    <relationType>child</relationType>
    <treeOrder>0</treeOrder>
  </com.dotmarketing.beans.Tree>
  <com.dotmarketing.beans.Tree>
    <parent>ede13663-ff06-4d01-ab99-a8976e995010</parent>
    <child>9e30594b-7660-4a0e-aeae-5d2c374f9818</child>
    <relationType>child</relationType>
    <treeOrder>0</treeOrder>
  </com.dotmarketing.beans.Tree>
  <com.dotmarketing.beans.Tree>
    <parent>ede13663-ff06-4d01-ab99-a8976e995010</parent>
    <child>a5cb354e-7803-4f6d-9b1b-cd34a2af5214</child>
    <relationType>child</relationType>
    <treeOrder>0</treeOrder>
  </com.dotmarketing.beans.Tree>
  <com.dotmarketing.beans.Tree>
    <parent>ede13663-ff06-4d01-ab99-a8976e995010</parent>
    <child>a7f4940e-d866-41d2-899c-9894ae71ad35</child>
    <relationType>child</relationType>
    <treeOrder>0</treeOrder>
  </com.dotmarketing.beans.Tree>
  <com.dotmarketing.beans.Tree>
    <parent>ede13663-ff06-4d01-ab99-a8976e995010</parent>
    <child>a97fd83a-4c63-4c61-a8dc-8b6d44e433ae</child>
    <relationType>child</relationType>
    <treeOrder>0</treeOrder>
  </com.dotmarketing.beans.Tree>
  <com.dotmarketing.beans.Tree>
    <parent>ede13663-ff06-4d01-ab99-a8976e995010</parent>
    <child>c37e0f1a-4aba-4844-9f4e-4fc2e17d62df</child>
    <relationType>child</relationType>
    <treeOrder>0</treeOrder>
  </com.dotmarketing.beans.Tree>
  <com.dotmarketing.beans.Tree>
    <parent>ede13663-ff06-4d01-ab99-a8976e995010</parent>
    <child>ce2f19ca-344b-40ff-9397-5d5b728f477a</child>
    <relationType>child</relationType>
    <treeOrder>0</treeOrder>
  </com.dotmarketing.beans.Tree>
  <com.dotmarketing.beans.Tree>
    <parent>ede13663-ff06-4d01-ab99-a8976e995010</parent>
    <child>d0f1c068-80bb-442c-8d9d-a20c9ee38e4e</child>
    <relationType>child</relationType>
    <treeOrder>0</treeOrder>
  </com.dotmarketing.beans.Tree>
  <com.dotmarketing.beans.Tree>
    <parent>ede13663-ff06-4d01-ab99-a8976e995010</parent>
    <child>d674bc20-2ada-48c4-a0ec-603e55ee6343</child>
    <relationType>child</relationType>
    <treeOrder>0</treeOrder>
  </com.dotmarketing.beans.Tree>
  <com.dotmarketing.beans.Tree>
    <parent>ede13663-ff06-4d01-ab99-a8976e995010</parent>
    <child>dba14aac-879b-4d23-8bbd-c9b8b10353bf</child>
    <relationType>child</relationType>
    <treeOrder>0</treeOrder>
  </com.dotmarketing.beans.Tree>
  <com.dotmarketing.beans.Tree>
    <parent>ede13663-ff06-4d01-ab99-a8976e995010</parent>
    <child>ebf5202a-7503-490a-a57e-273396b448f4</child>
    <relationType>child</relationType>
    <treeOrder>0</treeOrder>
  </com.dotmarketing.beans.Tree>
  <com.dotmarketing.beans.Tree>
    <parent>ede13663-ff06-4d01-ab99-a8976e995010</parent>
    <child>f81a5096-7764-4cb6-bcc9-678b6e63f7c9</child>
    <relationType>child</relationType>
    <treeOrder>0</treeOrder>
  </com.dotmarketing.beans.Tree>
  <com.dotmarketing.beans.Tree>
    <parent>ede13663-ff06-4d01-ab99-a8976e995010</parent>
    <child>fdbd8ff1-6b09-4e12-a65a-c74a21eb44e6</child>
    <relationType>child</relationType>
    <treeOrder>0</treeOrder>
  </com.dotmarketing.beans.Tree>
  <com.dotmarketing.beans.Tree>
    <parent>0c69da5c-2a05-452f-9305-3be6926d5079</parent>
    <child>37f93fcb-6124-46af-83b4-9ece6c1c5380</child>
    <relationType>Parent_Location-Child_Employee</relationType>
    <treeOrder>1</treeOrder>
  </com.dotmarketing.beans.Tree>
  <com.dotmarketing.beans.Tree>
    <parent>146f45d6-94e1-4abe-9516-05e1e265efec</parent>
    <child>bb9d11fa-8c47-4824-adec-f4339cc00446</child>
    <relationType>Blog-Comments</relationType>
    <treeOrder>1</treeOrder>
  </com.dotmarketing.beans.Tree>
  <com.dotmarketing.beans.Tree>
    <parent>26020a5c-3b85-4ad8-85e8-0cf2893aedc0</parent>
    <child>320e8acc-29f2-4ae6-b5f2-d13fc8abca84</child>
    <relationType>Parent_News-Child_Youtube</relationType>
    <treeOrder>1</treeOrder>
  </com.dotmarketing.beans.Tree>
  <com.dotmarketing.beans.Tree>
    <parent>26228bcd-b869-4872-8c38-e96c627bf6e4</parent>
    <child>cabc28d7-9df7-4f45-8eaa-a36abd279d96</child>
    <relationType>Parent_Location-Child_Employee</relationType>
    <treeOrder>1</treeOrder>
  </com.dotmarketing.beans.Tree>
  <com.dotmarketing.beans.Tree>
    <parent>2943b5eb-9105-4dcf-a1c7-87a9d4dc92a6</parent>
    <child>4b3622b7-75e5-4ab7-9171-20a02954a142</child>
    <relationType>News-Comments</relationType>
    <treeOrder>1</treeOrder>
  </com.dotmarketing.beans.Tree>
  <com.dotmarketing.beans.Tree>
    <parent>2943b5eb-9105-4dcf-a1c7-87a9d4dc92a6</parent>
    <child>e6689690-786c-457f-a6b1-ee3d44b155e4</child>
    <relationType>Parent_News-Child_Media</relationType>
    <treeOrder>1</treeOrder>
  </com.dotmarketing.beans.Tree>
  <com.dotmarketing.beans.Tree>
    <parent>4180b269-e59d-40ef-92e1-f50e4806e3ac</parent>
    <child>7b22b477-b444-4d4b-b2e4-14ac4f9378e9</child>
    <relationType>LandingPage-Products</relationType>
    <treeOrder>1</treeOrder>
  </com.dotmarketing.beans.Tree>
  <com.dotmarketing.beans.Tree>
    <parent>4180b269-e59d-40ef-92e1-f50e4806e3ac</parent>
    <child>7ea79f31-73f9-44aa-82fd-4f16e23ababb</child>
    <relationType>LandingPage-Testimonial</relationType>
    <treeOrder>1</treeOrder>
  </com.dotmarketing.beans.Tree>
  <com.dotmarketing.beans.Tree>
    <parent>4276faea-048f-44ef-ba68-70de8f99e6ba</parent>
    <child>61d074f1-844d-44dc-8d31-407e1cc24029</child>
    <relationType>Parent_Location-Child_Employee</relationType>
    <treeOrder>1</treeOrder>
  </com.dotmarketing.beans.Tree>
  <com.dotmarketing.beans.Tree>
    <parent>4b3622b7-75e5-4ab7-9171-20a02954a142</parent>
    <child>29aefa2f-2aef-4a56-b15e-20e812cf2c30</child>
    <relationType>Comments-Comments</relationType>
    <treeOrder>1</treeOrder>
  </com.dotmarketing.beans.Tree>
  <com.dotmarketing.beans.Tree>
    <parent>558940cc-9f7b-4a9b-8e27-a8e70c8245e1</parent>
    <child>38619c2f-b8fc-45fc-87b1-7eeea1fdb9fb</child>
    <relationType>Parent_Location-Child_Employee</relationType>
    <treeOrder>1</treeOrder>
  </com.dotmarketing.beans.Tree>
  <com.dotmarketing.beans.Tree>
    <parent>6f19f0a0-f407-4f4c-8c01-58daf6659321</parent>
    <child>05b04a4f-f1b5-45b5-bcb7-79c9b002a5cf</child>
    <relationType>Parent_Location-Child_Employee</relationType>
    <treeOrder>1</treeOrder>
  </com.dotmarketing.beans.Tree>
  <com.dotmarketing.beans.Tree>
    <parent>6fa1e4cc-964b-4da3-9ced-b82ba2d0ea20</parent>
    <child>9534a377-8419-4072-a754-cac73835f864</child>
    <relationType>Parent_Location-Child_Employee</relationType>
    <treeOrder>1</treeOrder>
  </com.dotmarketing.beans.Tree>
  <com.dotmarketing.beans.Tree>
    <parent>70902a06-6e59-46b7-ac7f-2c98c96f9b64</parent>
    <child>1040556d-ce25-4ec5-bae6-39c571813808</child>
    <relationType>Products-Youtube</relationType>
    <treeOrder>1</treeOrder>
  </com.dotmarketing.beans.Tree>
  <com.dotmarketing.beans.Tree>
    <parent>784bebeb-ce31-414f-b7e8-41653ea9f195</parent>
    <child>2d44697c-c510-45bc-9497-8668968b87c5</child>
    <relationType>Parent_Location-Child_Employee</relationType>
    <treeOrder>1</treeOrder>
  </com.dotmarketing.beans.Tree>
  <com.dotmarketing.beans.Tree>
    <parent>7a3d042f-aae4-4e60-8385-7fc5320f572f</parent>
    <child>b2a48969-0a77-4254-bc2b-be820cae5bed</child>
    <relationType>News-Comments</relationType>
    <treeOrder>1</treeOrder>
  </com.dotmarketing.beans.Tree>
  <com.dotmarketing.beans.Tree>
    <parent>7a3d042f-aae4-4e60-8385-7fc5320f572f</parent>
    <child>e6689690-786c-457f-a6b1-ee3d44b155e4</child>
    <relationType>Parent_News-Child_Media</relationType>
    <treeOrder>1</treeOrder>
  </com.dotmarketing.beans.Tree>
  <com.dotmarketing.beans.Tree>
    <parent>7b22b477-b444-4d4b-b2e4-14ac4f9378e9</parent>
    <child>e0d1ab14-81e2-43cf-a271-4e95dc6c66cd</child>
    <relationType>Products-Youtube</relationType>
    <treeOrder>1</treeOrder>
  </com.dotmarketing.beans.Tree>
  <com.dotmarketing.beans.Tree>
    <parent>dd7b1a72-bf69-49af-af30-cba094b7c2a0</parent>
    <child>34f718fa-55af-46d9-9dac-75cc787a4462</child>
    <relationType>LandingPage-Products</relationType>
    <treeOrder>1</treeOrder>
  </com.dotmarketing.beans.Tree>
  <com.dotmarketing.beans.Tree>
    <parent>dd7b1a72-bf69-49af-af30-cba094b7c2a0</parent>
    <child>35ebe3b1-b735-413f-ac19-217eba4e0da0</child>
    <relationType>LandingPage-Testimonial</relationType>
    <treeOrder>1</treeOrder>
  </com.dotmarketing.beans.Tree>
  <com.dotmarketing.beans.Tree>
    <parent>fa304c5c-0632-4489-a215-8d719da86a10</parent>
    <child>fde01dab-dc5b-49ae-a35a-d348137c7c46</child>
    <relationType>Parent_Location-Child_Employee</relationType>
    <treeOrder>1</treeOrder>
  </com.dotmarketing.beans.Tree>
  <com.dotmarketing.beans.Tree>
    <parent>0c69da5c-2a05-452f-9305-3be6926d5079</parent>
    <child>d55713ee-5988-446c-b309-c1db683613c1</child>
    <relationType>Parent_Location-Child_Employee</relationType>
    <treeOrder>2</treeOrder>
  </com.dotmarketing.beans.Tree>
  <com.dotmarketing.beans.Tree>
    <parent>26020a5c-3b85-4ad8-85e8-0cf2893aedc0</parent>
    <child>7d9a4b49-7e63-48e7-9bbf-c99106942278</child>
    <relationType>Parent_News-Child_Youtube</relationType>
    <treeOrder>2</treeOrder>
  </com.dotmarketing.beans.Tree>
  <com.dotmarketing.beans.Tree>
    <parent>2943b5eb-9105-4dcf-a1c7-87a9d4dc92a6</parent>
    <child>69859f31-0a24-424c-ab6e-f152d8b4a87e</child>
    <relationType>News-Comments</relationType>
    <treeOrder>2</treeOrder>
  </com.dotmarketing.beans.Tree>
  <com.dotmarketing.beans.Tree>
    <parent>4180b269-e59d-40ef-92e1-f50e4806e3ac</parent>
    <child>8beffffd-f917-44c6-9b4d-8db5b8261366</child>
    <relationType>LandingPage-Products</relationType>
    <treeOrder>2</treeOrder>
  </com.dotmarketing.beans.Tree>
  <com.dotmarketing.beans.Tree>
    <parent>4180b269-e59d-40ef-92e1-f50e4806e3ac</parent>
    <child>bcc67eba-94f8-4966-922c-9c0d12c4c049</child>
    <relationType>LandingPage-Testimonial</relationType>
    <treeOrder>2</treeOrder>
  </com.dotmarketing.beans.Tree>
  <com.dotmarketing.beans.Tree>
    <parent>558940cc-9f7b-4a9b-8e27-a8e70c8245e1</parent>
    <child>69aaa4e9-a45a-453b-a29d-c518d64fef66</child>
    <relationType>Parent_Location-Child_Employee</relationType>
    <treeOrder>2</treeOrder>
  </com.dotmarketing.beans.Tree>
  <com.dotmarketing.beans.Tree>
    <parent>6f19f0a0-f407-4f4c-8c01-58daf6659321</parent>
    <child>b0831fcd-5746-4a1d-a388-6bb4172767eb</child>
    <relationType>Parent_Location-Child_Employee</relationType>
    <treeOrder>2</treeOrder>
  </com.dotmarketing.beans.Tree>
  <com.dotmarketing.beans.Tree>
    <parent>784bebeb-ce31-414f-b7e8-41653ea9f195</parent>
    <child>463faa00-f240-46df-b860-4a42500d4c4c</child>
    <relationType>Parent_Location-Child_Employee</relationType>
    <treeOrder>2</treeOrder>
  </com.dotmarketing.beans.Tree>
  <com.dotmarketing.beans.Tree>
    <parent>7a3d042f-aae4-4e60-8385-7fc5320f572f</parent>
    <child>9b81a298-9e18-4f83-9197-9abe0fa4bae1</child>
    <relationType>Parent_News-Child_Media</relationType>
    <treeOrder>2</treeOrder>
  </com.dotmarketing.beans.Tree>
  <com.dotmarketing.beans.Tree>
    <parent>7a3d042f-aae4-4e60-8385-7fc5320f572f</parent>
    <child>9fb81efd-6ddd-404b-987a-016afad54f80</child>
    <relationType>News-Comments</relationType>
    <treeOrder>2</treeOrder>
  </com.dotmarketing.beans.Tree>
  <com.dotmarketing.beans.Tree>
    <parent>a5230cc4-9ca0-4c7c-807a-2decbd320ad8</parent>
    <child>bb9d11fa-8c47-4824-adec-f4339cc00446</child>
    <relationType>Blog-Comments</relationType>
    <treeOrder>2</treeOrder>
  </com.dotmarketing.beans.Tree>
  <com.dotmarketing.beans.Tree>
    <parent>dd7b1a72-bf69-49af-af30-cba094b7c2a0</parent>
    <child>965d407e-dd6d-4e20-9235-16ac41b4ae31</child>
    <relationType>LandingPage-Products</relationType>
    <treeOrder>2</treeOrder>
  </com.dotmarketing.beans.Tree>
  <com.dotmarketing.beans.Tree>
    <parent>dd7b1a72-bf69-49af-af30-cba094b7c2a0</parent>
    <child>bcc67eba-94f8-4966-922c-9c0d12c4c049</child>
    <relationType>LandingPage-Testimonial</relationType>
    <treeOrder>2</treeOrder>
  </com.dotmarketing.beans.Tree>
  <com.dotmarketing.beans.Tree>
    <parent>2943b5eb-9105-4dcf-a1c7-87a9d4dc92a6</parent>
    <child>85c25284-df99-4b37-b52e-d06ccc4eca41</child>
    <relationType>News-Comments</relationType>
    <treeOrder>3</treeOrder>
  </com.dotmarketing.beans.Tree>
  <com.dotmarketing.beans.Tree>
    <parent>4180b269-e59d-40ef-92e1-f50e4806e3ac</parent>
    <child>35ebe3b1-b735-413f-ac19-217eba4e0da0</child>
    <relationType>LandingPage-Testimonial</relationType>
    <treeOrder>3</treeOrder>
  </com.dotmarketing.beans.Tree>
  <com.dotmarketing.beans.Tree>
    <parent>4180b269-e59d-40ef-92e1-f50e4806e3ac</parent>
    <child>ab51ca5b-2045-4a73-8652-718cab15c48e</child>
    <relationType>LandingPage-Products</relationType>
    <treeOrder>3</treeOrder>
  </com.dotmarketing.beans.Tree>
  <com.dotmarketing.beans.Tree>
    <parent>558940cc-9f7b-4a9b-8e27-a8e70c8245e1</parent>
    <child>6339fb04-6b34-4718-af85-99d3e5ff0908</child>
    <relationType>Parent_Location-Child_Employee</relationType>
    <treeOrder>3</treeOrder>
  </com.dotmarketing.beans.Tree>
  <com.dotmarketing.beans.Tree>
    <parent>784bebeb-ce31-414f-b7e8-41653ea9f195</parent>
    <child>18dc9780-66a3-408d-9a80-e8f38392b0c5</child>
    <relationType>Parent_Location-Child_Employee</relationType>
    <treeOrder>3</treeOrder>
  </com.dotmarketing.beans.Tree>
  <com.dotmarketing.beans.Tree>
    <parent>7a3d042f-aae4-4e60-8385-7fc5320f572f</parent>
    <child>23d644ce-1f64-409b-9274-d97c1ce6cc77</child>
    <relationType>News-Comments</relationType>
    <treeOrder>3</treeOrder>
  </com.dotmarketing.beans.Tree>
  <com.dotmarketing.beans.Tree>
    <parent>7a3d042f-aae4-4e60-8385-7fc5320f572f</parent>
    <child>a5ba101f-2834-4f2f-96ad-284907582c15</child>
    <relationType>Parent_News-Child_Media</relationType>
    <treeOrder>3</treeOrder>
  </com.dotmarketing.beans.Tree>
  <com.dotmarketing.beans.Tree>
    <parent>a5230cc4-9ca0-4c7c-807a-2decbd320ad8</parent>
    <child>6347f017-2f0b-4877-b62d-b38373e23d19</child>
    <relationType>Blog-Comments</relationType>
    <treeOrder>3</treeOrder>
  </com.dotmarketing.beans.Tree>
  <com.dotmarketing.beans.Tree>
    <parent>dd7b1a72-bf69-49af-af30-cba094b7c2a0</parent>
    <child>1669dfc9-dcbd-427a-b39e-8cb06bcf7ae8</child>
    <relationType>LandingPage-Products</relationType>
    <treeOrder>3</treeOrder>
  </com.dotmarketing.beans.Tree>
  <com.dotmarketing.beans.Tree>
    <parent>dd7b1a72-bf69-49af-af30-cba094b7c2a0</parent>
    <child>7ea79f31-73f9-44aa-82fd-4f16e23ababb</child>
    <relationType>LandingPage-Testimonial</relationType>
    <treeOrder>3</treeOrder>
  </com.dotmarketing.beans.Tree>
  <com.dotmarketing.beans.Tree>
    <parent>2943b5eb-9105-4dcf-a1c7-87a9d4dc92a6</parent>
    <child>27615708-d2e1-403f-bb7b-3dc07ae02a79</child>
    <relationType>News-Comments</relationType>
    <treeOrder>4</treeOrder>
  </com.dotmarketing.beans.Tree>
  <com.dotmarketing.beans.Tree>
    <parent>4180b269-e59d-40ef-92e1-f50e4806e3ac</parent>
    <child>59cd4d93-3d3d-4be8-809c-4c49869ae649</child>
    <relationType>LandingPage-Products</relationType>
    <treeOrder>4</treeOrder>
  </com.dotmarketing.beans.Tree>
  <com.dotmarketing.beans.Tree>
    <parent>784bebeb-ce31-414f-b7e8-41653ea9f195</parent>
    <child>ad86c3e7-af98-425c-af84-85963367c19a</child>
    <relationType>Parent_Location-Child_Employee</relationType>
    <treeOrder>4</treeOrder>
  </com.dotmarketing.beans.Tree>
  <com.dotmarketing.beans.Tree>
    <parent>dd7b1a72-bf69-49af-af30-cba094b7c2a0</parent>
    <child>5843f708-b010-4d45-879c-bd892cfa3cb7</child>
    <relationType>LandingPage-Products</relationType>
    <treeOrder>4</treeOrder>
  </com.dotmarketing.beans.Tree>
</list>