<list>
  <com.dotmarketing.beans.Identifier>
    <id>d207a04c-66f1-4325-8e6c-d218c9140b1e</id>
    <assetName>profile-male.png</assetName>
    <assetType>contentlet</assetType>
    <parentPath>/images/icons/</parentPath>
    <hostId>48190c8c-42c4-46af-8d1a-0cd5db894797</hostId>
  </com.dotmarketing.beans.Identifier>
  <com.dotmarketing.beans.Identifier>
    <id>fc4085bb-4568-4da9-9aa0-4290a8a0fca9</id>
    <assetName>profile-female.png</assetName>
    <assetType>contentlet</assetType>
    <parentPath>/images/icons/</parentPath>
    <hostId>48190c8c-42c4-46af-8d1a-0cd5db894797</hostId>
  </com.dotmarketing.beans.Identifier>
  <com.dotmarketing.beans.Identifier>
    <id>fee0b30a-112e-471f-ad7a-9a37cf4b01b1</id>
    <assetName>loader.gif</assetName>
    <assetType>contentlet</assetType>
    <parentPath>/images/icons/</parentPath>
    <hostId>48190c8c-42c4-46af-8d1a-0cd5db894797</hostId>
  </com.dotmarketing.beans.Identifier>
  <com.dotmarketing.beans.Identifier>
    <id>1e5e88cf-f5d5-4ff5-ae46-e18b0b67c15a</id>
    <assetName>mobile-promo.png</assetName>
    <assetType>contentlet</assetType>
    <parentPath>/images/photos/</parentPath>
    <hostId>48190c8c-42c4-46af-8d1a-0cd5db894797</hostId>
  </com.dotmarketing.beans.Identifier>
  <com.dotmarketing.beans.Identifier>
    <id>361e8c5a-d6b3-476e-bc21-08d1dd7e8620</id>
    <assetName>49daaf40-4afc-11e4-b184-416072d913a2_jobstats3.jpg</assetName>
    <assetType>contentlet</assetType>
    <parentPath>/images/photos/</parentPath>
    <hostId>48190c8c-42c4-46af-8d1a-0cd5db894797</hostId>
  </com.dotmarketing.beans.Identifier>
  <com.dotmarketing.beans.Identifier>
    <id>461b2fa3-fb97-442e-b9ca-19e96d683f65</id>
    <assetName>the-gherkin-london-england.jpg</assetName>
    <assetType>contentlet</assetType>
    <parentPath>/images/photos/</parentPath>
    <hostId>48190c8c-42c4-46af-8d1a-0cd5db894797</hostId>
  </com.dotmarketing.beans.Identifier>
  <com.dotmarketing.beans.Identifier>
    <id>8d567c31-3a69-45a1-b6ab-151772927cc3</id>
    <assetName>app-promo.jpg</assetName>
    <assetType>contentlet</assetType>
    <parentPath>/images/photos/</parentPath>
    <hostId>48190c8c-42c4-46af-8d1a-0cd5db894797</hostId>
  </com.dotmarketing.beans.Identifier>
  <com.dotmarketing.beans.Identifier>
    <id>9825d1e6-c89f-4110-af92-a242bb42345b</id>
    <assetName>26b05a7152c1256738b3bfa5399c244b.jpg</assetName>
    <assetType>contentlet</assetType>
    <parentPath>/images/photos/</parentPath>
    <hostId>48190c8c-42c4-46af-8d1a-0cd5db894797</hostId>
  </com.dotmarketing.beans.Identifier>
  <com.dotmarketing.beans.Identifier>
    <id>14e4c36d-2fa5-4556-8c03-81c19c884437</id>
    <assetName>documents</assetName>
    <assetType>folder</assetType>
    <parentPath>/intranet/</parentPath>
    <hostId>48190c8c-42c4-46af-8d1a-0cd5db894797</hostId>
  </com.dotmarketing.beans.Identifier>
  <com.dotmarketing.beans.Identifier>
    <id>2c86ef5a-fcfe-441e-990f-20a87cd85aa2</id>
    <assetName>index</assetName>
    <assetType>contentlet</assetType>
    <parentPath>/intranet/</parentPath>
    <hostId>48190c8c-42c4-46af-8d1a-0cd5db894797</hostId>
  </com.dotmarketing.beans.Identifier>
  <com.dotmarketing.beans.Identifier>
    <id>2ed7b252-50b2-43a8-a459-8a2245c37164</id>
    <assetName>products</assetName>
    <assetType>folder</assetType>
    <parentPath>/intranet/</parentPath>
    <hostId>48190c8c-42c4-46af-8d1a-0cd5db894797</hostId>
  </com.dotmarketing.beans.Identifier>
  <com.dotmarketing.beans.Identifier>
    <id>7a3d042f-aae4-4e60-8385-7fc5320f572f</id>
    <assetName>7a3d042f-aae4-4e60-8385-7fc5320f572f.content</assetName>
    <assetType>contentlet</assetType>
    <parentPath>/intranet/</parentPath>
    <hostId>48190c8c-42c4-46af-8d1a-0cd5db894797</hostId>
    <sysPublishDate class="sql-timestamp">2013-02-07 21:08:00.0</sysPublishDate>
    <sysExpireDate class="sql-timestamp">2018-02-07 21:08:00.0</sysExpireDate>
  </com.dotmarketing.beans.Identifier>
  <com.dotmarketing.beans.Identifier>
    <id>8970b015-175e-4703-91c8-c8ed27f307fc</id>
    <assetName>news</assetName>
    <assetType>folder</assetType>
    <parentPath>/intranet/</parentPath>
    <hostId>48190c8c-42c4-46af-8d1a-0cd5db894797</hostId>
  </com.dotmarketing.beans.Identifier>
  <com.dotmarketing.beans.Identifier>
    <id>a319c9bd-1b50-46a9-9c3a-449ea58e400f</id>
    <assetName>920c90a3-d26e-4350-8360-58fbf2bc0fd9</assetName>
    <assetType>links</assetType>
    <parentPath>/intranet/</parentPath>
    <hostId>48190c8c-42c4-46af-8d1a-0cd5db894797</hostId>
  </com.dotmarketing.beans.Identifier>
  <com.dotmarketing.beans.Identifier>
    <id>07f49129-a5cb-4956-a23b-f9dce15580d0</id>
    <assetName>mortgage-rates-new-lows.pdf</assetName>
    <assetType>contentlet</assetType>
    <parentPath>/intranet/documents/</parentPath>
    <hostId>48190c8c-42c4-46af-8d1a-0cd5db894797</hostId>
  </com.dotmarketing.beans.Identifier>
  <com.dotmarketing.beans.Identifier>
    <id>1f15cdfd-c308-4c43-82a6-79f54e890973</id>
    <assetName>inventoryreporttoolkit_core_03302009.xls</assetName>
    <assetType>contentlet</assetType>
    <parentPath>/intranet/documents/</parentPath>
    <hostId>48190c8c-42c4-46af-8d1a-0cd5db894797</hostId>
  </com.dotmarketing.beans.Identifier>
  <com.dotmarketing.beans.Identifier>
    <id>76ec005e-bc61-4587-8818-a9ce6d846522</id>
    <assetName>quest-inventory-report.xls</assetName>
    <assetType>contentlet</assetType>
    <parentPath>/intranet/documents/</parentPath>
    <hostId>48190c8c-42c4-46af-8d1a-0cd5db894797</hostId>
  </com.dotmarketing.beans.Identifier>
  <com.dotmarketing.beans.Identifier>
    <id>835fcd71-54df-408d-b32c-60dd3dd9aaf3</id>
    <assetName>bear-market.mp4</assetName>
    <assetType>contentlet</assetType>
    <parentPath>/intranet/documents/</parentPath>
    <hostId>48190c8c-42c4-46af-8d1a-0cd5db894797</hostId>
  </com.dotmarketing.beans.Identifier>
  <com.dotmarketing.beans.Identifier>
    <id>9028c612-b522-4759-a48a-89591b5f3b88</id>
    <assetName>global-central-banks.pdf</assetName>
    <assetType>contentlet</assetType>
    <parentPath>/intranet/documents/</parentPath>
    <hostId>48190c8c-42c4-46af-8d1a-0cd5db894797</hostId>
  </com.dotmarketing.beans.Identifier>
  <com.dotmarketing.beans.Identifier>
    <id>def22a27-f841-4788-988c-d37e09dafbe2</id>
    <assetName>malware-attack-threatens.pdf</assetName>
    <assetType>contentlet</assetType>
    <parentPath>/intranet/documents/</parentPath>
    <hostId>48190c8c-42c4-46af-8d1a-0cd5db894797</hostId>
  </com.dotmarketing.beans.Identifier>
  <com.dotmarketing.beans.Identifier>
    <id>e28708f8-e296-4995-be50-763649c6fbd4</id>
    <assetName>wpsrsummary.pdf</assetName>
    <assetType>contentlet</assetType>
    <parentPath>/intranet/documents/</parentPath>
    <hostId>48190c8c-42c4-46af-8d1a-0cd5db894797</hostId>
  </com.dotmarketing.beans.Identifier>
  <com.dotmarketing.beans.Identifier>
    <id>57680245-ba1f-429a-88b6-daa27d3d7eb6</id>
    <assetName>index</assetName>
    <assetType>contentlet</assetType>
    <parentPath>/intranet/news/</parentPath>
    <hostId>48190c8c-42c4-46af-8d1a-0cd5db894797</hostId>
  </com.dotmarketing.beans.Identifier>
  <com.dotmarketing.beans.Identifier>
    <id>7e84570b-ab74-4023-9e04-bccff3f0d180</id>
    <assetName>index</assetName>
    <assetType>contentlet</assetType>
    <parentPath>/intranet/products/</parentPath>
    <hostId>48190c8c-42c4-46af-8d1a-0cd5db894797</hostId>
  </com.dotmarketing.beans.Identifier>
  <com.dotmarketing.beans.Identifier>
    <id>82f833f9-e825-4cfd-ab6a-786637c772c4</id>
    <assetName>news</assetName>
    <assetType>folder</assetType>
    <parentPath>/news-events/</parentPath>
    <hostId>48190c8c-42c4-46af-8d1a-0cd5db894797</hostId>
  </com.dotmarketing.beans.Identifier>
  <com.dotmarketing.beans.Identifier>
    <id>9dbaa2c3-92e6-466b-b82b-27fa62c0c1f5</id>
    <assetName>events</assetName>
    <assetType>folder</assetType>
    <parentPath>/news-events/</parentPath>
    <hostId>48190c8c-42c4-46af-8d1a-0cd5db894797</hostId>
  </com.dotmarketing.beans.Identifier>
  <com.dotmarketing.beans.Identifier>
    <id>8aff34ed-d163-4311-9712-9b74e51e0044</id>
    <assetName>event-detail</assetName>
    <assetType>contentlet</assetType>
    <parentPath>/news-events/events/</parentPath>
    <hostId>48190c8c-42c4-46af-8d1a-0cd5db894797</hostId>
  </com.dotmarketing.beans.Identifier>
  <com.dotmarketing.beans.Identifier>
    <id>a9aaca31-e460-45f3-a150-2c709796362d</id>
    <assetName>index</assetName>
    <assetType>contentlet</assetType>
    <parentPath>/news-events/events/</parentPath>
    <hostId>48190c8c-42c4-46af-8d1a-0cd5db894797</hostId>
  </com.dotmarketing.beans.Identifier>
  <com.dotmarketing.beans.Identifier>
    <id>63d655b2-ae21-4461-85a0-4993f450cfa7</id>
    <assetName>news-rss</assetName>
    <assetType>contentlet</assetType>
    <parentPath>/news-events/news/</parentPath>
    <hostId>48190c8c-42c4-46af-8d1a-0cd5db894797</hostId>
  </com.dotmarketing.beans.Identifier>
  <com.dotmarketing.beans.Identifier>
    <id>7621ce00-9b72-476d-b201-3b195f92a66f</id>
    <assetName>news-detail</assetName>
    <assetType>contentlet</assetType>
    <parentPath>/news-events/news/</parentPath>
    <hostId>48190c8c-42c4-46af-8d1a-0cd5db894797</hostId>
  </com.dotmarketing.beans.Identifier>
  <com.dotmarketing.beans.Identifier>
    <id>8a1b7209-c6e8-43a7-b66f-7f59f493ae4f</id>
    <assetName>news-details-2</assetName>
    <assetType>contentlet</assetType>
    <parentPath>/news-events/news/</parentPath>
    <hostId>48190c8c-42c4-46af-8d1a-0cd5db894797</hostId>
  </com.dotmarketing.beans.Identifier>
  <com.dotmarketing.beans.Identifier>
    <id>dc9d1fcc-a499-44d8-a7f2-397f3da360b6</id>
    <assetName>index</assetName>
    <assetType>contentlet</assetType>
    <parentPath>/news-events/news/</parentPath>
    <hostId>48190c8c-42c4-46af-8d1a-0cd5db894797</hostId>
  </com.dotmarketing.beans.Identifier>
  <com.dotmarketing.beans.Identifier>
    <id>4b64a746-9df0-4e32-bae2-1cb9b7e6dea7</id>
    <assetName>detail</assetName>
    <assetType>contentlet</assetType>
    <parentPath>/products/</parentPath>
    <hostId>48190c8c-42c4-46af-8d1a-0cd5db894797</hostId>
  </com.dotmarketing.beans.Identifier>
  <com.dotmarketing.beans.Identifier>
    <id>e476a7f6-d252-4a47-be8a-6de4c5d4cc4b</id>
    <assetName>index</assetName>
    <assetType>contentlet</assetType>
    <parentPath>/products/</parentPath>
    <hostId>48190c8c-42c4-46af-8d1a-0cd5db894797</hostId>
  </com.dotmarketing.beans.Identifier>
  <com.dotmarketing.beans.Identifier>
    <id>14343a01-11c1-4d98-a2a1-2fc8cfcd92ea</id>
    <assetName>42401fdc-90bd-4354-9db6-3ed7148c8a3c</assetName>
    <assetType>links</assetType>
    <parentPath>/resources/</parentPath>
    <hostId>48190c8c-42c4-46af-8d1a-0cd5db894797</hostId>
  </com.dotmarketing.beans.Identifier>
  <com.dotmarketing.beans.Identifier>
    <id>1f5559e3-df40-4032-887e-b1aa02d59021</id>
    <assetName>index</assetName>
    <assetType>contentlet</assetType>
    <parentPath>/resources/</parentPath>
    <hostId>48190c8c-42c4-46af-8d1a-0cd5db894797</hostId>
  </com.dotmarketing.beans.Identifier>
  <com.dotmarketing.beans.Identifier>
    <id>25359fb7-44c4-4538-803b-276a8588a5b1</id>
    <assetName>res-documents</assetName>
    <assetType>folder</assetType>
    <parentPath>/resources/</parentPath>
    <hostId>48190c8c-42c4-46af-8d1a-0cd5db894797</hostId>
  </com.dotmarketing.beans.Identifier>
  <com.dotmarketing.beans.Identifier>
    <id>4ddafa95-0089-4f29-8226-653338f9811a</id>
    <assetName>res-images</assetName>
    <assetType>folder</assetType>
    <parentPath>/resources/</parentPath>
    <hostId>48190c8c-42c4-46af-8d1a-0cd5db894797</hostId>
  </com.dotmarketing.beans.Identifier>
  <com.dotmarketing.beans.Identifier>
    <id>5d65a89d-870d-431e-848f-067ad7c08585</id>
    <assetName>res-videos</assetName>
    <assetType>folder</assetType>
    <parentPath>/resources/</parentPath>
    <hostId>48190c8c-42c4-46af-8d1a-0cd5db894797</hostId>
  </com.dotmarketing.beans.Identifier>
  <com.dotmarketing.beans.Identifier>
    <id>8dac83a5-4a32-4786-bbe4-f09192a1ad77</id>
    <assetName>images</assetName>
    <assetType>contentlet</assetType>
    <parentPath>/resources/</parentPath>
    <hostId>48190c8c-42c4-46af-8d1a-0cd5db894797</hostId>
  </com.dotmarketing.beans.Identifier>
  <com.dotmarketing.beans.Identifier>
    <id>a3230fc8-5fbb-43a2-9d58-bf352f0971cc</id>
    <assetName>upload-document</assetName>
    <assetType>contentlet</assetType>
    <parentPath>/resources/</parentPath>
    <hostId>48190c8c-42c4-46af-8d1a-0cd5db894797</hostId>
  </com.dotmarketing.beans.Identifier>
  <com.dotmarketing.beans.Identifier>
    <id>b12f30da-0f0c-4376-88a0-a17d1ffe39f9</id>
    <assetName>7344d060-4493-40f6-83c5-dd88469419ec</assetName>
    <assetType>links</assetType>
    <parentPath>/resources/</parentPath>
    <hostId>48190c8c-42c4-46af-8d1a-0cd5db894797</hostId>
  </com.dotmarketing.beans.Identifier>
  <com.dotmarketing.beans.Identifier>
    <id>c308f4bb-77d0-4735-a84b-21d7af8d2604</id>
    <assetName>document-detail</assetName>
    <assetType>contentlet</assetType>
    <parentPath>/resources/</parentPath>
    <hostId>48190c8c-42c4-46af-8d1a-0cd5db894797</hostId>
  </com.dotmarketing.beans.Identifier>
  <com.dotmarketing.beans.Identifier>
    <id>d2f7edd9-5dcf-4125-9a2a-1a3464066994</id>
    <assetName>videos</assetName>
    <assetType>contentlet</assetType>
    <parentPath>/resources/</parentPath>
    <hostId>48190c8c-42c4-46af-8d1a-0cd5db894797</hostId>
  </com.dotmarketing.beans.Identifier>
  <com.dotmarketing.beans.Identifier>
    <id>ff94209a-7b31-4cfe-87a8-42c1c286299e</id>
    <assetName>ff94209a-7b31-4cfe-87a8-42c1c286299e.content</assetName>
    <assetType>contentlet</assetType>
    <parentPath>/resources/</parentPath>
    <hostId>48190c8c-42c4-46af-8d1a-0cd5db894797</hostId>
  </com.dotmarketing.beans.Identifier>
  <com.dotmarketing.beans.Identifier>
    <id>296400d4-1411-49cb-9757-048ac20496ff</id>
    <assetName>photoshop-keyboard-shortcuts.pdf</assetName>
    <assetType>contentlet</assetType>
    <parentPath>/resources/res-documents/</parentPath>
    <hostId>48190c8c-42c4-46af-8d1a-0cd5db894797</hostId>
  </com.dotmarketing.beans.Identifier>
  <com.dotmarketing.beans.Identifier>
    <id>2bd9e1c6-36cb-4ec9-9156-8738585ceafb</id>
    <assetName>html5.ppt</assetName>
    <assetType>contentlet</assetType>
    <parentPath>/resources/res-documents/</parentPath>
    <hostId>48190c8c-42c4-46af-8d1a-0cd5db894797</hostId>
  </com.dotmarketing.beans.Identifier>
  <com.dotmarketing.beans.Identifier>
    <id>6d3ce3c7-f798-4297-9df9-68d64ce08e86</id>
    <assetName>photoshop-cheatsheet-mac.pdf</assetName>
    <assetType>contentlet</assetType>
    <parentPath>/resources/res-documents/</parentPath>
    <hostId>48190c8c-42c4-46af-8d1a-0cd5db894797</hostId>
  </com.dotmarketing.beans.Identifier>
  <com.dotmarketing.beans.Identifier>
    <id>6e6bcd92-2405-440f-9159-14dcbf0bc097</id>
    <assetName>photoshop-cheatsheet-pc.pdf</assetName>
    <assetType>contentlet</assetType>
    <parentPath>/resources/res-documents/</parentPath>
    <hostId>48190c8c-42c4-46af-8d1a-0cd5db894797</hostId>
  </com.dotmarketing.beans.Identifier>
  <com.dotmarketing.beans.Identifier>
    <id>75f2a545-6faf-4bf0-8083-ea4356db9a16</id>
    <assetName>timesheet.xlsx</assetName>
    <assetType>contentlet</assetType>
    <parentPath>/resources/res-documents/</parentPath>
    <hostId>48190c8c-42c4-46af-8d1a-0cd5db894797</hostId>
  </com.dotmarketing.beans.Identifier>
  <com.dotmarketing.beans.Identifier>
    <id>96b84520-40d2-4990-850a-67dac1839bae</id>
    <assetName>photoshop-cs5-cheatsheet.pdf</assetName>
    <assetType>contentlet</assetType>
    <parentPath>/resources/res-documents/</parentPath>
    <hostId>48190c8c-42c4-46af-8d1a-0cd5db894797</hostId>
  </com.dotmarketing.beans.Identifier>
  <com.dotmarketing.beans.Identifier>
    <id>accd72e9-ae81-4cb8-9258-68326298e476</id>
    <assetName>dotcmscheatsheet.pdf</assetName>
    <assetType>contentlet</assetType>
    <parentPath>/resources/res-documents/</parentPath>
    <hostId>48190c8c-42c4-46af-8d1a-0cd5db894797</hostId>
  </com.dotmarketing.beans.Identifier>
  <com.dotmarketing.beans.Identifier>
    <id>01ea1a48-485f-4535-b493-4ef5d4310776</id>
    <assetName>sample-image3.jpg</assetName>
    <assetType>contentlet</assetType>
    <parentPath>/resources/res-images/</parentPath>
    <hostId>48190c8c-42c4-46af-8d1a-0cd5db894797</hostId>
  </com.dotmarketing.beans.Identifier>
  <com.dotmarketing.beans.Identifier>
    <id>1e9ade86-2112-494e-bed0-e0ad83ceb813</id>
    <assetName>viscaya-015.jpg</assetName>
    <assetType>contentlet</assetType>
    <parentPath>/resources/res-images/</parentPath>
    <hostId>48190c8c-42c4-46af-8d1a-0cd5db894797</hostId>
  </com.dotmarketing.beans.Identifier>
  <com.dotmarketing.beans.Identifier>
    <id>20218a66-c8d4-481d-a4db-6e247d6d6c04</id>
    <assetName>sample-image1.jpg</assetName>
    <assetType>contentlet</assetType>
    <parentPath>/resources/res-images/</parentPath>
    <hostId>48190c8c-42c4-46af-8d1a-0cd5db894797</hostId>
  </com.dotmarketing.beans.Identifier>
  <com.dotmarketing.beans.Identifier>
    <id>2f288ce0-b693-453f-838c-28ac28e6d870</id>
    <assetName>superhero-boy.jpeg</assetName>
    <assetType>contentlet</assetType>
    <parentPath>/resources/res-images/</parentPath>
    <hostId>48190c8c-42c4-46af-8d1a-0cd5db894797</hostId>
  </com.dotmarketing.beans.Identifier>
  <com.dotmarketing.beans.Identifier>
    <id>6f362145-db0f-4c79-9101-751c6df5f65d</id>
    <assetName>sample-image2.jpg</assetName>
    <assetType>contentlet</assetType>
    <parentPath>/resources/res-images/</parentPath>
    <hostId>48190c8c-42c4-46af-8d1a-0cd5db894797</hostId>
  </com.dotmarketing.beans.Identifier>
  <com.dotmarketing.beans.Identifier>
    <id>6f6080e6-abed-4461-a4b8-ab46f92fff3e</id>
    <assetName>rome2.jpg</assetName>
    <assetType>contentlet</assetType>
    <parentPath>/resources/res-images/</parentPath>
    <hostId>48190c8c-42c4-46af-8d1a-0cd5db894797</hostId>
  </com.dotmarketing.beans.Identifier>
  <com.dotmarketing.beans.Identifier>
    <id>7c38edaa-66cc-416c-a14c-f407fb58165f</id>
    <assetName>custom_house.jpg</assetName>
    <assetType>contentlet</assetType>
    <parentPath>/resources/res-images/</parentPath>
    <hostId>48190c8c-42c4-46af-8d1a-0cd5db894797</hostId>
  </com.dotmarketing.beans.Identifier>
  <com.dotmarketing.beans.Identifier>
    <id>800dedcc-7fe8-475d-8dbf-7842b8b4c50c</id>
    <assetName>2012-ferrari-599xx-evoluzione.jpeg</assetName>
    <assetType>contentlet</assetType>
    <parentPath>/resources/res-images/</parentPath>
    <hostId>48190c8c-42c4-46af-8d1a-0cd5db894797</hostId>
  </com.dotmarketing.beans.Identifier>
  <com.dotmarketing.beans.Identifier>
    <id>81ec3404-3610-432e-9f48-926a6ee8e40e</id>
    <assetName>rome1.jpg</assetName>
    <assetType>contentlet</assetType>
    <parentPath>/resources/res-images/</parentPath>
    <hostId>48190c8c-42c4-46af-8d1a-0cd5db894797</hostId>
  </com.dotmarketing.beans.Identifier>
  <com.dotmarketing.beans.Identifier>
    <id>8b74c8dd-94bb-4ae7-a9b6-fb6b4b44d36f</id>
    <assetName>kim-holtermand-reflections-2560x1440.jpg</assetName>
    <assetType>contentlet</assetType>
    <parentPath>/resources/res-images/</parentPath>
    <hostId>48190c8c-42c4-46af-8d1a-0cd5db894797</hostId>
  </com.dotmarketing.beans.Identifier>
  <com.dotmarketing.beans.Identifier>
    <id>9e885f4d-1295-4167-975b-afdab2029025</id>
    <assetName>the-musee-du-louvre.jpg</assetName>
    <assetType>contentlet</assetType>
    <parentPath>/resources/res-images/</parentPath>
    <hostId>48190c8c-42c4-46af-8d1a-0cd5db894797</hostId>
  </com.dotmarketing.beans.Identifier>
  <com.dotmarketing.beans.Identifier>
    <id>bf178bf9-9d8e-4580-8858-56361f586a7d</id>
    <assetName>rome3.jpg</assetName>
    <assetType>contentlet</assetType>
    <parentPath>/resources/res-images/</parentPath>
    <hostId>48190c8c-42c4-46af-8d1a-0cd5db894797</hostId>
  </com.dotmarketing.beans.Identifier>
  <com.dotmarketing.beans.Identifier>
    <id>c4f6c493-ff6d-4531-949c-5c5ee3c53729</id>
    <assetName>rome4.jpg</assetName>
    <assetType>contentlet</assetType>
    <parentPath>/resources/res-images/</parentPath>
    <hostId>48190c8c-42c4-46af-8d1a-0cd5db894797</hostId>
  </com.dotmarketing.beans.Identifier>
  <com.dotmarketing.beans.Identifier>
    <id>c55c86f9-e5f4-4141-965e-5dd168a613ae</id>
    <assetName>keystone.jpg</assetName>
    <assetType>contentlet</assetType>
    <parentPath>/resources/res-images/</parentPath>
    <hostId>48190c8c-42c4-46af-8d1a-0cd5db894797</hostId>
  </com.dotmarketing.beans.Identifier>
  <com.dotmarketing.beans.Identifier>
    <id>d96c69be-b754-4487-a206-b7ec2258b510</id>
    <assetName>content.a5fee6d4-68dd-4783-ab32-01fca0934e4a</assetName>
    <assetType>contentlet</assetType>
    <parentPath>/resources/res-images/</parentPath>
    <hostId>48190c8c-42c4-46af-8d1a-0cd5db894797</hostId>
  </com.dotmarketing.beans.Identifier>
  <com.dotmarketing.beans.Identifier>
    <id>e4cf1c54-e92d-4b37-a929-fbf5a3ce8e8f</id>
    <assetName>sample-image4.jpg</assetName>
    <assetType>contentlet</assetType>
    <parentPath>/resources/res-images/</parentPath>
    <hostId>48190c8c-42c4-46af-8d1a-0cd5db894797</hostId>
  </com.dotmarketing.beans.Identifier>
  <com.dotmarketing.beans.Identifier>
    <id>ea133ac8-79af-4381-a859-8b7e52457898</id>
    <assetName>eiffel-tower.jpg</assetName>
    <assetType>contentlet</assetType>
    <parentPath>/resources/res-images/</parentPath>
    <hostId>48190c8c-42c4-46af-8d1a-0cd5db894797</hostId>
  </com.dotmarketing.beans.Identifier>
  <com.dotmarketing.beans.Identifier>
    <id>f60ed48b-1f5f-4a7b-b4b0-f5a857b41e6a</id>
    <assetName>sample-image5.jpg</assetName>
    <assetType>contentlet</assetType>
    <parentPath>/resources/res-images/</parentPath>
    <hostId>48190c8c-42c4-46af-8d1a-0cd5db894797</hostId>
  </com.dotmarketing.beans.Identifier>
  <com.dotmarketing.beans.Identifier>
    <id>f84b65a4-f636-485b-a9da-e465510f10e2</id>
    <assetName>content.69e2b8f3-c856-4c92-b639-22ba8dcf4146</assetName>
    <assetType>contentlet</assetType>
    <parentPath>/resources/res-images/</parentPath>
    <hostId>48190c8c-42c4-46af-8d1a-0cd5db894797</hostId>
  </com.dotmarketing.beans.Identifier>
  <com.dotmarketing.beans.Identifier>
    <id>ff005897-0d4d-4198-8711-0f02c6b53646</id>
    <assetName>musee-du-louvre.jpg</assetName>
    <assetType>contentlet</assetType>
    <parentPath>/resources/res-images/</parentPath>
    <hostId>48190c8c-42c4-46af-8d1a-0cd5db894797</hostId>
  </com.dotmarketing.beans.Identifier>
  <com.dotmarketing.beans.Identifier>
    <id>8e8228b0-ef8f-4d51-b37a-8cd1edc6934f</id>
    <assetName>sheep.ogv</assetName>
    <assetType>contentlet</assetType>
    <parentPath>/resources/res-videos/</parentPath>
    <hostId>48190c8c-42c4-46af-8d1a-0cd5db894797</hostId>
  </com.dotmarketing.beans.Identifier>
  <com.dotmarketing.beans.Identifier>
    <id>cd5e13f2-507a-446c-81d0-c1748330344a</id>
    <assetName>happyfit2.mp4</assetName>
    <assetType>contentlet</assetType>
    <parentPath>/resources/res-videos/</parentPath>
    <hostId>48190c8c-42c4-46af-8d1a-0cd5db894797</hostId>
  </com.dotmarketing.beans.Identifier>
  <com.dotmarketing.beans.Identifier>
    <id>34d7d7ae-f62f-4ad8-85fd-2d390300eb4f</id>
    <assetName>wealth-managers</assetName>
    <assetType>folder</assetType>
    <parentPath>/services/</parentPath>
    <hostId>48190c8c-42c4-46af-8d1a-0cd5db894797</hostId>
  </com.dotmarketing.beans.Identifier>
  <com.dotmarketing.beans.Identifier>
    <id>4cd6081f-e93e-4647-9759-3185a8de8807</id>
    <assetName>global-investors</assetName>
    <assetType>contentlet</assetType>
    <parentPath>/services/</parentPath>
    <hostId>48190c8c-42c4-46af-8d1a-0cd5db894797</hostId>
  </com.dotmarketing.beans.Identifier>
  <com.dotmarketing.beans.Identifier>
    <id>a108547e-107e-4f9a-a52c-c956621f0995</id>
    <assetName>first-time-investors</assetName>
    <assetType>contentlet</assetType>
    <parentPath>/services/</parentPath>
    <hostId>48190c8c-42c4-46af-8d1a-0cd5db894797</hostId>
  </com.dotmarketing.beans.Identifier>
  <com.dotmarketing.beans.Identifier>
    <id>bb7ca6fc-5025-4268-aca5-c077ed1e532a</id>
    <assetName>retirees</assetName>
    <assetType>contentlet</assetType>
    <parentPath>/services/</parentPath>
    <hostId>48190c8c-42c4-46af-8d1a-0cd5db894797</hostId>
  </com.dotmarketing.beans.Identifier>
  <com.dotmarketing.beans.Identifier>
    <id>88b2b481-6a88-4022-b71f-518aa7335ea0</id>
    <assetName>index</assetName>
    <assetType>contentlet</assetType>
    <parentPath>/services/wealth-managers/</parentPath>
    <hostId>48190c8c-42c4-46af-8d1a-0cd5db894797</hostId>
  </com.dotmarketing.beans.Identifier>
  <com.dotmarketing.beans.Identifier>
    <id>a882178f-0433-4404-881e-c30634362517</id>
    <assetName>for-everyone-else</assetName>
    <assetType>contentlet</assetType>
    <parentPath>/services/wealth-managers/</parentPath>
    <hostId>48190c8c-42c4-46af-8d1a-0cd5db894797</hostId>
  </com.dotmarketing.beans.Identifier>
  <com.dotmarketing.beans.Identifier>
    <id>cebbdee0-82f8-4fe0-a08d-9326542c1651</id>
    <assetName>for-the-1-percent</assetName>
    <assetType>contentlet</assetType>
    <parentPath>/services/wealth-managers/</parentPath>
    <hostId>48190c8c-42c4-46af-8d1a-0cd5db894797</hostId>
  </com.dotmarketing.beans.Identifier>
  <com.dotmarketing.beans.Identifier>
    <id>bc9a1d37-dd2d-4d49-a29d-0c9be740bfaf</id>
    <assetName>system folder</assetName>
    <assetType>folder</assetType>
    <parentPath>/System folder</parentPath>
    <hostId>SYSTEM_HOST</hostId>
  </com.dotmarketing.beans.Identifier>
</list>