<list>
  <com.dotmarketing.portlets.links.model.Link>
    <iDate class="sql-timestamp">2015-02-05 02:41:50.271</iDate>
    <type>links</type>
    <inode>b1bb57cf-6f98-486d-a3b9-83f96d3dab22</inode>
    <identifier>4d7112b5-3efe-40b0-acff-912cc44b483e</identifier>
    <title>One-Pagers</title>
    <friendlyName></friendlyName>
    <modDate class="sql-timestamp">2015-02-05 02:41:50.285</modDate>
    <modUser>dotcms.org.1</modUser>
    <sortOrder>3</sortOrder>
    <showOnMenu>true</showOnMenu>
    <parent></parent>
    <protocal></protocal>
    <url>/bear-mountain/</url>
    <target></target>
    <internalLinkIdentifier></internalLinkIdentifier>
    <linkType>EXTERNAL</linkType>
    <linkCode></linkCode>
  </com.dotmarketing.portlets.links.model.Link>
  <com.dotmarketing.portlets.links.model.Link>
    <iDate class="sql-timestamp">2014-08-25 16:35:55.705</iDate>
    <type>links</type>
    <inode>290a232f-f1de-4618-b4a3-f100e2ec0144</inode>
    <identifier>a319c9bd-1b50-46a9-9c3a-449ea58e400f</identifier>
    <title>My Account</title>
    <friendlyName></friendlyName>
    <modDate class="sql-timestamp">2014-08-25 16:35:55.718</modDate>
    <modUser>dotcms.org.1</modUser>
    <sortOrder>2</sortOrder>
    <showOnMenu>true</showOnMenu>
    <parent></parent>
    <protocal></protocal>
    <url>/dotCMS/myAccount</url>
    <target>_self</target>
    <internalLinkIdentifier></internalLinkIdentifier>
    <linkType>EXTERNAL</linkType>
    <linkCode></linkCode>
  </com.dotmarketing.portlets.links.model.Link>
  <com.dotmarketing.portlets.links.model.Link>
    <iDate class="sql-timestamp">2014-10-02 13:56:39.337</iDate>
    <type>links</type>
    <inode>68659046-6baf-4e61-b34c-98ca9b6f8e41</inode>
    <identifier>b12f30da-0f0c-4376-88a0-a17d1ffe39f9</identifier>
    <title>Intranet</title>
    <friendlyName>Intranet</friendlyName>
    <modDate class="sql-timestamp">2014-10-02 13:56:39.588</modDate>
    <modUser>dotcms.org.1</modUser>
    <sortOrder>4</sortOrder>
    <showOnMenu>true</showOnMenu>
    <parent></parent>
    <protocal></protocal>
    <url>/intranet/</url>
    <target></target>
    <internalLinkIdentifier></internalLinkIdentifier>
    <linkType>EXTERNAL</linkType>
    <linkCode>&lt;a href=&quot;/dotCMS/login?referrer=/intranet/&quot;&gt;Intranet&lt;/a&gt;</linkCode>
  </com.dotmarketing.portlets.links.model.Link>
  <com.dotmarketing.portlets.links.model.Link>
    <iDate class="sql-timestamp">2015-02-05 02:39:37.218</iDate>
    <type>links</type>
    <inode>32d4669c-0c9e-422a-871a-4babe5d1bb3d</inode>
    <identifier>14343a01-11c1-4d98-a2a1-2fc8cfcd92ea</identifier>
    <title>Blog</title>
    <friendlyName>Team Blog</friendlyName>
    <modDate class="sql-timestamp">2015-02-05 02:39:37.232</modDate>
    <modUser>dotcms.org.1</modUser>
    <sortOrder>3</sortOrder>
    <showOnMenu>true</showOnMenu>
    <parent></parent>
    <protocal></protocal>
    <url>/blogs/</url>
    <target></target>
    <internalLinkIdentifier></internalLinkIdentifier>
    <linkType>EXTERNAL</linkType>
    <linkCode></linkCode>
  </com.dotmarketing.portlets.links.model.Link>
</list>