<list>
  <com.dotmarketing.portlets.structure.model.Structure>
    <iDate class="sql-timestamp">2017-03-10 17:06:05.132</iDate>
    <type>structure</type>
    <owner>dotcms.org.1</owner>
    <inode>cb1f21c7-7d98-4ea3-903f-c5de10e41700</inode>
    <name>Contact Us</name>
    <description>General contact form</description>
    <defaultStructure>false</defaultStructure>
    <pagedetail></pagedetail>
    <structureType>3</structureType>
    <fixed>false</fixed>
    <system>true</system>
    <velocityVarName>ContactUs</velocityVarName>
    <host>48190c8c-42c4-46af-8d1a-0cd5db894797</host>
    <folder>SYSTEM_FOLDER</folder>
    <modDate class="sql-timestamp">2017-03-10 17:06:05.132</modDate>
  </com.dotmarketing.portlets.structure.model.Structure>
  <com.dotmarketing.portlets.structure.model.Structure>
    <iDate class="sql-timestamp">2017-03-10 00:24:16.611</iDate>
    <type>structure</type>
    <owner>dotcms.org.1</owner>
    <inode>121d498f-cb71-40c3-ae39-2bfba308e376</inode>
    <name>Personalized News</name>
    <description></description>
    <defaultStructure>false</defaultStructure>
    <pagedetail></pagedetail>
    <structureType>2</structureType>
    <fixed>false</fixed>
    <system>false</system>
    <velocityVarName>PersonalizedNewsListing</velocityVarName>
    <host>48190c8c-42c4-46af-8d1a-0cd5db894797</host>
    <folder>SYSTEM_FOLDER</folder>
    <modDate class="sql-timestamp">2017-03-10 00:24:16.611</modDate>
  </com.dotmarketing.portlets.structure.model.Structure>
  <com.dotmarketing.portlets.structure.model.Structure>
    <iDate class="sql-timestamp">2017-03-09 22:50:38.5</iDate>
    <type>structure</type>
    <owner>dotcms.org.1</owner>
    <inode>9cec8e2c-3bd7-4217-8149-0bd569abd00b</inode>
    <name>Testimonial</name>
    <description>Client testimonial and rating </description>
    <defaultStructure>false</defaultStructure>
    <pagedetail></pagedetail>
    <structureType>1</structureType>
    <fixed>false</fixed>
    <system>false</system>
    <velocityVarName>Testimonial</velocityVarName>
    <host>48190c8c-42c4-46af-8d1a-0cd5db894797</host>
    <folder>SYSTEM_FOLDER</folder>
    <modDate class="sql-timestamp">2017-03-09 22:50:38.5</modDate>
  </com.dotmarketing.portlets.structure.model.Structure>
  <com.dotmarketing.portlets.structure.model.Structure>
    <iDate class="sql-timestamp">2017-03-09 20:38:38.97</iDate>
    <type>structure</type>
    <owner>dotcms.org.1</owner>
    <inode>ddf29c1e-babd-40a8-bfed-920fc9b8c77f</inode>
    <name>Employee</name>
    <description>Employee or staff member</description>
    <defaultStructure>false</defaultStructure>
    <pagedetail></pagedetail>
    <structureType>1</structureType>
    <fixed>false</fixed>
    <system>false</system>
    <velocityVarName>Employee</velocityVarName>
    <host>48190c8c-42c4-46af-8d1a-0cd5db894797</host>
    <folder>SYSTEM_FOLDER</folder>
    <modDate class="sql-timestamp">2017-03-09 20:38:38.97</modDate>
  </com.dotmarketing.portlets.structure.model.Structure>
  <com.dotmarketing.portlets.structure.model.Structure>
    <iDate class="sql-timestamp">2017-03-09 19:51:36.038</iDate>
    <type>structure</type>
    <inode>2a3e91e4-fbbf-4876-8c5b-2233c1739b05</inode>
    <name>Content (Generic)</name>
    <description></description>
    <defaultStructure>true</defaultStructure>
    <pagedetail></pagedetail>
    <structureType>1</structureType>
    <fixed>false</fixed>
    <system>false</system>
    <velocityVarName>webPageContent</velocityVarName>
    <host>SYSTEM_HOST</host>
    <folder>SYSTEM_FOLDER</folder>
    <modDate class="sql-timestamp">2017-03-09 19:51:36.038</modDate>
  </com.dotmarketing.portlets.structure.model.Structure>
  <com.dotmarketing.portlets.structure.model.Structure>
    <iDate class="sql-timestamp">2017-03-09 19:50:14.288</iDate>
    <type>structure</type>
    <owner>dotcms.org.1</owner>
    <inode>799f176a-d32e-4844-a07c-1b5fcd107578</inode>
    <name>Blog</name>
    <description></description>
    <defaultStructure>false</defaultStructure>
    <pagedetail>8f9892b8-de32-439a-b496-5c6620ac317a</pagedetail>
    <structureType>1</structureType>
    <fixed>false</fixed>
    <system>false</system>
    <velocityVarName>Blog</velocityVarName>
    <urlMapPattern>/blogs/{urlTitle}</urlMapPattern>
    <host>48190c8c-42c4-46af-8d1a-0cd5db894797</host>
    <folder>SYSTEM_FOLDER</folder>
    <modDate class="sql-timestamp">2017-03-09 19:50:14.288</modDate>
  </com.dotmarketing.portlets.structure.model.Structure>
  <com.dotmarketing.portlets.structure.model.Structure>
    <iDate class="sql-timestamp">2017-03-09 19:49:47.741</iDate>
    <type>structure</type>
    <owner>dotcms.org.1</owner>
    <inode>d2a77f80-2628-4819-bfe9-e9916eb6ba70</inode>
    <name>Location</name>
    <description>Office locations</description>
    <defaultStructure>false</defaultStructure>
    <pagedetail>fdeb07ff-6fc3-4237-91d9-728109bc621d</pagedetail>
    <structureType>1</structureType>
    <fixed>false</fixed>
    <system>false</system>
    <velocityVarName>Location</velocityVarName>
    <urlMapPattern>/locations/{urlTitle}</urlMapPattern>
    <host>48190c8c-42c4-46af-8d1a-0cd5db894797</host>
    <folder>SYSTEM_FOLDER</folder>
    <modDate class="sql-timestamp">2017-03-09 19:49:47.741</modDate>
  </com.dotmarketing.portlets.structure.model.Structure>
  <com.dotmarketing.portlets.structure.model.Structure>
    <iDate class="sql-timestamp">2017-03-09 19:49:06.739</iDate>
    <type>structure</type>
    <owner>dotcms.org.1</owner>
    <inode>9ea36ae1-7775-48ae-99fe-f4ebca03a3de</inode>
    <name>Products</name>
    <description>Quest Funds and Investment Products</description>
    <defaultStructure>false</defaultStructure>
    <pagedetail>4b64a746-9df0-4e32-bae2-1cb9b7e6dea7</pagedetail>
    <structureType>1</structureType>
    <fixed>false</fixed>
    <system>false</system>
    <velocityVarName>Products</velocityVarName>
    <urlMapPattern>/products/{urlTitle}</urlMapPattern>
    <host>48190c8c-42c4-46af-8d1a-0cd5db894797</host>
    <folder>SYSTEM_FOLDER</folder>
    <modDate class="sql-timestamp">2017-03-09 19:49:06.739</modDate>
  </com.dotmarketing.portlets.structure.model.Structure>
  <com.dotmarketing.portlets.structure.model.Structure>
    <iDate class="sql-timestamp">2017-03-09 19:48:00.718</iDate>
    <type>structure</type>
    <owner>dotcms.org.1</owner>
    <inode>0a2c0fca-cdbb-4a22-bcd5-10995685160e</inode>
    <name>Wiki</name>
    <description>Wiki Entry</description>
    <defaultStructure>false</defaultStructure>
    <pagedetail></pagedetail>
    <structureType>1</structureType>
    <fixed>false</fixed>
    <system>false</system>
    <velocityVarName>Wiki</velocityVarName>
    <host>48190c8c-42c4-46af-8d1a-0cd5db894797</host>
    <folder>SYSTEM_FOLDER</folder>
    <modDate class="sql-timestamp">2017-03-09 19:48:00.718</modDate>
  </com.dotmarketing.portlets.structure.model.Structure>
  <com.dotmarketing.portlets.structure.model.Structure>
    <iDate class="sql-timestamp">2017-03-09 19:39:24.078</iDate>
    <type>structure</type>
    <owner>dotcms.org.1</owner>
    <inode>5a19371b-6b31-46d1-94db-8e100197cbb4</inode>
    <name>Landing Page</name>
    <description>Sample Landing Page</description>
    <defaultStructure>false</defaultStructure>
    <pagedetail></pagedetail>
    <structureType>5</structureType>
    <fixed>false</fixed>
    <system>false</system>
    <velocityVarName>LandingPage</velocityVarName>
    <host>48190c8c-42c4-46af-8d1a-0cd5db894797</host>
    <folder>SYSTEM_FOLDER</folder>
    <modDate class="sql-timestamp">2017-03-09 19:39:24.078</modDate>
  </com.dotmarketing.portlets.structure.model.Structure>
  <com.dotmarketing.portlets.structure.model.Structure>
    <iDate class="sql-timestamp">2017-03-09 19:17:56.266</iDate>
    <type>structure</type>
    <owner>dotcms.org.1</owner>
    <inode>2182e848-0240-4931-b63d-824962b66007</inode>
    <name>Media</name>
    <description>Audio, videos and images</description>
    <defaultStructure>false</defaultStructure>
    <pagedetail></pagedetail>
    <structureType>1</structureType>
    <fixed>false</fixed>
    <system>false</system>
    <velocityVarName>Media</velocityVarName>
    <host>48190c8c-42c4-46af-8d1a-0cd5db894797</host>
    <folder>SYSTEM_FOLDER</folder>
    <modDate class="sql-timestamp">2017-03-09 19:17:56.266</modDate>
  </com.dotmarketing.portlets.structure.model.Structure>
  <com.dotmarketing.portlets.structure.model.Structure>
    <iDate class="sql-timestamp">2017-03-09 19:15:45.734</iDate>
    <type>structure</type>
    <owner>dotcms.org.1</owner>
    <inode>4c441ada-944a-43af-a653-9bb4f3f0cb2b</inode>
    <name>Banner</name>
    <description>Hero image used on homepage and landing pages</description>
    <defaultStructure>false</defaultStructure>
    <pagedetail></pagedetail>
    <structureType>1</structureType>
    <fixed>false</fixed>
    <system>false</system>
    <velocityVarName>Banner</velocityVarName>
    <host>48190c8c-42c4-46af-8d1a-0cd5db894797</host>
    <folder>SYSTEM_FOLDER</folder>
    <modDate class="sql-timestamp">2017-03-09 19:15:45.734</modDate>
  </com.dotmarketing.portlets.structure.model.Structure>
  <com.dotmarketing.portlets.structure.model.Structure>
    <iDate class="sql-timestamp">2017-03-09 19:15:21.527</iDate>
    <type>structure</type>
    <owner>dotcms.org.1</owner>
    <inode>28039964-5615-4ccf-bb96-ded62adbcc6a</inode>
    <name>News</name>
    <description>News article</description>
    <defaultStructure>false</defaultStructure>
    <pagedetail>7621ce00-9b72-476d-b201-3b195f92a66f</pagedetail>
    <structureType>1</structureType>
    <fixed>false</fixed>
    <system>false</system>
    <velocityVarName>News</velocityVarName>
    <urlMapPattern>/news/{urlTitle}</urlMapPattern>
    <host>48190c8c-42c4-46af-8d1a-0cd5db894797</host>
    <folder>SYSTEM_FOLDER</folder>
    <publishDateVar>sysPublishDate</publishDateVar>
    <expireDateVar>expire</expireDateVar>
    <modDate class="sql-timestamp">2017-03-09 19:15:21.527</modDate>
  </com.dotmarketing.portlets.structure.model.Structure>
  <com.dotmarketing.portlets.structure.model.Structure>
    <iDate class="sql-timestamp">2017-03-07 18:25:58.339</iDate>
    <type>structure</type>
    <owner>dotcms.org.1</owner>
    <inode>c6e3a3c6-a0c6-494b-9ae8-bde7322bc68e</inode>
    <name>Device</name>
    <description></description>
    <defaultStructure>false</defaultStructure>
    <pagedetail></pagedetail>
    <structureType>1</structureType>
    <fixed>false</fixed>
    <system>false</system>
    <velocityVarName>PreviewDevice</velocityVarName>
    <host>48190c8c-42c4-46af-8d1a-0cd5db894797</host>
    <folder>SYSTEM_FOLDER</folder>
    <modDate class="sql-timestamp">2017-03-07 18:25:58.339</modDate>
  </com.dotmarketing.portlets.structure.model.Structure>
  <com.dotmarketing.portlets.structure.model.Structure>
    <iDate class="sql-timestamp">2016-03-28 19:10:14.085</iDate>
    <type>structure</type>
    <owner></owner>
    <inode>855a2d72-f2f3-4169-8b04-ac5157c4380c</inode>
    <name>Host</name>
    <description>System hosts information</description>
    <defaultStructure>false</defaultStructure>
    <pagedetail></pagedetail>
    <structureType>1</structureType>
    <fixed>true</fixed>
    <system>true</system>
    <velocityVarName>Host</velocityVarName>
    <host>SYSTEM_HOST</host>
    <folder>SYSTEM_FOLDER</folder>
    <modDate class="sql-timestamp">2016-03-28 19:10:14.085</modDate>
  </com.dotmarketing.portlets.structure.model.Structure>
  <com.dotmarketing.portlets.structure.model.Structure>
    <iDate class="sql-timestamp">2016-01-27 17:11:00.075</iDate>
    <type>structure</type>
    <owner>dotcms.org.1</owner>
    <inode>5deeaea3-e3c9-4aef-a4b3-94e4ad48e176</inode>
    <name>Call to Action</name>
    <description>Personalized Call To Action Content</description>
    <defaultStructure>false</defaultStructure>
    <pagedetail></pagedetail>
    <structureType>1</structureType>
    <fixed>false</fixed>
    <system>false</system>
    <velocityVarName>CallToAction</velocityVarName>
    <host>48190c8c-42c4-46af-8d1a-0cd5db894797</host>
    <folder>SYSTEM_FOLDER</folder>
    <modDate class="sql-timestamp">2016-01-27 17:11:00.075</modDate>
  </com.dotmarketing.portlets.structure.model.Structure>
  <com.dotmarketing.portlets.structure.model.Structure>
    <iDate class="sql-timestamp">2016-01-27 14:23:39.561</iDate>
    <type>structure</type>
    <owner>dotcms.org.1</owner>
    <inode>090e889f-caa4-453f-8ad5-213152bc6c06</inode>
    <name>News Listing</name>
    <description>News listings and feeds</description>
    <defaultStructure>false</defaultStructure>
    <pagedetail></pagedetail>
    <structureType>2</structureType>
    <fixed>false</fixed>
    <system>false</system>
    <velocityVarName>NewsWidgets</velocityVarName>
    <host>48190c8c-42c4-46af-8d1a-0cd5db894797</host>
    <folder>SYSTEM_FOLDER</folder>
    <modDate class="sql-timestamp">2016-01-27 14:23:39.561</modDate>
  </com.dotmarketing.portlets.structure.model.Structure>
  <com.dotmarketing.portlets.structure.model.Structure>
    <iDate class="sql-timestamp">2015-12-16 21:56:43.44</iDate>
    <type>structure</type>
    <owner>system</owner>
    <inode>c938b15f-bcb6-49ef-8651-14d455a97045</inode>
    <name>Persona</name>
    <description>Default Structure for Personas</description>
    <defaultStructure>false</defaultStructure>
    <structureType>6</structureType>
    <fixed>false</fixed>
    <system>false</system>
    <velocityVarName>persona</velocityVarName>
    <host>SYSTEM_HOST</host>
    <folder>SYSTEM_FOLDER</folder>
    <modDate class="sql-timestamp">2015-12-16 21:56:43.441</modDate>
  </com.dotmarketing.portlets.structure.model.Structure>
  <com.dotmarketing.portlets.structure.model.Structure>
    <iDate class="sql-timestamp">2015-10-06 13:56:13.837</iDate>
    <type>structure</type>
    <owner>dotcms.org.1</owner>
    <inode>091b5c2b-d3fa-4502-853c-06c167ad867d</inode>
    <name>Promotion</name>
    <description>Promotions and advertisements</description>
    <defaultStructure>false</defaultStructure>
    <pagedetail></pagedetail>
    <structureType>1</structureType>
    <fixed>false</fixed>
    <system>false</system>
    <velocityVarName>Promotion</velocityVarName>
    <host>48190c8c-42c4-46af-8d1a-0cd5db894797</host>
    <folder>SYSTEM_FOLDER</folder>
    <modDate class="sql-timestamp">2015-10-06 13:56:13.837</modDate>
  </com.dotmarketing.portlets.structure.model.Structure>
  <com.dotmarketing.portlets.structure.model.Structure>
    <iDate class="sql-timestamp">2015-05-28 15:26:34.75</iDate>
    <type>structure</type>
    <owner>system</owner>
    <inode>c541abb1-69b3-4bc5-8430-5e09e5239cc8</inode>
    <name>Page Asset</name>
    <description>Default Structure for Pages</description>
    <defaultStructure>false</defaultStructure>
    <pagedetail></pagedetail>
    <structureType>5</structureType>
    <fixed>true</fixed>
    <system>false</system>
    <velocityVarName>htmlpageasset</velocityVarName>
    <host>SYSTEM_HOST</host>
    <folder>SYSTEM_FOLDER</folder>
    <modDate class="sql-timestamp">2015-05-28 15:26:34.75</modDate>
  </com.dotmarketing.portlets.structure.model.Structure>
  <com.dotmarketing.portlets.structure.model.Structure>
    <iDate class="sql-timestamp">2015-03-15 06:59:45.911</iDate>
    <type>structure</type>
    <owner>dotcms.org.1</owner>
    <inode>074f3880-e771-4084-9c04-8db74fdbba10</inode>
    <name>Vimeo</name>
    <description></description>
    <defaultStructure>false</defaultStructure>
    <pagedetail></pagedetail>
    <structureType>2</structureType>
    <fixed>false</fixed>
    <system>false</system>
    <velocityVarName>Vimeo</velocityVarName>
    <host>48190c8c-42c4-46af-8d1a-0cd5db894797</host>
    <folder>SYSTEM_FOLDER</folder>
    <modDate class="sql-timestamp">2015-03-15 06:59:45.911</modDate>
  </com.dotmarketing.portlets.structure.model.Structure>
  <com.dotmarketing.portlets.structure.model.Structure>
    <iDate class="sql-timestamp">2015-02-11 19:26:26.001</iDate>
    <type>structure</type>
    <owner>dotcms.org.1</owner>
    <inode>b132c8a5-826a-4ecb-8409-9e59ea4e99b6</inode>
    <name>Google Map Search </name>
    <description>This widget prints the locations and also allow to search location in a area of x miles from the direction set</description>
    <defaultStructure>false</defaultStructure>
    <pagedetail></pagedetail>
    <structureType>2</structureType>
    <fixed>false</fixed>
    <system>false</system>
    <velocityVarName>GoogleMapSearchLocationsV2</velocityVarName>
    <host>48190c8c-42c4-46af-8d1a-0cd5db894797</host>
    <folder>SYSTEM_FOLDER</folder>
    <modDate class="sql-timestamp">2015-02-11 19:26:26.001</modDate>
  </com.dotmarketing.portlets.structure.model.Structure>
  <com.dotmarketing.portlets.structure.model.Structure>
    <iDate class="sql-timestamp">2014-10-06 17:26:05.609</iDate>
    <type>structure</type>
    <owner>dotcms.org.1</owner>
    <inode>f4771485-6d30-4698-8d73-d6745e00ef64</inode>
    <name>Request Prospectus</name>
    <description></description>
    <defaultStructure>false</defaultStructure>
    <pagedetail></pagedetail>
    <structureType>1</structureType>
    <fixed>false</fixed>
    <system>false</system>
    <velocityVarName>RequestProspectus</velocityVarName>
    <host>48190c8c-42c4-46af-8d1a-0cd5db894797</host>
    <folder>SYSTEM_FOLDER</folder>
    <modDate class="sql-timestamp">2014-10-06 17:26:05.609</modDate>
  </com.dotmarketing.portlets.structure.model.Structure>
  <com.dotmarketing.portlets.structure.model.Structure>
    <iDate class="sql-timestamp">2014-09-25 18:43:29.507</iDate>
    <type>structure</type>
    <owner>dotcms.org.1</owner>
    <inode>33f08cca-b1d0-4b77-a3e4-1a2c475fadc2</inode>
    <name>Photo Carousel</name>
    <description>Creates a carousel from a specified folder of images</description>
    <defaultStructure>false</defaultStructure>
    <pagedetail></pagedetail>
    <structureType>2</structureType>
    <fixed>false</fixed>
    <system>false</system>
    <velocityVarName>PhotoCarousel</velocityVarName>
    <host>48190c8c-42c4-46af-8d1a-0cd5db894797</host>
    <folder>SYSTEM_FOLDER</folder>
    <modDate class="sql-timestamp">2014-09-25 18:43:29.507</modDate>
  </com.dotmarketing.portlets.structure.model.Structure>
  <com.dotmarketing.portlets.structure.model.Structure>
    <iDate class="sql-timestamp">2014-09-03 19:43:14.182</iDate>
    <type>structure</type>
    <owner>dotcms.org.1</owner>
    <inode>4316185e-a95c-4464-8884-3b6523f694e9</inode>
    <name>Document Listing</name>
    <description>List Documents Based on Categories</description>
    <defaultStructure>false</defaultStructure>
    <pagedetail></pagedetail>
    <structureType>2</structureType>
    <fixed>false</fixed>
    <system>false</system>
    <velocityVarName>DocumentListing</velocityVarName>
    <host>48190c8c-42c4-46af-8d1a-0cd5db894797</host>
    <folder>SYSTEM_FOLDER</folder>
    <modDate class="sql-timestamp">2014-09-03 19:43:14.182</modDate>
  </com.dotmarketing.portlets.structure.model.Structure>
  <com.dotmarketing.portlets.structure.model.Structure>
    <iDate class="sql-timestamp">2014-08-14 21:29:45.158</iDate>
    <type>structure</type>
    <owner>dotcms.org.1</owner>
    <inode>4b1fc848-87f0-4efb-94a8-d04e11f5d3fc</inode>
    <name>Photo Gallery</name>
    <description>Pulls a list of images based on folder</description>
    <defaultStructure>false</defaultStructure>
    <pagedetail></pagedetail>
    <structureType>2</structureType>
    <fixed>false</fixed>
    <system>false</system>
    <velocityVarName>PhotoGallery</velocityVarName>
    <host>48190c8c-42c4-46af-8d1a-0cd5db894797</host>
    <folder>SYSTEM_FOLDER</folder>
    <modDate class="sql-timestamp">2014-08-14 21:29:45.158</modDate>
  </com.dotmarketing.portlets.structure.model.Structure>
  <com.dotmarketing.portlets.structure.model.Structure>
    <iDate class="sql-timestamp">2014-08-05 15:18:23.938</iDate>
    <type>structure</type>
    <owner></owner>
    <inode>f6259cc9-5d78-453e-8167-efd7b72b2e96</inode>
    <name>Event</name>
    <description>Calendar and events</description>
    <defaultStructure>false</defaultStructure>
    <pagedetail>8aff34ed-d163-4311-9712-9b74e51e0044</pagedetail>
    <structureType>1</structureType>
    <fixed>true</fixed>
    <system>false</system>
    <velocityVarName>calendarEvent</velocityVarName>
    <urlMapPattern>/news-events/events/{urlTitle}</urlMapPattern>
    <host>SYSTEM_HOST</host>
    <folder>SYSTEM_FOLDER</folder>
    <modDate class="sql-timestamp">2014-08-05 15:18:23.938</modDate>
  </com.dotmarketing.portlets.structure.model.Structure>
  <com.dotmarketing.portlets.structure.model.Structure>
    <iDate class="sql-timestamp">2014-07-28 15:41:51.483</iDate>
    <type>structure</type>
    <owner>dotcms.org.1</owner>
    <inode>64debd6b-d478-49a7-9253-062281538fa1</inode>
    <name>Twitter Timeline</name>
    <description>Generates the script to add a Twitter Embedded Timeline to your website</description>
    <defaultStructure>false</defaultStructure>
    <pagedetail></pagedetail>
    <structureType>2</structureType>
    <fixed>false</fixed>
    <system>false</system>
    <velocityVarName>TwitterEmbeddedTimeline</velocityVarName>
    <host>48190c8c-42c4-46af-8d1a-0cd5db894797</host>
    <folder>SYSTEM_FOLDER</folder>
    <modDate class="sql-timestamp">2014-07-28 15:41:51.483</modDate>
  </com.dotmarketing.portlets.structure.model.Structure>
  <com.dotmarketing.portlets.structure.model.Structure>
    <iDate class="sql-timestamp">2014-07-25 20:56:48.932</iDate>
    <type>structure</type>
    <owner>dotcms.org.1</owner>
    <inode>662c4a37-369d-47f1-979f-31fba12fcebf</inode>
    <name>Flickr</name>
    <description>Creates a photo gallery from a Flickr feed</description>
    <defaultStructure>false</defaultStructure>
    <pagedetail></pagedetail>
    <structureType>2</structureType>
    <fixed>false</fixed>
    <system>false</system>
    <velocityVarName>SocialNetworking</velocityVarName>
    <host>48190c8c-42c4-46af-8d1a-0cd5db894797</host>
    <folder>SYSTEM_FOLDER</folder>
    <modDate class="sql-timestamp">2014-07-25 20:56:48.932</modDate>
  </com.dotmarketing.portlets.structure.model.Structure>
  <com.dotmarketing.portlets.structure.model.Structure>
    <iDate class="sql-timestamp">2014-07-25 20:45:40.94</iDate>
    <type>structure</type>
    <owner>dotcms.org.1</owner>
    <inode>4d701fe3-fcc3-4fca-a854-66802644dc72</inode>
    <name>Multimedia</name>
    <description>Video and Multimedia</description>
    <defaultStructure>false</defaultStructure>
    <pagedetail></pagedetail>
    <structureType>2</structureType>
    <fixed>false</fixed>
    <system>false</system>
    <velocityVarName>VideoListing</velocityVarName>
    <host>48190c8c-42c4-46af-8d1a-0cd5db894797</host>
    <folder>SYSTEM_FOLDER</folder>
    <modDate class="sql-timestamp">2014-07-25 20:45:40.94</modDate>
  </com.dotmarketing.portlets.structure.model.Structure>
  <com.dotmarketing.portlets.structure.model.Structure>
    <iDate class="sql-timestamp">2014-07-25 20:39:41.25</iDate>
    <type>structure</type>
    <owner>dotcms.org.1</owner>
    <inode>393acd6c-a496-4221-a761-fcef2fd8de33</inode>
    <name>YouTube</name>
    <description>Drop a video on a page. (YouTube)</description>
    <defaultStructure>false</defaultStructure>
    <pagedetail></pagedetail>
    <structureType>2</structureType>
    <fixed>false</fixed>
    <system>false</system>
    <velocityVarName>Youtube</velocityVarName>
    <host>48190c8c-42c4-46af-8d1a-0cd5db894797</host>
    <folder>SYSTEM_FOLDER</folder>
    <modDate class="sql-timestamp">2014-07-25 20:39:41.25</modDate>
  </com.dotmarketing.portlets.structure.model.Structure>
  <com.dotmarketing.portlets.structure.model.Structure>
    <iDate class="sql-timestamp">2014-05-14 15:58:52.822</iDate>
    <type>structure</type>
    <owner>dotcms.org.1</owner>
    <inode>9e0a09af-a7be-4c83-9d5e-c6cc9c050219</inode>
    <name>VTL Include</name>
    <description>Browse and include a vtl file to be parsed in your widget.</description>
    <defaultStructure>false</defaultStructure>
    <pagedetail></pagedetail>
    <structureType>2</structureType>
    <fixed>false</fixed>
    <system>false</system>
    <velocityVarName>VtlInclude</velocityVarName>
    <host>48190c8c-42c4-46af-8d1a-0cd5db894797</host>
    <folder>SYSTEM_FOLDER</folder>
    <modDate class="sql-timestamp">2014-05-14 15:58:52.822</modDate>
  </com.dotmarketing.portlets.structure.model.Structure>
  <com.dotmarketing.portlets.structure.model.Structure>
    <iDate class="sql-timestamp">2013-12-05 03:00:52.315</iDate>
    <type>structure</type>
    <owner>system</owner>
    <inode>4d21b6d8-1711-4ae6-9419-89e2b1ae5a06</inode>
    <name>Forms</name>
    <description>Forms</description>
    <defaultStructure>false</defaultStructure>
    <structureType>2</structureType>
    <fixed>true</fixed>
    <system>true</system>
    <velocityVarName>forms</velocityVarName>
    <host>SYSTEM_HOST</host>
    <folder>SYSTEM_FOLDER</folder>
    <modDate class="sql-timestamp">2014-03-21 14:11:18.943006</modDate>
  </com.dotmarketing.portlets.structure.model.Structure>
  <com.dotmarketing.portlets.structure.model.Structure>
    <iDate class="sql-timestamp">2013-12-05 02:41:40.302</iDate>
    <type>structure</type>
    <owner></owner>
    <inode>a007def2-896d-4fd1-843b-d3abb5305f3f</inode>
    <name>Comments</name>
    <description>Comments structure for all content</description>
    <defaultStructure>false</defaultStructure>
    <structureType>1</structureType>
    <fixed>true</fixed>
    <system>false</system>
    <velocityVarName>Comments</velocityVarName>
    <host>SYSTEM_HOST</host>
    <folder>SYSTEM_FOLDER</folder>
    <modDate class="sql-timestamp">2014-03-21 14:11:18.943006</modDate>
  </com.dotmarketing.portlets.structure.model.Structure>
  <com.dotmarketing.portlets.structure.model.Structure>
    <iDate class="sql-timestamp">2012-07-05 19:26:56.706</iDate>
    <type>structure</type>
    <owner>dotcms.org.1</owner>
    <inode>d8262b9f-84ea-46f9-88c4-0c8959271d67</inode>
    <name>Document</name>
    <description>Quest Financial Documents and Reports</description>
    <defaultStructure>false</defaultStructure>
    <pagedetail></pagedetail>
    <structureType>4</structureType>
    <fixed>false</fixed>
    <system>false</system>
    <velocityVarName>Document</velocityVarName>
    <host>48190c8c-42c4-46af-8d1a-0cd5db894797</host>
    <folder>SYSTEM_FOLDER</folder>
    <modDate class="sql-timestamp">2014-03-21 14:11:18.943006</modDate>
  </com.dotmarketing.portlets.structure.model.Structure>
  <com.dotmarketing.portlets.structure.model.Structure>
    <iDate class="sql-timestamp">2012-03-20 18:11:27.629</iDate>
    <type>structure</type>
    <owner>dotcms.org.1</owner>
    <inode>e65543eb-6b81-42e0-a59b-1bb9fd7bfce4</inode>
    <name>Video</name>
    <description></description>
    <defaultStructure>false</defaultStructure>
    <pagedetail></pagedetail>
    <structureType>4</structureType>
    <fixed>false</fixed>
    <system>false</system>
    <velocityVarName>Video</velocityVarName>
    <host>48190c8c-42c4-46af-8d1a-0cd5db894797</host>
    <folder>SYSTEM_FOLDER</folder>
    <modDate class="sql-timestamp">2014-03-21 14:11:18.943006</modDate>
  </com.dotmarketing.portlets.structure.model.Structure>
  <com.dotmarketing.portlets.structure.model.Structure>
    <iDate class="sql-timestamp">2011-12-15 22:19:14.982</iDate>
    <type>structure</type>
    <owner>system</owner>
    <inode>33888b6f-7a8e-4069-b1b6-5c1aa9d0a48d</inode>
    <name>File Asset</name>
    <description>Default structure for all uploaded files</description>
    <defaultStructure>false</defaultStructure>
    <structureType>4</structureType>
    <fixed>true</fixed>
    <system>false</system>
    <velocityVarName>FileAsset</velocityVarName>
    <host>SYSTEM_HOST</host>
    <folder>SYSTEM_FOLDER</folder>
    <modDate class="sql-timestamp">2014-03-21 14:11:18.943006</modDate>
  </com.dotmarketing.portlets.structure.model.Structure>
  <com.dotmarketing.portlets.structure.model.Structure>
    <iDate class="sql-timestamp">2011-06-27 14:30:36.393</iDate>
    <type>structure</type>
    <owner>dotcms.org.1</owner>
    <inode>9d8cba31-0072-4c38-96db-8b619f2b57ab</inode>
    <name>Simple Widget</name>
    <description>Use this as your default velocity container</description>
    <defaultStructure>false</defaultStructure>
    <pagedetail></pagedetail>
    <structureType>2</structureType>
    <fixed>false</fixed>
    <system>false</system>
    <velocityVarName>SimpleWidget</velocityVarName>
    <host>SYSTEM_HOST</host>
    <folder>SYSTEM_FOLDER</folder>
    <modDate class="sql-timestamp">2014-03-21 14:11:18.943006</modDate>
  </com.dotmarketing.portlets.structure.model.Structure>
</list>