<list>
  <com.dotmarketing.beans.MultiTree>
    <parent1>0572b59b-340f-4085-a023-bb25f512041a</parent1>
    <parent2>56bd55ea-b04b-480d-9e37-5d6f9217dcc3</parent2>
    <child>b031f162-8264-488f-8c4f-a8185eac5595</child>
    <treeOrder>0</treeOrder>
  </com.dotmarketing.beans.MultiTree>
  <com.dotmarketing.beans.MultiTree>
    <parent1>1aeb328b-57b5-46e8-9eec-2cb2b4c24953</parent1>
    <parent2>56bd55ea-b04b-480d-9e37-5d6f9217dcc3</parent2>
    <child>6e085430-4cba-4375-b916-4f93452e5803</child>
    <treeOrder>1</treeOrder>
  </com.dotmarketing.beans.MultiTree>
  <com.dotmarketing.beans.MultiTree>
    <parent1>1aeb328b-57b5-46e8-9eec-2cb2b4c24953</parent1>
    <parent2>d71d56b4-0a8b-4bb2-be15-ffa5a23366ea</parent2>
    <child>6e085430-4cba-4375-b916-4f93452e5803</child>
    <treeOrder>0</treeOrder>
  </com.dotmarketing.beans.MultiTree>
  <com.dotmarketing.beans.MultiTree>
    <parent1>1edc9ffe-cfdf-42a7-9b90-18cf090ddeba</parent1>
    <parent2>56bd55ea-b04b-480d-9e37-5d6f9217dcc3</parent2>
    <child>ea602b09-d2ba-428c-8901-391fb962513f</child>
    <treeOrder>0</treeOrder>
  </com.dotmarketing.beans.MultiTree>
  <com.dotmarketing.beans.MultiTree>
    <parent1>1f5559e3-df40-4032-887e-b1aa02d59021</parent1>
    <parent2>56bd55ea-b04b-480d-9e37-5d6f9217dcc3</parent2>
    <child>ec097774-f904-44e5-a4b2-b58de04a3fa2</child>
    <treeOrder>2</treeOrder>
  </com.dotmarketing.beans.MultiTree>
  <com.dotmarketing.beans.MultiTree>
    <parent1>1f5559e3-df40-4032-887e-b1aa02d59021</parent1>
    <parent2>5eb11b21-6b13-4fb8-a823-1de20bba56c0</parent2>
    <child>28948ce6-8380-4522-b349-8f2b7195bf38</child>
    <treeOrder>1</treeOrder>
  </com.dotmarketing.beans.MultiTree>
  <com.dotmarketing.beans.MultiTree>
    <parent1>1f5559e3-df40-4032-887e-b1aa02d59021</parent1>
    <parent2>fc193c82-8c32-4abe-ba8a-49522328c93e</parent2>
    <child>28948ce6-8380-4522-b349-8f2b7195bf38</child>
    <treeOrder>0</treeOrder>
  </com.dotmarketing.beans.MultiTree>
  <com.dotmarketing.beans.MultiTree>
    <parent1>2608e1a3-eecf-446b-8aef-2c2f3c863045</parent1>
    <parent2>56bd55ea-b04b-480d-9e37-5d6f9217dcc3</parent2>
    <child>26b81e15-a2db-4a37-a5f3-f60ef47c8bb3</child>
    <treeOrder>0</treeOrder>
  </com.dotmarketing.beans.MultiTree>
  <com.dotmarketing.beans.MultiTree>
    <parent1>2c86ef5a-fcfe-441e-990f-20a87cd85aa2</parent1>
    <parent2>5363c6c6-5ba0-4946-b7af-cf875188ac2e</parent2>
    <child>1040556d-ce25-4ec5-bae6-39c571813808</child>
    <treeOrder>0</treeOrder>
  </com.dotmarketing.beans.MultiTree>
  <com.dotmarketing.beans.MultiTree>
    <parent1>2c86ef5a-fcfe-441e-990f-20a87cd85aa2</parent1>
    <parent2>5363c6c6-5ba0-4946-b7af-cf875188ac2e</parent2>
    <child>d96c69be-b754-4487-a206-b7ec2258b510</child>
    <treeOrder>0</treeOrder>
  </com.dotmarketing.beans.MultiTree>
  <com.dotmarketing.beans.MultiTree>
    <parent1>2c86ef5a-fcfe-441e-990f-20a87cd85aa2</parent1>
    <parent2>56bd55ea-b04b-480d-9e37-5d6f9217dcc3</parent2>
    <child>07eff93d-6854-4a1c-a3b2-2966b109abb5</child>
    <treeOrder>10</treeOrder>
  </com.dotmarketing.beans.MultiTree>
  <com.dotmarketing.beans.MultiTree>
    <parent1>2c86ef5a-fcfe-441e-990f-20a87cd85aa2</parent1>
    <parent2>56bd55ea-b04b-480d-9e37-5d6f9217dcc3</parent2>
    <child>66d47ebf-7b11-4076-85b0-b6c8c373d000</child>
    <treeOrder>0</treeOrder>
  </com.dotmarketing.beans.MultiTree>
  <com.dotmarketing.beans.MultiTree>
    <parent1>2c86ef5a-fcfe-441e-990f-20a87cd85aa2</parent1>
    <parent2>5eb11b21-6b13-4fb8-a823-1de20bba56c0</parent2>
    <child>e2944ea2-2fde-4b24-8802-765c2889a3d2</child>
    <treeOrder>1</treeOrder>
  </com.dotmarketing.beans.MultiTree>
  <com.dotmarketing.beans.MultiTree>
    <parent1>2c86ef5a-fcfe-441e-990f-20a87cd85aa2</parent1>
    <parent2>5eb11b21-6b13-4fb8-a823-1de20bba56c0</parent2>
    <child>ee7321e6-e005-4e60-abeb-e4b0e8a1a34e</child>
    <treeOrder>0</treeOrder>
  </com.dotmarketing.beans.MultiTree>
  <com.dotmarketing.beans.MultiTree>
    <parent1>2c86ef5a-fcfe-441e-990f-20a87cd85aa2</parent1>
    <parent2>f1ba7688-453c-4c0d-a214-e5ac802b8034</parent2>
    <child>1040556d-ce25-4ec5-bae6-39c571813808</child>
    <treeOrder>0</treeOrder>
  </com.dotmarketing.beans.MultiTree>
  <com.dotmarketing.beans.MultiTree>
    <parent1>2c86ef5a-fcfe-441e-990f-20a87cd85aa2</parent1>
    <parent2>f1ba7688-453c-4c0d-a214-e5ac802b8034</parent2>
    <child>d96c69be-b754-4487-a206-b7ec2258b510</child>
    <treeOrder>1</treeOrder>
  </com.dotmarketing.beans.MultiTree>
  <com.dotmarketing.beans.MultiTree>
    <parent1>2c86ef5a-fcfe-441e-990f-20a87cd85aa2</parent1>
    <parent2>fc193c82-8c32-4abe-ba8a-49522328c93e</parent2>
    <child>84538ade-627a-492b-8582-3d422d19f1ae</child>
    <treeOrder>0</treeOrder>
  </com.dotmarketing.beans.MultiTree>
  <com.dotmarketing.beans.MultiTree>
    <parent1>3c479b6b-117b-48a8-8b7c-b62c4d0faae1</parent1>
    <parent2>56bd55ea-b04b-480d-9e37-5d6f9217dcc3</parent2>
    <child>366ebdba-7d84-4c74-99b3-2cabd24511ba</child>
    <treeOrder>0</treeOrder>
  </com.dotmarketing.beans.MultiTree>
  <com.dotmarketing.beans.MultiTree>
    <parent1>4180b269-e59d-40ef-92e1-f50e4806e3ac</parent1>
    <parent2>56bd55ea-b04b-480d-9e37-5d6f9217dcc3</parent2>
    <child>55994a0e-523f-4878-9509-440514d0abdd</child>
    <treeOrder>0</treeOrder>
  </com.dotmarketing.beans.MultiTree>
  <com.dotmarketing.beans.MultiTree>
    <parent1>4b64a746-9df0-4e32-bae2-1cb9b7e6dea7</parent1>
    <parent2>56bd55ea-b04b-480d-9e37-5d6f9217dcc3</parent2>
    <child>50ac1fc3-1298-4be1-bfbc-619b68d9398a</child>
    <treeOrder>1</treeOrder>
  </com.dotmarketing.beans.MultiTree>
  <com.dotmarketing.beans.MultiTree>
    <parent1>4cd6081f-e93e-4647-9759-3185a8de8807</parent1>
    <parent2>56bd55ea-b04b-480d-9e37-5d6f9217dcc3</parent2>
    <child>13863edf-38c7-4b9f-a339-29edf4092157</child>
    <treeOrder>1</treeOrder>
  </com.dotmarketing.beans.MultiTree>
  <com.dotmarketing.beans.MultiTree>
    <parent1>4cd6081f-e93e-4647-9759-3185a8de8807</parent1>
    <parent2>56bd55ea-b04b-480d-9e37-5d6f9217dcc3</parent2>
    <child>205d3e52-47bc-4978-838f-3064e1bcef49</child>
    <treeOrder>0</treeOrder>
  </com.dotmarketing.beans.MultiTree>
  <com.dotmarketing.beans.MultiTree>
    <parent1>4cd6081f-e93e-4647-9759-3185a8de8807</parent1>
    <parent2>5eb11b21-6b13-4fb8-a823-1de20bba56c0</parent2>
    <child>00d9d4da-b24f-4491-af54-5c98a448269a</child>
    <treeOrder>0</treeOrder>
  </com.dotmarketing.beans.MultiTree>
  <com.dotmarketing.beans.MultiTree>
    <parent1>4cd6081f-e93e-4647-9759-3185a8de8807</parent1>
    <parent2>5eb11b21-6b13-4fb8-a823-1de20bba56c0</parent2>
    <child>e0d1ab14-81e2-43cf-a271-4e95dc6c66cd</child>
    <treeOrder>3</treeOrder>
  </com.dotmarketing.beans.MultiTree>
  <com.dotmarketing.beans.MultiTree>
    <parent1>4cd6081f-e93e-4647-9759-3185a8de8807</parent1>
    <parent2>5eb11b21-6b13-4fb8-a823-1de20bba56c0</parent2>
    <child>ea768b68-497c-45a4-88b1-f245232282ba</child>
    <treeOrder>4</treeOrder>
  </com.dotmarketing.beans.MultiTree>
  <com.dotmarketing.beans.MultiTree>
    <parent1>54bcf8fc-1e45-41a9-8790-5e7e0047985c</parent1>
    <parent2>56bd55ea-b04b-480d-9e37-5d6f9217dcc3</parent2>
    <child>5aa4f74a-2ee2-41a0-942b-756626d94b9d</child>
    <treeOrder>0</treeOrder>
  </com.dotmarketing.beans.MultiTree>
  <com.dotmarketing.beans.MultiTree>
    <parent1>54bcf8fc-1e45-41a9-8790-5e7e0047985c</parent1>
    <parent2>56bd55ea-b04b-480d-9e37-5d6f9217dcc3</parent2>
    <child>84917d50-ffd8-4059-830e-280a18e67193</child>
    <treeOrder>1</treeOrder>
  </com.dotmarketing.beans.MultiTree>
  <com.dotmarketing.beans.MultiTree>
    <parent1>57680245-ba1f-429a-88b6-daa27d3d7eb6</parent1>
    <parent2>56bd55ea-b04b-480d-9e37-5d6f9217dcc3</parent2>
    <child>db5b897e-1936-4611-8f00-757de881ea7f</child>
    <treeOrder>0</treeOrder>
  </com.dotmarketing.beans.MultiTree>
  <com.dotmarketing.beans.MultiTree>
    <parent1>5aaf726e-efe1-45ac-be67-22d7a8b8ea8f</parent1>
    <parent2>56bd55ea-b04b-480d-9e37-5d6f9217dcc3</parent2>
    <child>8c05fe4d-cbdb-4c6f-8d22-41ba43650de2</child>
    <treeOrder>0</treeOrder>
  </com.dotmarketing.beans.MultiTree>
  <com.dotmarketing.beans.MultiTree>
    <parent1>6247c3b2-f5bf-40c6-9b07-ae06d56a1b7c</parent1>
    <parent2>56bd55ea-b04b-480d-9e37-5d6f9217dcc3</parent2>
    <child>b031f162-8264-488f-8c4f-a8185eac5595</child>
    <treeOrder>0</treeOrder>
  </com.dotmarketing.beans.MultiTree>
  <com.dotmarketing.beans.MultiTree>
    <parent1>63d655b2-ae21-4461-85a0-4993f450cfa7</parent1>
    <parent2>56bd55ea-b04b-480d-9e37-5d6f9217dcc3</parent2>
    <child>85e20cad-60cd-4d99-92bc-18ca2e7780d3</child>
    <treeOrder>0</treeOrder>
  </com.dotmarketing.beans.MultiTree>
  <com.dotmarketing.beans.MultiTree>
    <parent1>69dcec4a-4364-445e-8d88-98e96d6ef5de</parent1>
    <parent2>56bd55ea-b04b-480d-9e37-5d6f9217dcc3</parent2>
    <child>59713b84-6aee-41b1-8cfa-651b00d22e71</child>
    <treeOrder>0</treeOrder>
  </com.dotmarketing.beans.MultiTree>
  <com.dotmarketing.beans.MultiTree>
    <parent1>7621ce00-9b72-476d-b201-3b195f92a66f</parent1>
    <parent2>5363c6c6-5ba0-4946-b7af-cf875188ac2e</parent2>
    <child>bd4acb20-f91a-454b-a847-af85f8c8244c</child>
    <treeOrder>3</treeOrder>
  </com.dotmarketing.beans.MultiTree>
  <com.dotmarketing.beans.MultiTree>
    <parent1>7621ce00-9b72-476d-b201-3b195f92a66f</parent1>
    <parent2>56bd55ea-b04b-480d-9e37-5d6f9217dcc3</parent2>
    <child>5e096068-edce-4a7d-afb1-95f30a4fa80e</child>
    <treeOrder>0</treeOrder>
  </com.dotmarketing.beans.MultiTree>
  <com.dotmarketing.beans.MultiTree>
    <parent1>7621ce00-9b72-476d-b201-3b195f92a66f</parent1>
    <parent2>5eb11b21-6b13-4fb8-a823-1de20bba56c0</parent2>
    <child>88c61a8b-fbe4-48f7-afce-bbf3688d70e9</child>
    <treeOrder>25</treeOrder>
  </com.dotmarketing.beans.MultiTree>
  <com.dotmarketing.beans.MultiTree>
    <parent1>7e13e92a-3ef7-44eb-b468-9dcc31d756c0</parent1>
    <parent2>5363c6c6-5ba0-4946-b7af-cf875188ac2e</parent2>
    <child>19ded1a9-c3c9-4448-91df-70f76d989947</child>
    <treeOrder>0</treeOrder>
  </com.dotmarketing.beans.MultiTree>
  <com.dotmarketing.beans.MultiTree>
    <parent1>7e13e92a-3ef7-44eb-b468-9dcc31d756c0</parent1>
    <parent2>5363c6c6-5ba0-4946-b7af-cf875188ac2e</parent2>
    <child>2943b5eb-9105-4dcf-a1c7-87a9d4dc92a6</child>
    <treeOrder>4</treeOrder>
  </com.dotmarketing.beans.MultiTree>
  <com.dotmarketing.beans.MultiTree>
    <parent1>7e13e92a-3ef7-44eb-b468-9dcc31d756c0</parent1>
    <parent2>5363c6c6-5ba0-4946-b7af-cf875188ac2e</parent2>
    <child>36689c21-2edc-4044-a9e6-a97113e17559</child>
    <treeOrder>7</treeOrder>
  </com.dotmarketing.beans.MultiTree>
  <com.dotmarketing.beans.MultiTree>
    <parent1>7e13e92a-3ef7-44eb-b468-9dcc31d756c0</parent1>
    <parent2>5363c6c6-5ba0-4946-b7af-cf875188ac2e</parent2>
    <child>5aef0c62-b7d6-4805-9e7c-77a67f4822f3</child>
    <treeOrder>2</treeOrder>
  </com.dotmarketing.beans.MultiTree>
  <com.dotmarketing.beans.MultiTree>
    <parent1>7e13e92a-3ef7-44eb-b468-9dcc31d756c0</parent1>
    <parent2>5363c6c6-5ba0-4946-b7af-cf875188ac2e</parent2>
    <child>6f19f0a0-f407-4f4c-8c01-58daf6659321</child>
    <treeOrder>3</treeOrder>
  </com.dotmarketing.beans.MultiTree>
  <com.dotmarketing.beans.MultiTree>
    <parent1>7e13e92a-3ef7-44eb-b468-9dcc31d756c0</parent1>
    <parent2>5363c6c6-5ba0-4946-b7af-cf875188ac2e</parent2>
    <child>800dedcc-7fe8-475d-8dbf-7842b8b4c50c</child>
    <treeOrder>6</treeOrder>
  </com.dotmarketing.beans.MultiTree>
  <com.dotmarketing.beans.MultiTree>
    <parent1>7e13e92a-3ef7-44eb-b468-9dcc31d756c0</parent1>
    <parent2>5363c6c6-5ba0-4946-b7af-cf875188ac2e</parent2>
    <child>9f303322-a908-4df0-8194-e1323f11b008</child>
    <treeOrder>1</treeOrder>
  </com.dotmarketing.beans.MultiTree>
  <com.dotmarketing.beans.MultiTree>
    <parent1>7e13e92a-3ef7-44eb-b468-9dcc31d756c0</parent1>
    <parent2>5363c6c6-5ba0-4946-b7af-cf875188ac2e</parent2>
    <child>a5230cc4-9ca0-4c7c-807a-2decbd320ad8</child>
    <treeOrder>5</treeOrder>
  </com.dotmarketing.beans.MultiTree>
  <com.dotmarketing.beans.MultiTree>
    <parent1>7e13e92a-3ef7-44eb-b468-9dcc31d756c0</parent1>
    <parent2>56bd55ea-b04b-480d-9e37-5d6f9217dcc3</parent2>
    <child>146f45d6-94e1-4abe-9516-05e1e265efec</child>
    <treeOrder>5</treeOrder>
  </com.dotmarketing.beans.MultiTree>
  <com.dotmarketing.beans.MultiTree>
    <parent1>7e13e92a-3ef7-44eb-b468-9dcc31d756c0</parent1>
    <parent2>56bd55ea-b04b-480d-9e37-5d6f9217dcc3</parent2>
    <child>1669dfc9-dcbd-427a-b39e-8cb06bcf7ae8</child>
    <treeOrder>3</treeOrder>
  </com.dotmarketing.beans.MultiTree>
  <com.dotmarketing.beans.MultiTree>
    <parent1>7e13e92a-3ef7-44eb-b468-9dcc31d756c0</parent1>
    <parent2>56bd55ea-b04b-480d-9e37-5d6f9217dcc3</parent2>
    <child>2943b5eb-9105-4dcf-a1c7-87a9d4dc92a6</child>
    <treeOrder>6</treeOrder>
  </com.dotmarketing.beans.MultiTree>
  <com.dotmarketing.beans.MultiTree>
    <parent1>7e13e92a-3ef7-44eb-b468-9dcc31d756c0</parent1>
    <parent2>56bd55ea-b04b-480d-9e37-5d6f9217dcc3</parent2>
    <child>36689c21-2edc-4044-a9e6-a97113e17559</child>
    <treeOrder>0</treeOrder>
  </com.dotmarketing.beans.MultiTree>
  <com.dotmarketing.beans.MultiTree>
    <parent1>7e13e92a-3ef7-44eb-b468-9dcc31d756c0</parent1>
    <parent2>56bd55ea-b04b-480d-9e37-5d6f9217dcc3</parent2>
    <child>558940cc-9f7b-4a9b-8e27-a8e70c8245e1</child>
    <treeOrder>4</treeOrder>
  </com.dotmarketing.beans.MultiTree>
  <com.dotmarketing.beans.MultiTree>
    <parent1>7e13e92a-3ef7-44eb-b468-9dcc31d756c0</parent1>
    <parent2>56bd55ea-b04b-480d-9e37-5d6f9217dcc3</parent2>
    <child>5aef0c62-b7d6-4805-9e7c-77a67f4822f3</child>
    <treeOrder>1</treeOrder>
  </com.dotmarketing.beans.MultiTree>
  <com.dotmarketing.beans.MultiTree>
    <parent1>7e13e92a-3ef7-44eb-b468-9dcc31d756c0</parent1>
    <parent2>56bd55ea-b04b-480d-9e37-5d6f9217dcc3</parent2>
    <child>800dedcc-7fe8-475d-8dbf-7842b8b4c50c</child>
    <treeOrder>7</treeOrder>
  </com.dotmarketing.beans.MultiTree>
  <com.dotmarketing.beans.MultiTree>
    <parent1>7e13e92a-3ef7-44eb-b468-9dcc31d756c0</parent1>
    <parent2>56bd55ea-b04b-480d-9e37-5d6f9217dcc3</parent2>
    <child>9f303322-a908-4df0-8194-e1323f11b008</child>
    <treeOrder>0</treeOrder>
  </com.dotmarketing.beans.MultiTree>
  <com.dotmarketing.beans.MultiTree>
    <parent1>7e13e92a-3ef7-44eb-b468-9dcc31d756c0</parent1>
    <parent2>fc193c82-8c32-4abe-ba8a-49522328c93e</parent2>
    <child>19ded1a9-c3c9-4448-91df-70f76d989947</child>
    <treeOrder>2</treeOrder>
  </com.dotmarketing.beans.MultiTree>
  <com.dotmarketing.beans.MultiTree>
    <parent1>7e13e92a-3ef7-44eb-b468-9dcc31d756c0</parent1>
    <parent2>fc193c82-8c32-4abe-ba8a-49522328c93e</parent2>
    <child>2943b5eb-9105-4dcf-a1c7-87a9d4dc92a6</child>
    <treeOrder>4</treeOrder>
  </com.dotmarketing.beans.MultiTree>
  <com.dotmarketing.beans.MultiTree>
    <parent1>7e13e92a-3ef7-44eb-b468-9dcc31d756c0</parent1>
    <parent2>fc193c82-8c32-4abe-ba8a-49522328c93e</parent2>
    <child>4276faea-048f-44ef-ba68-70de8f99e6ba</child>
    <treeOrder>5</treeOrder>
  </com.dotmarketing.beans.MultiTree>
  <com.dotmarketing.beans.MultiTree>
    <parent1>7e13e92a-3ef7-44eb-b468-9dcc31d756c0</parent1>
    <parent2>fc193c82-8c32-4abe-ba8a-49522328c93e</parent2>
    <child>4b98a10d-e213-402b-9443-e754e9a7bb34</child>
    <treeOrder>3</treeOrder>
  </com.dotmarketing.beans.MultiTree>
  <com.dotmarketing.beans.MultiTree>
    <parent1>7e13e92a-3ef7-44eb-b468-9dcc31d756c0</parent1>
    <parent2>fc193c82-8c32-4abe-ba8a-49522328c93e</parent2>
    <child>66d47ebf-7b11-4076-85b0-b6c8c373d000</child>
    <treeOrder>6</treeOrder>
  </com.dotmarketing.beans.MultiTree>
  <com.dotmarketing.beans.MultiTree>
    <parent1>7e13e92a-3ef7-44eb-b468-9dcc31d756c0</parent1>
    <parent2>fc193c82-8c32-4abe-ba8a-49522328c93e</parent2>
    <child>7b22b477-b444-4d4b-b2e4-14ac4f9378e9</child>
    <treeOrder>1</treeOrder>
  </com.dotmarketing.beans.MultiTree>
  <com.dotmarketing.beans.MultiTree>
    <parent1>7e13e92a-3ef7-44eb-b468-9dcc31d756c0</parent1>
    <parent2>fc193c82-8c32-4abe-ba8a-49522328c93e</parent2>
    <child>800dedcc-7fe8-475d-8dbf-7842b8b4c50c</child>
    <treeOrder>7</treeOrder>
  </com.dotmarketing.beans.MultiTree>
  <com.dotmarketing.beans.MultiTree>
    <parent1>7e13e92a-3ef7-44eb-b468-9dcc31d756c0</parent1>
    <parent2>fc193c82-8c32-4abe-ba8a-49522328c93e</parent2>
    <child>9b81a298-9e18-4f83-9197-9abe0fa4bae1</child>
    <treeOrder>8</treeOrder>
  </com.dotmarketing.beans.MultiTree>
  <com.dotmarketing.beans.MultiTree>
    <parent1>7e84570b-ab74-4023-9e04-bccff3f0d180</parent1>
    <parent2>56bd55ea-b04b-480d-9e37-5d6f9217dcc3</parent2>
    <child>0c9d3e55-138b-430a-a366-6a92bd1ee036</child>
    <treeOrder>0</treeOrder>
  </com.dotmarketing.beans.MultiTree>
  <com.dotmarketing.beans.MultiTree>
    <parent1>7e84570b-ab74-4023-9e04-bccff3f0d180</parent1>
    <parent2>5eb11b21-6b13-4fb8-a823-1de20bba56c0</parent2>
    <child>638aaaea-3ed7-42e9-a084-034fdc5c617d</child>
    <treeOrder>0</treeOrder>
  </com.dotmarketing.beans.MultiTree>
  <com.dotmarketing.beans.MultiTree>
    <parent1>813b1cef-465f-455d-920f-063718cdd6f9</parent1>
    <parent2>56bd55ea-b04b-480d-9e37-5d6f9217dcc3</parent2>
    <child>c05a681d-b995-4ca2-a6ba-0398e59f4f34</child>
    <treeOrder>0</treeOrder>
  </com.dotmarketing.beans.MultiTree>
  <com.dotmarketing.beans.MultiTree>
    <parent1>84a50687-8027-4d27-a8b9-b18db7d5450d</parent1>
    <parent2>56bd55ea-b04b-480d-9e37-5d6f9217dcc3</parent2>
    <child>83885a81-7dea-4278-b76c-b3452d6df841</child>
    <treeOrder>0</treeOrder>
  </com.dotmarketing.beans.MultiTree>
  <com.dotmarketing.beans.MultiTree>
    <parent1>88b2b481-6a88-4022-b71f-518aa7335ea0</parent1>
    <parent2>56bd55ea-b04b-480d-9e37-5d6f9217dcc3</parent2>
    <child>60b0f589-d2e5-4365-bafd-67cf8afef786</child>
    <treeOrder>0</treeOrder>
  </com.dotmarketing.beans.MultiTree>
  <com.dotmarketing.beans.MultiTree>
    <parent1>88b2b481-6a88-4022-b71f-518aa7335ea0</parent1>
    <parent2>5eb11b21-6b13-4fb8-a823-1de20bba56c0</parent2>
    <child>1040556d-ce25-4ec5-bae6-39c571813808</child>
    <treeOrder>0</treeOrder>
  </com.dotmarketing.beans.MultiTree>
  <com.dotmarketing.beans.MultiTree>
    <parent1>8a1b7209-c6e8-43a7-b66f-7f59f493ae4f</parent1>
    <parent2>56bd55ea-b04b-480d-9e37-5d6f9217dcc3</parent2>
    <child>26b81e15-a2db-4a37-a5f3-f60ef47c8bb3</child>
    <treeOrder>0</treeOrder>
  </com.dotmarketing.beans.MultiTree>
  <com.dotmarketing.beans.MultiTree>
    <parent1>8aff34ed-d163-4311-9712-9b74e51e0044</parent1>
    <parent2>5363c6c6-5ba0-4946-b7af-cf875188ac2e</parent2>
    <child>25acf41e-d993-4d7c-a4c9-59f75e45709d</child>
    <treeOrder>0</treeOrder>
  </com.dotmarketing.beans.MultiTree>
  <com.dotmarketing.beans.MultiTree>
    <parent1>8aff34ed-d163-4311-9712-9b74e51e0044</parent1>
    <parent2>56bd55ea-b04b-480d-9e37-5d6f9217dcc3</parent2>
    <child>2c8677ef-31e7-4516-bf62-21d4ea547501</child>
    <treeOrder>2</treeOrder>
  </com.dotmarketing.beans.MultiTree>
  <com.dotmarketing.beans.MultiTree>
    <parent1>8aff34ed-d163-4311-9712-9b74e51e0044</parent1>
    <parent2>5eb11b21-6b13-4fb8-a823-1de20bba56c0</parent2>
    <child>25acf41e-d993-4d7c-a4c9-59f75e45709d</child>
    <treeOrder>0</treeOrder>
  </com.dotmarketing.beans.MultiTree>
  <com.dotmarketing.beans.MultiTree>
    <parent1>8dac83a5-4a32-4786-bbe4-f09192a1ad77</parent1>
    <parent2>56bd55ea-b04b-480d-9e37-5d6f9217dcc3</parent2>
    <child>f84b65a4-f636-485b-a9da-e465510f10e2</child>
    <treeOrder>1</treeOrder>
  </com.dotmarketing.beans.MultiTree>
  <com.dotmarketing.beans.MultiTree>
    <parent1>8e7dccc5-928e-4c13-9044-cca0566ada23</parent1>
    <parent2>56bd55ea-b04b-480d-9e37-5d6f9217dcc3</parent2>
    <child>052c97cd-6a6d-498a-893d-37ca13046be2</child>
    <treeOrder>0</treeOrder>
  </com.dotmarketing.beans.MultiTree>
  <com.dotmarketing.beans.MultiTree>
    <parent1>8f9892b8-de32-439a-b496-5c6620ac317a</parent1>
    <parent2>5363c6c6-5ba0-4946-b7af-cf875188ac2e</parent2>
    <child>593b8445-8d4c-429c-9701-75732fbcb3f8</child>
    <treeOrder>0</treeOrder>
  </com.dotmarketing.beans.MultiTree>
  <com.dotmarketing.beans.MultiTree>
    <parent1>8f9892b8-de32-439a-b496-5c6620ac317a</parent1>
    <parent2>56bd55ea-b04b-480d-9e37-5d6f9217dcc3</parent2>
    <child>79c481c3-0965-43ed-83c2-78715b029857</child>
    <treeOrder>1</treeOrder>
  </com.dotmarketing.beans.MultiTree>
  <com.dotmarketing.beans.MultiTree>
    <parent1>8f9892b8-de32-439a-b496-5c6620ac317a</parent1>
    <parent2>5eb11b21-6b13-4fb8-a823-1de20bba56c0</parent2>
    <child>593b8445-8d4c-429c-9701-75732fbcb3f8</child>
    <treeOrder>0</treeOrder>
  </com.dotmarketing.beans.MultiTree>
  <com.dotmarketing.beans.MultiTree>
    <parent1>91c4759b-0b80-4fd4-9392-cbe3d6999f30</parent1>
    <parent2>56bd55ea-b04b-480d-9e37-5d6f9217dcc3</parent2>
    <child>e3a63db4-3d5c-4510-b05a-c803f0f175dc</child>
    <treeOrder>0</treeOrder>
  </com.dotmarketing.beans.MultiTree>
  <com.dotmarketing.beans.MultiTree>
    <parent1>951e63e3-8e3f-4ce4-92ef-ff9d7f66480e</parent1>
    <parent2>56bd55ea-b04b-480d-9e37-5d6f9217dcc3</parent2>
    <child>26a9c4e0-c52d-4d8e-8b30-3aa5400cb256</child>
    <treeOrder>0</treeOrder>
  </com.dotmarketing.beans.MultiTree>
  <com.dotmarketing.beans.MultiTree>
    <parent1>9c5f42da-31b1-4935-9df6-153f5de1bdf2</parent1>
    <parent2>5363c6c6-5ba0-4946-b7af-cf875188ac2e</parent2>
    <child>593b8445-8d4c-429c-9701-75732fbcb3f8</child>
    <treeOrder>0</treeOrder>
  </com.dotmarketing.beans.MultiTree>
  <com.dotmarketing.beans.MultiTree>
    <parent1>9c5f42da-31b1-4935-9df6-153f5de1bdf2</parent1>
    <parent2>56bd55ea-b04b-480d-9e37-5d6f9217dcc3</parent2>
    <child>39ff3d21-ea01-4e76-89e6-c28e7f20f526</child>
    <treeOrder>2</treeOrder>
  </com.dotmarketing.beans.MultiTree>
  <com.dotmarketing.beans.MultiTree>
    <parent1>9c5f42da-31b1-4935-9df6-153f5de1bdf2</parent1>
    <parent2>5eb11b21-6b13-4fb8-a823-1de20bba56c0</parent2>
    <child>593b8445-8d4c-429c-9701-75732fbcb3f8</child>
    <treeOrder>1</treeOrder>
  </com.dotmarketing.beans.MultiTree>
  <com.dotmarketing.beans.MultiTree>
    <parent1>a088b172-e621-4870-8389-a1c5f284e7d9</parent1>
    <parent2>56bd55ea-b04b-480d-9e37-5d6f9217dcc3</parent2>
    <child>4fdcb493-bbb5-43e7-8854-eaeb89bf997d</child>
    <treeOrder>0</treeOrder>
  </com.dotmarketing.beans.MultiTree>
  <com.dotmarketing.beans.MultiTree>
    <parent1>a0c4d65f-c55c-4360-93a4-b3a8c06190e1</parent1>
    <parent2>56bd55ea-b04b-480d-9e37-5d6f9217dcc3</parent2>
    <child>84d6d2ea-e22f-4182-93ba-1a247bec000f</child>
    <treeOrder>0</treeOrder>
  </com.dotmarketing.beans.MultiTree>
  <com.dotmarketing.beans.MultiTree>
    <parent1>a108547e-107e-4f9a-a52c-c956621f0995</parent1>
    <parent2>56bd55ea-b04b-480d-9e37-5d6f9217dcc3</parent2>
    <child>dc4c4c97-2ed4-4491-a8fc-3c3dca7684c9</child>
    <treeOrder>0</treeOrder>
  </com.dotmarketing.beans.MultiTree>
  <com.dotmarketing.beans.MultiTree>
    <parent1>a108547e-107e-4f9a-a52c-c956621f0995</parent1>
    <parent2>5eb11b21-6b13-4fb8-a823-1de20bba56c0</parent2>
    <child>4a8cd6a4-68da-47e7-8f19-22da1f1f9f01</child>
    <treeOrder>2</treeOrder>
  </com.dotmarketing.beans.MultiTree>
  <com.dotmarketing.beans.MultiTree>
    <parent1>a108547e-107e-4f9a-a52c-c956621f0995</parent1>
    <parent2>5eb11b21-6b13-4fb8-a823-1de20bba56c0</parent2>
    <child>e7be3722-cd54-4bc9-90cd-9b0f06ba2ef9</child>
    <treeOrder>1</treeOrder>
  </com.dotmarketing.beans.MultiTree>
  <com.dotmarketing.beans.MultiTree>
    <parent1>a47fb270-8224-4a30-a9f5-4a146c33f7aa</parent1>
    <parent2>56bd55ea-b04b-480d-9e37-5d6f9217dcc3</parent2>
    <child>5cb175ff-3191-4291-a31a-abfd35b19729</child>
    <treeOrder>0</treeOrder>
  </com.dotmarketing.beans.MultiTree>
  <com.dotmarketing.beans.MultiTree>
    <parent1>a882178f-0433-4404-881e-c30634362517</parent1>
    <parent2>56bd55ea-b04b-480d-9e37-5d6f9217dcc3</parent2>
    <child>56eb7edf-22c2-4080-85b9-01ea1feb9174</child>
    <treeOrder>0</treeOrder>
  </com.dotmarketing.beans.MultiTree>
  <com.dotmarketing.beans.MultiTree>
    <parent1>a9aaca31-e460-45f3-a150-2c709796362d</parent1>
    <parent2>5363c6c6-5ba0-4946-b7af-cf875188ac2e</parent2>
    <child>25acf41e-d993-4d7c-a4c9-59f75e45709d</child>
    <treeOrder>0</treeOrder>
  </com.dotmarketing.beans.MultiTree>
  <com.dotmarketing.beans.MultiTree>
    <parent1>a9aaca31-e460-45f3-a150-2c709796362d</parent1>
    <parent2>56bd55ea-b04b-480d-9e37-5d6f9217dcc3</parent2>
    <child>9d4fed78-e5d7-4fcc-86e3-c45ad5ea3c63</child>
    <treeOrder>2</treeOrder>
  </com.dotmarketing.beans.MultiTree>
  <com.dotmarketing.beans.MultiTree>
    <parent1>a9aaca31-e460-45f3-a150-2c709796362d</parent1>
    <parent2>5eb11b21-6b13-4fb8-a823-1de20bba56c0</parent2>
    <child>25acf41e-d993-4d7c-a4c9-59f75e45709d</child>
    <treeOrder>3</treeOrder>
  </com.dotmarketing.beans.MultiTree>
  <com.dotmarketing.beans.MultiTree>
    <parent1>a9f30020-54ef-494e-92ed-645e757171c2</parent1>
    <parent2>3f0255e8-b45d-46ea-8bb7-eb6597db4c1e</parent2>
    <child>5d021a67-dafa-4244-be12-a3afdc956dd6</child>
    <treeOrder>3</treeOrder>
  </com.dotmarketing.beans.MultiTree>
  <com.dotmarketing.beans.MultiTree>
    <parent1>a9f30020-54ef-494e-92ed-645e757171c2</parent1>
    <parent2>3f0255e8-b45d-46ea-8bb7-eb6597db4c1e</parent2>
    <child>97e2e928-8f6c-4253-a07e-2eb1d5d10e3f</child>
    <treeOrder>0</treeOrder>
  </com.dotmarketing.beans.MultiTree>
  <com.dotmarketing.beans.MultiTree>
    <parent1>a9f30020-54ef-494e-92ed-645e757171c2</parent1>
    <parent2>3f0255e8-b45d-46ea-8bb7-eb6597db4c1e</parent2>
    <child>9e66d0d6-04f9-436f-8afa-873cfac9fdea</child>
    <treeOrder>2</treeOrder>
  </com.dotmarketing.beans.MultiTree>
  <com.dotmarketing.beans.MultiTree>
    <parent1>a9f30020-54ef-494e-92ed-645e757171c2</parent1>
    <parent2>3f0255e8-b45d-46ea-8bb7-eb6597db4c1e</parent2>
    <child>ef2f92e9-c289-454f-a083-131a87fa29ec</child>
    <treeOrder>1</treeOrder>
  </com.dotmarketing.beans.MultiTree>
  <com.dotmarketing.beans.MultiTree>
    <parent1>a9f30020-54ef-494e-92ed-645e757171c2</parent1>
    <parent2>5363c6c6-5ba0-4946-b7af-cf875188ac2e</parent2>
    <child>5a125bb6-4950-429a-9cfc-f1a9c8d90aa8</child>
    <treeOrder>0</treeOrder>
  </com.dotmarketing.beans.MultiTree>
  <com.dotmarketing.beans.MultiTree>
    <parent1>a9f30020-54ef-494e-92ed-645e757171c2</parent1>
    <parent2>56bd55ea-b04b-480d-9e37-5d6f9217dcc3</parent2>
    <child>47c46b39-20ce-462b-ae3d-5b78c36c4d73</child>
    <treeOrder>9</treeOrder>
  </com.dotmarketing.beans.MultiTree>
  <com.dotmarketing.beans.MultiTree>
    <parent1>a9f30020-54ef-494e-92ed-645e757171c2</parent1>
    <parent2>6a12bbda-0ae2-4121-a98b-ad8069eaff3a</parent2>
    <child>4a3d5d01-a08f-4709-8834-a96cb5d2b0e3</child>
    <treeOrder>12</treeOrder>
  </com.dotmarketing.beans.MultiTree>
  <com.dotmarketing.beans.MultiTree>
    <parent1>a9f30020-54ef-494e-92ed-645e757171c2</parent1>
    <parent2>bf26b7b2-7a97-4bb6-9887-834ea03341db</parent2>
    <child>44964380-06d8-4b50-a22b-58741614b238</child>
    <treeOrder>0</treeOrder>
  </com.dotmarketing.beans.MultiTree>
  <com.dotmarketing.beans.MultiTree>
    <parent1>a9f30020-54ef-494e-92ed-645e757171c2</parent1>
    <parent2>d5f5f4ee-067e-4d72-addd-afd80989f684</parent2>
    <child>5a125bb6-4950-429a-9cfc-f1a9c8d90aa8</child>
    <treeOrder>0</treeOrder>
  </com.dotmarketing.beans.MultiTree>
  <com.dotmarketing.beans.MultiTree>
    <parent1>a9f30020-54ef-494e-92ed-645e757171c2</parent1>
    <parent2>fc193c82-8c32-4abe-ba8a-49522328c93e</parent2>
    <child>00d9d4da-b24f-4491-af54-5c98a448269a</child>
    <treeOrder>12</treeOrder>
  </com.dotmarketing.beans.MultiTree>
  <com.dotmarketing.beans.MultiTree>
    <parent1>bb7ca6fc-5025-4268-aca5-c077ed1e532a</parent1>
    <parent2>56bd55ea-b04b-480d-9e37-5d6f9217dcc3</parent2>
    <child>60285c48-be4c-46f3-b894-f3965b8cc791</child>
    <treeOrder>0</treeOrder>
  </com.dotmarketing.beans.MultiTree>
  <com.dotmarketing.beans.MultiTree>
    <parent1>bb7ca6fc-5025-4268-aca5-c077ed1e532a</parent1>
    <parent2>5eb11b21-6b13-4fb8-a823-1de20bba56c0</parent2>
    <child>638aaaea-3ed7-42e9-a084-034fdc5c617d</child>
    <treeOrder>0</treeOrder>
  </com.dotmarketing.beans.MultiTree>
  <com.dotmarketing.beans.MultiTree>
    <parent1>bb7ca6fc-5025-4268-aca5-c077ed1e532a</parent1>
    <parent2>5eb11b21-6b13-4fb8-a823-1de20bba56c0</parent2>
    <child>7d9a4b49-7e63-48e7-9bbf-c99106942278</child>
    <treeOrder>0</treeOrder>
  </com.dotmarketing.beans.MultiTree>
  <com.dotmarketing.beans.MultiTree>
    <parent1>c12fe7e6-d338-49d5-973b-2d974d57015b</parent1>
    <parent2>5363c6c6-5ba0-4946-b7af-cf875188ac2e</parent2>
    <child>2efc77b4-a54f-479b-8a81-a133b9e6da04</child>
    <treeOrder>0</treeOrder>
  </com.dotmarketing.beans.MultiTree>
  <com.dotmarketing.beans.MultiTree>
    <parent1>c12fe7e6-d338-49d5-973b-2d974d57015b</parent1>
    <parent2>5363c6c6-5ba0-4946-b7af-cf875188ac2e</parent2>
    <child>5aef0c62-b7d6-4805-9e7c-77a67f4822f3</child>
    <treeOrder>1</treeOrder>
  </com.dotmarketing.beans.MultiTree>
  <com.dotmarketing.beans.MultiTree>
    <parent1>c12fe7e6-d338-49d5-973b-2d974d57015b</parent1>
    <parent2>5363c6c6-5ba0-4946-b7af-cf875188ac2e</parent2>
    <child>66d47ebf-7b11-4076-85b0-b6c8c373d000</child>
    <treeOrder>2</treeOrder>
  </com.dotmarketing.beans.MultiTree>
  <com.dotmarketing.beans.MultiTree>
    <parent1>c12fe7e6-d338-49d5-973b-2d974d57015b</parent1>
    <parent2>56bd55ea-b04b-480d-9e37-5d6f9217dcc3</parent2>
    <child>767509b1-2392-4661-a16b-e0e31ce27719</child>
    <treeOrder>25</treeOrder>
  </com.dotmarketing.beans.MultiTree>
  <com.dotmarketing.beans.MultiTree>
    <parent1>c12fe7e6-d338-49d5-973b-2d974d57015b</parent1>
    <parent2>5eb11b21-6b13-4fb8-a823-1de20bba56c0</parent2>
    <child>2efc77b4-a54f-479b-8a81-a133b9e6da04</child>
    <treeOrder>1</treeOrder>
  </com.dotmarketing.beans.MultiTree>
  <com.dotmarketing.beans.MultiTree>
    <parent1>c308f4bb-77d0-4735-a84b-21d7af8d2604</parent1>
    <parent2>56bd55ea-b04b-480d-9e37-5d6f9217dcc3</parent2>
    <child>7b4e23c4-8ce3-416e-bbaa-8fd3a790ed14</child>
    <treeOrder>1</treeOrder>
  </com.dotmarketing.beans.MultiTree>
  <com.dotmarketing.beans.MultiTree>
    <parent1>ca8723a1-ce2d-4ae7-88cc-ac010d5405f5</parent1>
    <parent2>56bd55ea-b04b-480d-9e37-5d6f9217dcc3</parent2>
    <child>38032233-4d8c-40fe-8d90-9081e2ddc290</child>
    <treeOrder>0</treeOrder>
  </com.dotmarketing.beans.MultiTree>
  <com.dotmarketing.beans.MultiTree>
    <parent1>ca8723a1-ce2d-4ae7-88cc-ac010d5405f5</parent1>
    <parent2>56bd55ea-b04b-480d-9e37-5d6f9217dcc3</parent2>
    <child>b7646ce9-42c6-49b4-89ec-a4a010dac246</child>
    <treeOrder>1</treeOrder>
  </com.dotmarketing.beans.MultiTree>
  <com.dotmarketing.beans.MultiTree>
    <parent1>cebbdee0-82f8-4fe0-a08d-9326542c1651</parent1>
    <parent2>56bd55ea-b04b-480d-9e37-5d6f9217dcc3</parent2>
    <child>3fcda398-1bfa-4cb9-9620-2d7147bcc4f2</child>
    <treeOrder>0</treeOrder>
  </com.dotmarketing.beans.MultiTree>
  <com.dotmarketing.beans.MultiTree>
    <parent1>cebbdee0-82f8-4fe0-a08d-9326542c1651</parent1>
    <parent2>56bd55ea-b04b-480d-9e37-5d6f9217dcc3</parent2>
    <child>800dedcc-7fe8-475d-8dbf-7842b8b4c50c</child>
    <treeOrder>0</treeOrder>
  </com.dotmarketing.beans.MultiTree>
  <com.dotmarketing.beans.MultiTree>
    <parent1>d2f7edd9-5dcf-4125-9a2a-1a3464066994</parent1>
    <parent2>56bd55ea-b04b-480d-9e37-5d6f9217dcc3</parent2>
    <child>36689c21-2edc-4044-a9e6-a97113e17559</child>
    <treeOrder>0</treeOrder>
  </com.dotmarketing.beans.MultiTree>
  <com.dotmarketing.beans.MultiTree>
    <parent1>d2f7edd9-5dcf-4125-9a2a-1a3464066994</parent1>
    <parent2>56bd55ea-b04b-480d-9e37-5d6f9217dcc3</parent2>
    <child>68e960a0-9328-4a85-ab22-f93d708ade32</child>
    <treeOrder>25</treeOrder>
  </com.dotmarketing.beans.MultiTree>
  <com.dotmarketing.beans.MultiTree>
    <parent1>dc9d1fcc-a499-44d8-a7f2-397f3da360b6</parent1>
    <parent2>5363c6c6-5ba0-4946-b7af-cf875188ac2e</parent2>
    <child>6b818c95-1dbf-477c-92b7-a2385bdd3d3f</child>
    <treeOrder>0</treeOrder>
  </com.dotmarketing.beans.MultiTree>
  <com.dotmarketing.beans.MultiTree>
    <parent1>dc9d1fcc-a499-44d8-a7f2-397f3da360b6</parent1>
    <parent2>56bd55ea-b04b-480d-9e37-5d6f9217dcc3</parent2>
    <child>90a157f3-4d88-4f50-b64c-e4f8eeb8d74a</child>
    <treeOrder>25</treeOrder>
  </com.dotmarketing.beans.MultiTree>
  <com.dotmarketing.beans.MultiTree>
    <parent1>dc9d1fcc-a499-44d8-a7f2-397f3da360b6</parent1>
    <parent2>5eb11b21-6b13-4fb8-a823-1de20bba56c0</parent2>
    <child>2efc77b4-a54f-479b-8a81-a133b9e6da04</child>
    <treeOrder>0</treeOrder>
  </com.dotmarketing.beans.MultiTree>
  <com.dotmarketing.beans.MultiTree>
    <parent1>dd7b1a72-bf69-49af-af30-cba094b7c2a0</parent1>
    <parent2>56bd55ea-b04b-480d-9e37-5d6f9217dcc3</parent2>
    <child>55994a0e-523f-4878-9509-440514d0abdd</child>
    <treeOrder>0</treeOrder>
  </com.dotmarketing.beans.MultiTree>
  <com.dotmarketing.beans.MultiTree>
    <parent1>e33153ff-d668-4afe-b055-afc176a51787</parent1>
    <parent2>56bd55ea-b04b-480d-9e37-5d6f9217dcc3</parent2>
    <child>3b0d32a7-1124-47b0-b09b-de3ba35a77e4</child>
    <treeOrder>1</treeOrder>
  </com.dotmarketing.beans.MultiTree>
  <com.dotmarketing.beans.MultiTree>
    <parent1>e476a7f6-d252-4a47-be8a-6de4c5d4cc4b</parent1>
    <parent2>56bd55ea-b04b-480d-9e37-5d6f9217dcc3</parent2>
    <child>0c9d3e55-138b-430a-a366-6a92bd1ee036</child>
    <treeOrder>0</treeOrder>
  </com.dotmarketing.beans.MultiTree>
  <com.dotmarketing.beans.MultiTree>
    <parent1>e7bbc4c8-0e0d-4af1-8ee9-8a5e684c2935</parent1>
    <parent2>56bd55ea-b04b-480d-9e37-5d6f9217dcc3</parent2>
    <child>b031f162-8264-488f-8c4f-a8185eac5595</child>
    <treeOrder>0</treeOrder>
  </com.dotmarketing.beans.MultiTree>
  <com.dotmarketing.beans.MultiTree>
    <parent1>ebc05a98-d211-494f-afb0-582ce6386e24</parent1>
    <parent2>56bd55ea-b04b-480d-9e37-5d6f9217dcc3</parent2>
    <child>0f6384c2-0d7e-4451-9345-8b7f3bec293c</child>
    <treeOrder>0</treeOrder>
  </com.dotmarketing.beans.MultiTree>
  <com.dotmarketing.beans.MultiTree>
    <parent1>ef223c47-b99c-4e50-9dbd-39cc7b68e527</parent1>
    <parent2>5363c6c6-5ba0-4946-b7af-cf875188ac2e</parent2>
    <child>0c69da5c-2a05-452f-9305-3be6926d5079</child>
    <treeOrder>2</treeOrder>
  </com.dotmarketing.beans.MultiTree>
  <com.dotmarketing.beans.MultiTree>
    <parent1>ef223c47-b99c-4e50-9dbd-39cc7b68e527</parent1>
    <parent2>5363c6c6-5ba0-4946-b7af-cf875188ac2e</parent2>
    <child>784bebeb-ce31-414f-b7e8-41653ea9f195</child>
    <treeOrder>1</treeOrder>
  </com.dotmarketing.beans.MultiTree>
  <com.dotmarketing.beans.MultiTree>
    <parent1>ef223c47-b99c-4e50-9dbd-39cc7b68e527</parent1>
    <parent2>5363c6c6-5ba0-4946-b7af-cf875188ac2e</parent2>
    <child>8b068545-d244-45b2-9c44-07e11fbbc217</child>
    <treeOrder>0</treeOrder>
  </com.dotmarketing.beans.MultiTree>
  <com.dotmarketing.beans.MultiTree>
    <parent1>ef223c47-b99c-4e50-9dbd-39cc7b68e527</parent1>
    <parent2>56bd55ea-b04b-480d-9e37-5d6f9217dcc3</parent2>
    <child>b4ae5fd4-c4c7-4590-8299-00569a9f13be</child>
    <treeOrder>0</treeOrder>
  </com.dotmarketing.beans.MultiTree>
  <com.dotmarketing.beans.MultiTree>
    <parent1>f4a02846-7ca4-4e08-bf07-a61366bbacbb</parent1>
    <parent2>56bd55ea-b04b-480d-9e37-5d6f9217dcc3</parent2>
    <child>a86af252-78e2-4d3d-a21b-c8fc0b3d2494</child>
    <treeOrder>2</treeOrder>
  </com.dotmarketing.beans.MultiTree>
  <com.dotmarketing.beans.MultiTree>
    <parent1>f4a02846-7ca4-4e08-bf07-a61366bbacbb</parent1>
    <parent2>56bd55ea-b04b-480d-9e37-5d6f9217dcc3</parent2>
    <child>d3ebb5ca-6ce4-41ca-a75d-5d3e12f0afc2</child>
    <treeOrder>3</treeOrder>
  </com.dotmarketing.beans.MultiTree>
  <com.dotmarketing.beans.MultiTree>
    <parent1>f4a02846-7ca4-4e08-bf07-a61366bbacbb</parent1>
    <parent2>56bd55ea-b04b-480d-9e37-5d6f9217dcc3</parent2>
    <child>ef73da5d-951a-48da-909f-b4b78f23e402</child>
    <treeOrder>4</treeOrder>
  </com.dotmarketing.beans.MultiTree>
  <com.dotmarketing.beans.MultiTree>
    <parent1>f4a02846-7ca4-4e08-bf07-a61366bbacbb</parent1>
    <parent2>5eb11b21-6b13-4fb8-a823-1de20bba56c0</parent2>
    <child>02f42c83-fdd4-4f04-8a25-8d1b9e98bb4a</child>
    <treeOrder>1</treeOrder>
  </com.dotmarketing.beans.MultiTree>
  <com.dotmarketing.beans.MultiTree>
    <parent1>f4a02846-7ca4-4e08-bf07-a61366bbacbb</parent1>
    <parent2>a6e9652b-8183-4c09-b775-26196b09a300</parent2>
    <child>27108d63-969e-4086-a405-86777be16230</child>
    <treeOrder>5</treeOrder>
  </com.dotmarketing.beans.MultiTree>
  <com.dotmarketing.beans.MultiTree>
    <parent1>f4a02846-7ca4-4e08-bf07-a61366bbacbb</parent1>
    <parent2>f1ba7688-453c-4c0d-a214-e5ac802b8034</parent2>
    <child>735c44a5-3e6b-4047-a8c3-8ea9146e1762</child>
    <treeOrder>1</treeOrder>
  </com.dotmarketing.beans.MultiTree>
  <com.dotmarketing.beans.MultiTree>
    <parent1>f9fc55e7-557a-4047-a8be-15e5ca69fa62</parent1>
    <parent2>56bd55ea-b04b-480d-9e37-5d6f9217dcc3</parent2>
    <child>61ed0667-48ab-4664-81f2-da4da9b0c1dc</child>
    <treeOrder>0</treeOrder>
  </com.dotmarketing.beans.MultiTree>
  <com.dotmarketing.beans.MultiTree>
    <parent1>fd4c5695-2f23-42de-8dd5-25d8e856b6ce</parent1>
    <parent2>56bd55ea-b04b-480d-9e37-5d6f9217dcc3</parent2>
    <child>26896749-ae48-4b59-9c74-6b50a96ee342</child>
    <treeOrder>0</treeOrder>
  </com.dotmarketing.beans.MultiTree>
  <com.dotmarketing.beans.MultiTree>
    <parent1>fd4c5695-2f23-42de-8dd5-25d8e856b6ce</parent1>
    <parent2>56bd55ea-b04b-480d-9e37-5d6f9217dcc3</parent2>
    <child>6a332a5d-8774-4f11-9c16-f7a0a58fc3fd</child>
    <treeOrder>1</treeOrder>
  </com.dotmarketing.beans.MultiTree>
  <com.dotmarketing.beans.MultiTree>
    <parent1>fdeb07ff-6fc3-4237-91d9-728109bc621d</parent1>
    <parent2>56bd55ea-b04b-480d-9e37-5d6f9217dcc3</parent2>
    <child>2aab65b8-2014-49ec-a7e2-0541978871df</child>
    <treeOrder>1</treeOrder>
  </com.dotmarketing.beans.MultiTree>
  <com.dotmarketing.beans.MultiTree>
    <parent1>fe50e1fc-689b-4ba4-b109-9351a8fd2c54</parent1>
    <parent2>56bd55ea-b04b-480d-9e37-5d6f9217dcc3</parent2>
    <child>a333f853-2550-4f36-b67a-04e91bb1cb7a</child>
    <treeOrder>25</treeOrder>
  </com.dotmarketing.beans.MultiTree>
</list>