<list>
  <map>
    <entry>
      <string>choiceid</string>
      <string>a</string>
    </entry>
    <entry>
      <string>questionid</string>
      <string>1</string>
    </entry>
    <entry>
      <string>description</string>
      <string>Chocolate</string>
    </entry>
    <entry>
      <string>rownumber</string>
      <string>0</string>
    </entry>
    <entry>
      <string>oddoreven</string>
      <string>0</string>
    </entry>
  </map>
  <map>
    <entry>
      <string>choiceid</string>
      <string>b</string>
    </entry>
    <entry>
      <string>questionid</string>
      <string>1</string>
    </entry>
    <entry>
      <string>description</string>
      <string>Strawberry</string>
    </entry>
    <entry>
      <string>rownumber</string>
      <string>1</string>
    </entry>
    <entry>
      <string>oddoreven</string>
      <string>1</string>
    </entry>
  </map>
  <map>
    <entry>
      <string>choiceid</string>
      <string>c</string>
    </entry>
    <entry>
      <string>questionid</string>
      <string>1</string>
    </entry>
    <entry>
      <string>description</string>
      <string>Vanilla</string>
    </entry>
    <entry>
      <string>rownumber</string>
      <string>2</string>
    </entry>
    <entry>
      <string>oddoreven</string>
      <string>0</string>
    </entry>
  </map>
  <map>
    <entry>
      <string>choiceid</string>
      <string>b</string>
    </entry>
    <entry>
      <string>questionid</string>
      <string>13</string>
    </entry>
    <entry>
      <string>description</string>
      <string>banana</string>
    </entry>
    <entry>
      <string>rownumber</string>
      <string>3</string>
    </entry>
    <entry>
      <string>oddoreven</string>
      <string>1</string>
    </entry>
  </map>
  <map>
    <entry>
      <string>choiceid</string>
      <string>c</string>
    </entry>
    <entry>
      <string>questionid</string>
      <string>13</string>
    </entry>
    <entry>
      <string>description</string>
      <string>orange</string>
    </entry>
    <entry>
      <string>rownumber</string>
      <string>4</string>
    </entry>
    <entry>
      <string>oddoreven</string>
      <string>0</string>
    </entry>
  </map>
  <map>
    <entry>
      <string>choiceid</string>
      <string>a</string>
    </entry>
    <entry>
      <string>questionid</string>
      <string>13</string>
    </entry>
    <entry>
      <string>description</string>
      <string>apple</string>
    </entry>
    <entry>
      <string>rownumber</string>
      <string>5</string>
    </entry>
    <entry>
      <string>oddoreven</string>
      <string>1</string>
    </entry>
  </map>
</list>