{"rules":[{"id":"411c4884-ed90-4398-bb1b-cc5541ed5466","name":"Set Persona","fireOn":"EVERY_PAGE","shortCircuit":false,"parent":"a108547e-107e-4f9a-a52c-c956621f0995","folder":"SYSTEM_FOLDER","priority":1,"enabled":true,"modDate":null,"groups":[],"ruleActions":[{"id":"eb5529c9-f667-432f-9bfa-e336219d550b","ruleId":"411c4884-ed90-4398-bb1b-cc5541ed5466","priority":1,"actionlet":"PersonaActionlet","modDate":null,"actionDefinition":{"id":"PersonaActionlet","i18nKey":"api.system.ruleengine.actionlet.SetPersona","parameterDefinitions":{"personaIdKey":{"key":"personaIdKey","i18nBaseKey":null,"defaultValue":"","inputType":{"id":"restDropdown","dataType":{"id":"text","errorMessageKey":"api.system.type.text","defaultValue":null,"constraints":{}},"placeholder":"","optionUrl":"/api/v1/personas","jsonValueField":"key","jsonLabelField":"name","allowAdditions":false,"minSelections":1,"maxSelections":1},"priority":1}}},"parameters":{"personaIdKey":{"id":"9a5baff3-9a8f-42e0-9fab-c5d335429878","ownerId":"eb5529c9-f667-432f-9bfa-e336219d550b","key":"personaIdKey","value":"34c720cd-4b46-4a67-9e4b-2117071d01f1","priority":0}}}],"owner":null,"permissionId":"411c4884-ed90-4398-bb1b-cc5541ed5466","permissionType":"com.dotmarketing.portlets.rules.model.Rule"},{"id":"459b9903-5801-4481-95f7-d6b110daa760","name":"Wealthy Prospect - Persona","fireOn":"EVERY_PAGE","shortCircuit":false,"parent":"88b2b481-6a88-4022-b71f-518aa7335ea0","folder":"SYSTEM_FOLDER","priority":1,"enabled":true,"modDate":null,"groups":[],"ruleActions":[{"id":"90c40eb7-3165-4b67-b001-8386cad335e4","ruleId":"459b9903-5801-4481-95f7-d6b110daa760","priority":1,"actionlet":"PersonaActionlet","modDate":null,"actionDefinition":{"id":"PersonaActionlet","i18nKey":"api.system.ruleengine.actionlet.SetPersona","parameterDefinitions":{"personaIdKey":{"key":"personaIdKey","i18nBaseKey":null,"defaultValue":"","inputType":{"id":"restDropdown","dataType":{"id":"text","errorMessageKey":"api.system.type.text","defaultValue":null,"constraints":{}},"placeholder":"","optionUrl":"/api/v1/personas","jsonValueField":"key","jsonLabelField":"name","allowAdditions":false,"minSelections":1,"maxSelections":1},"priority":1}}},"parameters":{"personaIdKey":{"id":"fabbea05-0874-425c-95e5-e5781416907d","ownerId":"90c40eb7-3165-4b67-b001-8386cad335e4","key":"personaIdKey","value":"d4ffa84f-8746-46f8-ac29-1f8ca2c7eaeb","priority":0}}}],"owner":null,"permissionId":"459b9903-5801-4481-95f7-d6b110daa760","permissionType":"com.dotmarketing.portlets.rules.model.Rule"},{"id":"92947f4c-b7a3-474e-ad53-efb0082cfd89","name":"Global Investors - Persona","fireOn":"EVERY_PAGE","shortCircuit":false,"parent":"4cd6081f-e93e-4647-9759-3185a8de8807","folder":"SYSTEM_FOLDER","priority":1,"enabled":true,"modDate":null,"groups":[],"ruleActions":[{"id":"949dd4a1-7347-421e-800c-95953fe8c96c","ruleId":"92947f4c-b7a3-474e-ad53-efb0082cfd89","priority":1,"actionlet":"PersonaActionlet","modDate":null,"actionDefinition":{"id":"PersonaActionlet","i18nKey":"api.system.ruleengine.actionlet.SetPersona","parameterDefinitions":{"personaIdKey":{"key":"personaIdKey","i18nBaseKey":null,"defaultValue":"","inputType":{"id":"restDropdown","dataType":{"id":"text","errorMessageKey":"api.system.type.text","defaultValue":null,"constraints":{}},"placeholder":"","optionUrl":"/api/v1/personas","jsonValueField":"key","jsonLabelField":"name","allowAdditions":false,"minSelections":1,"maxSelections":1},"priority":1}}},"parameters":{"personaIdKey":{"id":"fc1ddb28-f680-4856-9b75-8bf2602fd7cc","ownerId":"949dd4a1-7347-421e-800c-95953fe8c96c","key":"personaIdKey","value":"1c56ba62-1f41-4b81-bd62-b6eacff3ad23","priority":0}}}],"owner":null,"permissionId":"92947f4c-b7a3-474e-ad53-efb0082cfd89","permissionType":"com.dotmarketing.portlets.rules.model.Rule"},{"id":"1e70117f-3e7b-465c-b257-fa7062a2a4bf","name":"Retirees - Persona","fireOn":"EVERY_PAGE","shortCircuit":false,"parent":"bb7ca6fc-5025-4268-aca5-c077ed1e532a","folder":"SYSTEM_FOLDER","priority":1,"enabled":true,"modDate":null,"groups":[],"ruleActions":[{"id":"711dbcf8-755f-4b08-97f5-ed51f89fe158","ruleId":"1e70117f-3e7b-465c-b257-fa7062a2a4bf","priority":1,"actionlet":"PersonaActionlet","modDate":null,"actionDefinition":{"id":"PersonaActionlet","i18nKey":"api.system.ruleengine.actionlet.SetPersona","parameterDefinitions":{"personaIdKey":{"key":"personaIdKey","i18nBaseKey":null,"defaultValue":"","inputType":{"id":"restDropdown","dataType":{"id":"text","errorMessageKey":"api.system.type.text","defaultValue":null,"constraints":{}},"placeholder":"","optionUrl":"/api/v1/personas","jsonValueField":"key","jsonLabelField":"name","allowAdditions":false,"minSelections":1,"maxSelections":1},"priority":1}}},"parameters":{"personaIdKey":{"id":"8fe9f11f-65ea-4516-874a-96afb526633d","ownerId":"711dbcf8-755f-4b08-97f5-ed51f89fe158","key":"personaIdKey","value":"914c93c2-800a-4638-8832-349c221cc87a","priority":0}}}],"owner":null,"permissionId":"1e70117f-3e7b-465c-b257-fa7062a2a4bf","permissionType":"com.dotmarketing.portlets.rules.model.Rule"}]}