{"rules":[{"id":"0862904c-105d-4d8d-8991-e7ec34b132ae","name":"from email - media","fireOn":"EVERY_PAGE","shortCircuit":false,"parent":"48190c8c-42c4-46af-8d1a-0cd5db894797","folder":"SYSTEM_FOLDER","priority":4,"enabled":true,"modDate":null,"groups":[{"id":"725fd4b1-6a63-4653-bf3d-cddbbb6be59f","ruleId":"0862904c-105d-4d8d-8991-e7ec34b132ae","operator":"AND","modDate":1488911158918,"priority":1,"conditions":[{"id":"bc7e906f-cc52-4266-a6f3-add13fdbcbe1","conditionletId":"RequestParameterConditionlet","conditionGroup":"725fd4b1-6a63-4653-bf3d-cddbbb6be59f","values":[{"id":"b87bfff1-3a57-4985-9c08-ed0524ef3ed0","ownerId":"bc7e906f-cc52-4266-a6f3-add13fdbcbe1","key":"comparison","value":"is","priority":0},{"id":"103b3a06-d1be-4232-a58e-0851b4fd394e","ownerId":"bc7e906f-cc52-4266-a6f3-add13fdbcbe1","key":"request-parameter","value":"vp","priority":0},{"id":"42fe7d5e-2033-42fc-9749-4c493922f3db","ownerId":"bc7e906f-cc52-4266-a6f3-add13fdbcbe1","key":"request-parameter-value","value":"media","priority":0}],"modDate":1488911158920,"operator":"AND","priority":1,"conditionlet":{"id":"RequestParameterConditionlet","i18nKey":"api.ruleengine.system.conditionlet.RequestParameter","parameterDefinitions":{"request-parameter":{"key":"request-parameter","i18nBaseKey":null,"defaultValue":"","inputType":{"id":"text","dataType":{"id":"text","errorMessageKey":"api.system.type.text","defaultValue":null,"constraints":{}},"placeholder":""},"priority":1},"comparison":{"key":"comparison","i18nBaseKey":null,"defaultValue":"is","inputType":{"id":"dropdown","dataType":{"id":"text","errorMessageKey":"api.system.type.text","defaultValue":null,"constraints":{}},"placeholder":"","options":{"is":{"i18nKey":"is","value":"is","priority":1,"icon":null,"rightHandArgCount":1},"isNot":{"i18nKey":"isNot","value":"isNot","priority":2,"icon":null,"rightHandArgCount":1},"exists":{"i18nKey":"exists","value":"exists","priority":3,"icon":null,"rightHandArgCount":0},"startsWith":{"i18nKey":"startsWith","value":"startsWith","priority":4,"icon":null,"rightHandArgCount":1},"endsWith":{"i18nKey":"endsWith","value":"endsWith","priority":5,"icon":null,"rightHandArgCount":1},"contains":{"i18nKey":"contains","value":"contains","priority":6,"icon":null,"rightHandArgCount":1},"regex":{"i18nKey":"regex","value":"regex","priority":7,"icon":null,"rightHandArgCount":1}},"allowAdditions":false,"minSelections":1,"maxSelections":1},"priority":2},"request-parameter-value":{"key":"request-parameter-value","i18nBaseKey":null,"defaultValue":"","inputType":{"id":"text","dataType":{"id":"text","errorMessageKey":"api.system.type.text","defaultValue":null,"constraints":{}},"placeholder":""},"priority":2}}},"parameters":{"comparison":{"id":"b87bfff1-3a57-4985-9c08-ed0524ef3ed0","ownerId":"bc7e906f-cc52-4266-a6f3-add13fdbcbe1","key":"comparison","value":"is","priority":0},"request-parameter":{"id":"103b3a06-d1be-4232-a58e-0851b4fd394e","ownerId":"bc7e906f-cc52-4266-a6f3-add13fdbcbe1","key":"request-parameter","value":"vp","priority":0},"request-parameter-value":{"id":"42fe7d5e-2033-42fc-9749-4c493922f3db","ownerId":"bc7e906f-cc52-4266-a6f3-add13fdbcbe1","key":"request-parameter-value","value":"media","priority":0}}}]}],"ruleActions":[{"id":"d43658e7-a6e7-44de-978f-c4e352aa5e40","ruleId":"0862904c-105d-4d8d-8991-e7ec34b132ae","priority":1,"actionlet":"PersonaActionlet","modDate":null,"actionDefinition":{"id":"PersonaActionlet","i18nKey":"api.system.ruleengine.actionlet.SetPersona","parameterDefinitions":{"personaIdKey":{"key":"personaIdKey","i18nBaseKey":null,"defaultValue":"","inputType":{"id":"restDropdown","dataType":{"id":"text","errorMessageKey":"api.system.type.text","defaultValue":null,"constraints":{}},"placeholder":"","optionUrl":"/api/v1/personas","jsonValueField":"key","jsonLabelField":"name","allowAdditions":false,"minSelections":1,"maxSelections":1},"priority":1}}},"parameters":{"personaIdKey":{"id":"58232fd5-5239-4c2a-a733-1317582cf699","ownerId":"d43658e7-a6e7-44de-978f-c4e352aa5e40","key":"personaIdKey","value":"34c720cd-4b46-4a67-9e4b-2117071d01f1","priority":0}}}],"owner":null,"permissionType":"com.dotmarketing.portlets.rules.model.Rule","permissionId":"0862904c-105d-4d8d-8991-e7ec34b132ae"},{"id":"30328545-6ec5-4b24-a9e8-98cecf57567e","name":"from email - Global Investor","fireOn":"EVERY_PAGE","shortCircuit":false,"parent":"48190c8c-42c4-46af-8d1a-0cd5db894797","folder":"SYSTEM_FOLDER","priority":3,"enabled":true,"modDate":null,"groups":[{"id":"8b4b1b25-3295-4fdb-af7a-3dc9b878d1e2","ruleId":"30328545-6ec5-4b24-a9e8-98cecf57567e","operator":"AND","modDate":1488911158964,"priority":1,"conditions":[{"id":"b03f983f-01dc-4648-bbc3-f0503b375393","conditionletId":"RequestParameterConditionlet","conditionGroup":"8b4b1b25-3295-4fdb-af7a-3dc9b878d1e2","values":[{"id":"095d1a72-7ab2-4856-b410-7d64ef5aba53","ownerId":"b03f983f-01dc-4648-bbc3-f0503b375393","key":"request-parameter-value","value":"globalinvestor","priority":0},{"id":"2358c469-3c68-4c1b-9767-329713e88db6","ownerId":"b03f983f-01dc-4648-bbc3-f0503b375393","key":"request-parameter","value":"vp","priority":0},{"id":"25b7c6b3-c656-4218-8335-db20a60275b3","ownerId":"b03f983f-01dc-4648-bbc3-f0503b375393","key":"comparison","value":"is","priority":0}],"modDate":1488911158966,"operator":"AND","priority":1,"conditionlet":{"id":"RequestParameterConditionlet","i18nKey":"api.ruleengine.system.conditionlet.RequestParameter","parameterDefinitions":{"request-parameter":{"key":"request-parameter","i18nBaseKey":null,"defaultValue":"","inputType":{"id":"text","dataType":{"id":"text","errorMessageKey":"api.system.type.text","defaultValue":null,"constraints":{}},"placeholder":""},"priority":1},"comparison":{"key":"comparison","i18nBaseKey":null,"defaultValue":"is","inputType":{"id":"dropdown","dataType":{"id":"text","errorMessageKey":"api.system.type.text","defaultValue":null,"constraints":{}},"placeholder":"","options":{"is":{"i18nKey":"is","value":"is","priority":1,"icon":null,"rightHandArgCount":1},"isNot":{"i18nKey":"isNot","value":"isNot","priority":2,"icon":null,"rightHandArgCount":1},"exists":{"i18nKey":"exists","value":"exists","priority":3,"icon":null,"rightHandArgCount":0},"startsWith":{"i18nKey":"startsWith","value":"startsWith","priority":4,"icon":null,"rightHandArgCount":1},"endsWith":{"i18nKey":"endsWith","value":"endsWith","priority":5,"icon":null,"rightHandArgCount":1},"contains":{"i18nKey":"contains","value":"contains","priority":6,"icon":null,"rightHandArgCount":1},"regex":{"i18nKey":"regex","value":"regex","priority":7,"icon":null,"rightHandArgCount":1}},"allowAdditions":false,"minSelections":1,"maxSelections":1},"priority":2},"request-parameter-value":{"key":"request-parameter-value","i18nBaseKey":null,"defaultValue":"","inputType":{"id":"text","dataType":{"id":"text","errorMessageKey":"api.system.type.text","defaultValue":null,"constraints":{}},"placeholder":""},"priority":2}}},"parameters":{"request-parameter-value":{"id":"095d1a72-7ab2-4856-b410-7d64ef5aba53","ownerId":"b03f983f-01dc-4648-bbc3-f0503b375393","key":"request-parameter-value","value":"globalinvestor","priority":0},"request-parameter":{"id":"2358c469-3c68-4c1b-9767-329713e88db6","ownerId":"b03f983f-01dc-4648-bbc3-f0503b375393","key":"request-parameter","value":"vp","priority":0},"comparison":{"id":"25b7c6b3-c656-4218-8335-db20a60275b3","ownerId":"b03f983f-01dc-4648-bbc3-f0503b375393","key":"comparison","value":"is","priority":0}}}]}],"ruleActions":[{"id":"1e255a30-61f9-467c-8b4b-209b1a59bbb0","ruleId":"30328545-6ec5-4b24-a9e8-98cecf57567e","priority":1,"actionlet":"PersonaActionlet","modDate":null,"actionDefinition":{"id":"PersonaActionlet","i18nKey":"api.system.ruleengine.actionlet.SetPersona","parameterDefinitions":{"personaIdKey":{"key":"personaIdKey","i18nBaseKey":null,"defaultValue":"","inputType":{"id":"restDropdown","dataType":{"id":"text","errorMessageKey":"api.system.type.text","defaultValue":null,"constraints":{}},"placeholder":"","optionUrl":"/api/v1/personas","jsonValueField":"key","jsonLabelField":"name","allowAdditions":false,"minSelections":1,"maxSelections":1},"priority":1}}},"parameters":{"personaIdKey":{"id":"92e76c51-058c-451b-aa9b-2959d8462635","ownerId":"1e255a30-61f9-467c-8b4b-209b1a59bbb0","key":"personaIdKey","value":"1c56ba62-1f41-4b81-bd62-b6eacff3ad23","priority":0}}}],"owner":null,"permissionType":"com.dotmarketing.portlets.rules.model.Rule","permissionId":"30328545-6ec5-4b24-a9e8-98cecf57567e"},{"id":"c74f08a7-6273-47ed-8f6d-f3027281cfdc","name":"from email - Job Seeker","fireOn":"EVERY_PAGE","shortCircuit":false,"parent":"48190c8c-42c4-46af-8d1a-0cd5db894797","folder":"SYSTEM_FOLDER","priority":1,"enabled":true,"modDate":null,"groups":[{"id":"f9c2bbb2-3ea5-4548-98da-ee3e5c619072","ruleId":"c74f08a7-6273-47ed-8f6d-f3027281cfdc","operator":"AND","modDate":1488911158991,"priority":1,"conditions":[{"id":"fbfd3e08-f848-4a8a-bf73-9f161e0ce171","conditionletId":"RequestParameterConditionlet","conditionGroup":"f9c2bbb2-3ea5-4548-98da-ee3e5c619072","values":[{"id":"a5dd03b9-b937-40d7-9a60-897ffabc0cdf","ownerId":"fbfd3e08-f848-4a8a-bf73-9f161e0ce171","key":"request-parameter","value":"vp","priority":0},{"id":"b2c9122d-8fae-4c12-9758-e359a9079189","ownerId":"fbfd3e08-f848-4a8a-bf73-9f161e0ce171","key":"comparison","value":"is","priority":0},{"id":"ae852115-32bc-4e9e-9630-4fe402f6ed6c","ownerId":"fbfd3e08-f848-4a8a-bf73-9f161e0ce171","key":"request-parameter-value","value":"jobs","priority":0}],"modDate":1488911158993,"operator":"AND","priority":1,"conditionlet":{"id":"RequestParameterConditionlet","i18nKey":"api.ruleengine.system.conditionlet.RequestParameter","parameterDefinitions":{"request-parameter":{"key":"request-parameter","i18nBaseKey":null,"defaultValue":"","inputType":{"id":"text","dataType":{"id":"text","errorMessageKey":"api.system.type.text","defaultValue":null,"constraints":{}},"placeholder":""},"priority":1},"comparison":{"key":"comparison","i18nBaseKey":null,"defaultValue":"is","inputType":{"id":"dropdown","dataType":{"id":"text","errorMessageKey":"api.system.type.text","defaultValue":null,"constraints":{}},"placeholder":"","options":{"is":{"i18nKey":"is","value":"is","priority":1,"icon":null,"rightHandArgCount":1},"isNot":{"i18nKey":"isNot","value":"isNot","priority":2,"icon":null,"rightHandArgCount":1},"exists":{"i18nKey":"exists","value":"exists","priority":3,"icon":null,"rightHandArgCount":0},"startsWith":{"i18nKey":"startsWith","value":"startsWith","priority":4,"icon":null,"rightHandArgCount":1},"endsWith":{"i18nKey":"endsWith","value":"endsWith","priority":5,"icon":null,"rightHandArgCount":1},"contains":{"i18nKey":"contains","value":"contains","priority":6,"icon":null,"rightHandArgCount":1},"regex":{"i18nKey":"regex","value":"regex","priority":7,"icon":null,"rightHandArgCount":1}},"allowAdditions":false,"minSelections":1,"maxSelections":1},"priority":2},"request-parameter-value":{"key":"request-parameter-value","i18nBaseKey":null,"defaultValue":"","inputType":{"id":"text","dataType":{"id":"text","errorMessageKey":"api.system.type.text","defaultValue":null,"constraints":{}},"placeholder":""},"priority":2}}},"parameters":{"request-parameter":{"id":"a5dd03b9-b937-40d7-9a60-897ffabc0cdf","ownerId":"fbfd3e08-f848-4a8a-bf73-9f161e0ce171","key":"request-parameter","value":"vp","priority":0},"comparison":{"id":"b2c9122d-8fae-4c12-9758-e359a9079189","ownerId":"fbfd3e08-f848-4a8a-bf73-9f161e0ce171","key":"comparison","value":"is","priority":0},"request-parameter-value":{"id":"ae852115-32bc-4e9e-9630-4fe402f6ed6c","ownerId":"fbfd3e08-f848-4a8a-bf73-9f161e0ce171","key":"request-parameter-value","value":"jobs","priority":0}}}]}],"ruleActions":[{"id":"b6eea9fd-810d-42b6-9265-15ec18248f3b","ruleId":"c74f08a7-6273-47ed-8f6d-f3027281cfdc","priority":1,"actionlet":"PersonaActionlet","modDate":null,"actionDefinition":{"id":"PersonaActionlet","i18nKey":"api.system.ruleengine.actionlet.SetPersona","parameterDefinitions":{"personaIdKey":{"key":"personaIdKey","i18nBaseKey":null,"defaultValue":"","inputType":{"id":"restDropdown","dataType":{"id":"text","errorMessageKey":"api.system.type.text","defaultValue":null,"constraints":{}},"placeholder":"","optionUrl":"/api/v1/personas","jsonValueField":"key","jsonLabelField":"name","allowAdditions":false,"minSelections":1,"maxSelections":1},"priority":1}}},"parameters":{"personaIdKey":{"id":"4e96fa1b-a311-48d7-aca1-8306efd82040","ownerId":"b6eea9fd-810d-42b6-9265-15ec18248f3b","key":"personaIdKey","value":"ae40a631-dfab-44d9-86d1-459dad9ae595","priority":0}}}],"owner":null,"permissionType":"com.dotmarketing.portlets.rules.model.Rule","permissionId":"c74f08a7-6273-47ed-8f6d-f3027281cfdc"},{"id":"358c3b8e-0bc1-45e8-b6ac-45d17bbead62","name":"From EU","fireOn":"EVERY_PAGE","shortCircuit":false,"parent":"48190c8c-42c4-46af-8d1a-0cd5db894797","folder":"SYSTEM_FOLDER","priority":5,"enabled":false,"modDate":null,"groups":[{"id":"7f4c575f-7cee-4f3d-b501-f99fafa56810","ruleId":"358c3b8e-0bc1-45e8-b6ac-45d17bbead62","operator":"AND","modDate":1488911158977,"priority":1,"conditions":[{"id":"34b967a3-90a5-4714-8061-fc2b32f4bd33","conditionletId":"UsersContinentConditionlet","conditionGroup":"7f4c575f-7cee-4f3d-b501-f99fafa56810","values":[{"id":"4817cfb1-dc2d-4549-9e7a-6df286aaa3cf","ownerId":"34b967a3-90a5-4714-8061-fc2b32f4bd33","key":"comparison","value":"is","priority":0},{"id":"762dd75d-6c4f-45aa-9f79-52bd4c6178a8","ownerId":"34b967a3-90a5-4714-8061-fc2b32f4bd33","key":"continent","value":"eu","priority":0}],"modDate":1488911158979,"operator":"AND","priority":1,"conditionlet":null,"parameters":{"comparison":{"id":"4817cfb1-dc2d-4549-9e7a-6df286aaa3cf","ownerId":"34b967a3-90a5-4714-8061-fc2b32f4bd33","key":"comparison","value":"is","priority":0},"continent":{"id":"762dd75d-6c4f-45aa-9f79-52bd4c6178a8","ownerId":"34b967a3-90a5-4714-8061-fc2b32f4bd33","key":"continent","value":"eu","priority":0}}}]}],"ruleActions":[{"id":"22782187-5336-4e77-a053-56f7e214ba1b","ruleId":"358c3b8e-0bc1-45e8-b6ac-45d17bbead62","priority":1,"actionlet":"PersonaActionlet","modDate":null,"actionDefinition":{"id":"PersonaActionlet","i18nKey":"api.system.ruleengine.actionlet.SetPersona","parameterDefinitions":{"personaIdKey":{"key":"personaIdKey","i18nBaseKey":null,"defaultValue":"","inputType":{"id":"restDropdown","dataType":{"id":"text","errorMessageKey":"api.system.type.text","defaultValue":null,"constraints":{}},"placeholder":"","optionUrl":"/api/v1/personas","jsonValueField":"key","jsonLabelField":"name","allowAdditions":false,"minSelections":1,"maxSelections":1},"priority":1}}},"parameters":{"personaIdKey":{"id":"bc4cfb8b-50d0-4453-942e-8b8f0801b55e","ownerId":"22782187-5336-4e77-a053-56f7e214ba1b","key":"personaIdKey","value":"1c56ba62-1f41-4b81-bd62-b6eacff3ad23","priority":0}}}],"owner":null,"permissionType":"com.dotmarketing.portlets.rules.model.Rule","permissionId":"358c3b8e-0bc1-45e8-b6ac-45d17bbead62"}]}